slug	date	updatedAt	product_cards	rakuten_afl	rakuten_raw	amazon_asin	amazon_url	amazon_short	a8mat	monetized_total	status	notes
air-frame-tent	2026-09-15	2026-09-15	5	4	0	4	0	0	0	8	card-without-link	cards NG: #3=別形式(B0FD3FRJG4)
alcohol-stove	2026-08-14	2026-08-14	5	5	0	3	0	0	0	8	ok	Amazon未設定カード 2/5 (#3,#4)
anker-power	2026-06-15	2026-09-16	5	10	0	5	5	5	0	20	ok	
attack-pack	2026-09-03	2026-09-21	5	10	0	2	0	0	0	12	ok	Amazon未設定カード 3/5 (#1,#4,#5) ｜2026-09-21 backfill(campkit-20260921-16): #3=B08LP1WWPT(オスプレー デイライトプラス OS57176・楽天SKU属性 ブランド=OSPREY/メーカー型番OS57176 ↔ Amazonページtitle「[オスプレー] デイライトプラス OS57176 ブラック ワンサイズ」一致(Amazonのメーカー型番欄はOsprey社内コード10002925)・楽天既定SKU ブラック(OS57176001)と同色・¥12,760同額・販売元 Outdoor Style サンデーマウンテン=楽天canpaneraと同一事業者・残り2点・★4.6(1,801)。osprey-backpack等の既存記事と同ASIN)
autumn-hiking-rental	2026-09-17	2026-09-17	0	0	0	0	0	0	1	1	ok	
backpack-large	2026-06-02	2026-06-02	5	10	0	0	2	2	0	12	ok	Amazon未設定カード 3/5 (#1,#2,#4)
backpack-rain-cover	2026-09-10	2026-09-10	5	5	0	0	0	0	0	5	ok	Amazon未設定カード 5/5 (#1,#2,#3,#4,#5)
barebones-light	2026-06-15	2026-06-15	4	8	0	0	4	4	0	12	ok	
bluetti-power	2026-06-15	2026-09-07	5	10	0	4	0	0	0	14	ok	Amazon未設定カード 1/5 (#5)
bonfire-furusato	2026-08-06	2026-08-06	0	1	0	0	0	0	0	1	ok	
bonfire-sheet	2026-06-08	2026-09-21	5	10	0	4	0	0	0	14	ok	Amazon未設定カード 1/5 (#4)
bonfire-stand-beginner	2025-04-21	2026-09-21	5	10	0	0	5	5	0	15	ok	
bonfire-stand-solo	2026-06-02	2026-06-02	5	10	0	4	0	0	0	14	ok	Amazon未設定カード 1/5 (#3)
bonfire-tripod	2026-08-17	2026-08-17	5	5	0	2	0	0	0	7	ok	Amazon未設定カード 3/5 (#1,#3,#5)
camp-activity-booking-flow	2026-09-16	2026-09-16	0	0	0	0	0	0	1	1	ok	
camp-activity-booking	2026-09-11	2026-09-11	0	0	0	0	0	0	1	1	ok	
camp-air-pump	2026-08-25	2026-09-21	5	5	0	2	0	0	0	7	ok	Amazon未設定カード 3/5 (#1,#2,#4) ｜2026-09-21 backfill(campkit-20260921-17): #5=B0DXZXQ2Z4(OneTigris ECOARK 電動エアーポンプ・楽天SKU属性 ブランド名=OneTigris Camping/メーカー型番=CE-CQB02-RG グリーン 4.6×4.6×5.1cm 100g ¥3,608 ↔ Amazon dp メーカー型番「CE-CQB02-T-JP-RG」(CE-CQB02＋色記号RGが一致・-T-JP は地域接尾)・Green・46×46×51mm・0.1kg・2400mAh・販売元OTG Camping Gear(OneTigris公式)・¥3,608同額・在庫あり・★3.9(42)・変種なし)
camp-backpack-beginner	2026-04-14	2026-09-21	5	5	0	5	0	0	0	10	ok	
camp-backpack-capacity-guide	2026-05-25	2026-09-21	3	3	0	2	1	1	0	6	ok	
camp-bbq-grill	2026-04-25	2026-09-21	5	5	0	3	0	0	0	8	ok	Amazon未設定カード 2/5 (#1,#2)
camp-blanket	2026-08-27	2026-08-27	5	5	0	3	0	0	0	8	ok	Amazon未設定カード 2/5 (#4,#5)
camp-burner-beginner	2026-04-08	2026-06-29	5	5	0	0	5	5	0	10	ok	
camp-chair-highback	2026-06-02	2026-06-29	5	10	0	0	5	5	0	15	ok	
camp-chair-lightweight	2024-06-05	2026-06-29	5	5	0	0	5	5	0	10	ok	
camp-coffee-dripper	2026-07-29	2026-07-29	5	5	0	2	0	0	0	7	ok	Amazon未設定カード 3/5 (#2,#4,#5)
camp-cooker-beginner	2024-06-10	2026-06-29	5	5	0	0	5	5	0	10	ok	
camp-cooler-box-beginner	2026-04-22	2026-06-29	5	5	0	0	5	5	0	10	ok	
camp-cooler-box-overall	2026-04-27	2026-09-21	5	5	0	4	0	0	0	9	ok	Amazon未設定カード 1/5 (#5)
camp-cooler-soft	2026-06-02	2026-06-02	5	10	0	2	0	0	0	12	ok	Amazon未設定カード 3/5 (#2,#4,#5)
camp-cutlery	2026-08-14	2026-08-14	5	5	0	2	0	0	0	7	ok	Amazon未設定カード 3/5 (#1,#2,#4)
camp-dust-stand	2026-08-20	2026-08-20	5	5	0	2	0	0	0	7	ok	Amazon未設定カード 3/5 (#3,#4,#5)
camp-electric-grill	2026-09-17	2026-09-17	5	5	0	4	0	0	0	9	ok	Amazon未設定カード 1/5 (#2) ｜2026-09-21 backfill(campkit-20260921-17): #2 アイリス PIHA-A20B は no-amazon: 楽天SKU 3件=ネット限定2枚 PIHA-A20B ¥7,980(既定・カード価格一致)/ネット限定3枚 PIHA-A30B ¥9,980/通常3枚 APA-139-B ¥15,800。Amazon検索「PIHA-A20B」→ B0H2YRT3QR(アイリスプラザ 網焼き風ホットプレート 2枚プレート PIHA-A20B・親B0H6HZ3MGP)を確認したが購入ボックス無し(カート不可・「すべての出品を見る」のみ)。3枚版 PIHA-A30B=B0H2YVFRXC ¥9,990 在庫ありだが別型番、通常モデル IHA-A20-B=B0C6LY26BH も別型番のため不採用。再入荷したら B0H2YRT3QR を再検討
camp-electric-heater	2026-09-02	2026-09-21	5	10	0	3	0	0	0	13	ok	Amazon未設定カード 2/5 (#4,#5) ｜2026-09-21 backfill(campkit-20260921-17): #3=B07X1JMFMJ(山善 あしもとあったかストーブ DS-F041(W)・楽天SKU属性 ブランド名=山善/メーカー型番=DS-F041(W) 400W 高さ19.5cm ¥4,280 ↔ Amazon dp メーカー型番「DS-F041(W)」文字列一致・変種「ホワイト/足元」・1.1kg・販売元Amazon.co.jp・¥3,780・在庫あり・★4.3(691)。楽天本文「2026年4月より型番変更・仕様変更なし」の注記あり。DS-F045(W)=B0G6YMSG65 は2025年モデルの別型番で不採用)
camp-fan-summer	2026-06-02	2026-06-29	5	5	0	1	0	0	0	6	ok	Amazon未設定カード 4/5 (#1,#3,#4,#5)
camp-furusato	2026-08-12	2026-08-12	0	1	0	0	0	0	0	1	ok	
camp-gear-initial-cost	2026-09-01	2026-09-01	0	0	0	0	0	0	1	1	ok	
camp-gear-rental	2026-07-29	2026-07-29	0	0	0	0	0	0	1	1	ok	
camp-gear-sale-timing	2026-08-20	2026-08-20	0	0	0	0	0	0	1	1	ok	
camp-gear-where-to-buy	2026-08-17	2026-08-17	0	0	0	0	0	0	1	1	ok	
camp-gift	2026-09-08	2026-09-08	7	7	0	5	1	1	0	13	ok	Amazon未設定カード 1/7 (#4)
camp-grill-plate	2026-05-26	2026-05-26	5	5	0	4	0	0	0	9	ok	Amazon未設定カード 1/5 (#1)
camp-hammock	2026-06-02	2026-06-02	5	10	0	3	0	0	0	13	ok	Amazon未設定カード 2/5 (#1,#4)
camp-headlight-beginner	2026-04-26	2026-06-29	5	5	0	1	2	2	0	8	ok	Amazon未設定カード 2/5 (#2,#4)
camp-hot-carpet	2026-08-31	2026-08-31	5	5	0	3	0	0	0	8	ok	Amazon未設定カード 2/5 (#2,#4) ｜2026-09-21 backfill(campkit-20260921-16): #2 山善 YZD-101FL は no-amazon: 楽天既定SKU=1畳/ライトブラウン メーカー型番YZD-101FL(LBR) 170×85cm ¥12,800(2026年8月にYZC-109FL→YZD-101FLへ型番変更・サイズ176×88→170×85に変更と楽天本文に明記)。Amazon検索「山善 ホットカーペット YZD-101FL」「YZD-101FL」「YZD-101FL OR YZD-151FL OR YZD-201FL 山善」は該当なし、「山善 ホットカーペット フローリング調 1畳 YZC-109FL」で出るのは旧型 B0DDKWVYLG(YZC-109FL(LBR) 176×88cm・現在お取り扱いできません)の変種11件のみ→別モデルかつ在庫なしで不採用。SUC-102系(B0G6YLT7P5)はフローリング調でない別シリーズ ｜2026-09-21 backfill(campkit-20260921-17): #4 日立 HHLU-S2020 は no-amazon: 楽天本文スペック表 型番=HHLU-S2020・JAN 4526044016167・176×176cm ¥14,980(SKU属性のメーカー型番は「-」)。Amazon検索「日立 ホットカーペット HHLU-S2020」「HHLU-S2020」「日立 電気カーペット HHLU」「HITACHI ホットカーペット 2畳 176×176」→ 日立製ホットカーペットは1件もヒットせず(出るのはライフジョイ/パナソニック/山善/広電等)。Amazon 出品なしと判断
camp-kettle-recommend	2026-06-02	2026-06-02	5	10	0	5	0	0	0	15	ok	
camp-knife-beginner	2026-04-20		5	5	0	0	5	5	0	10	ok	
camp-lantern-led	2024-06-15	2026-09-21	5	5	0	0	5	5	0	10	ok	
camp-lighting-guide	2026-04-23	2026-06-29	5	5	0	1	3	3	0	9	ok	Amazon未設定カード 1/5 (#5)
camp-nata	2026-08-18	2026-08-18	5	5	0	5	0	0	0	10	ok	
camp-oil-stove	2026-08-03	2026-08-03	5	5	0	3	0	0	0	8	ok	Amazon未設定カード 2/5 (#4,#5) ｜2026-09-21 backfill(campkit-20260921-17): #4 コロナ SZ-F32A(CF) は no-amazon: カードの楽天URL corona-official/0134509000 はHTTP404(桁落ち・正しくは 01345090000=SZ-F32A(CF) ¥34,800 SKU1件・型式「【2024年モデル】SZ-F32A(CF)」)→article-fix-backlog に pending 追加。Amazon検索「SZ-F32A コロナ」「CORONA SZ-F32A」「コロナ 石油ストーブ 対流形 SZ-F32A(CF)」→ 該当なし。出るのはキャプテンスタッグ×コロナ コラボ SZ-32CS(B0CJ4L42CK/B0FXWBGY2B・別型番)と SL-66D2/SL-5125 のみ。コロナストア限定モデルのため Amazon 出品なしと判断
camp-pillow	2026-06-02	2026-06-29	5	10	0	2	0	0	0	12	ok	Amazon未設定カード 3/5 (#1,#4,#5)
camp-portable-power-beginner	2026-04-23	2026-09-21	5	5	0	5	0	0	0	10	ok	
camp-rainwear	2026-06-01	2026-09-21	5	5	0	4	0	0	0	9	ok	Amazon未設定カード 1/5 (#5) ｜2026-09-21 backfill(campkit-20260921-15): #1=B08VNM2FVQ(namelessage NASR-100 上下セット・楽天SKU属性 ブランド=ネームレスエイジ/型番NASR-100 ↔ Amazonタイトル「NASR-100」一致・販売元OC(=OC STYLE)。楽天既定SKU=上下セット(ポケット無PT)/XS/[01]テラコッタ ¥8,980だがAmazon変種にXSが無くテラコッタ/XL ¥8,990を採用。※カード価格3500は現行楽天価格8,980(単品でも3,990〜)と乖離→price_unconfirmed候補)。#3=B09FXG2ZQ6(DOQMENT/カジメイク 4WAYストレッチシールドEX・楽天SKU型番7572 ↔ Amazonメーカー型番7572 一致・色サイズ18変種も一致・既定SKU ベージュ/S を採用・販売元Amazon.co.jp ¥4,442)。#4=B08ZS99S9Q(Makku アジャストマックライト AS-7100・楽天SKU型番AS-7100 ↔ Amazon製造元リファレンスAS7100/メーカー型番AS7100BLM 一致・耐水圧10000/透湿5000も一致。販売元ハンドルキング(アレグレット)¥5,480で楽天¥3,490より高い。楽天既定SKU=AS-7100/ブルー/S だがAmazon変種にブルー/Sが無くブルー/Mを採用。Makku公式出品B0C32HTGCZ系は130/140のキッズ用で不採用)。#5 MAKKU レイントラック AS-900/AS-950 は no-amazon: 楽天は「ジャケットAS-900＋パンツAS-950の上下セット¥5,050(単一SKU rain300・色サイズは項目選択)」だがAmazonはジャケット単体(B003XNMWXY系・型番AS-900-LL ¥2,962)とパンツ単体(B00GRT4CQQ系 AS-950)のみでセット出品なし(構成違い)
camp-rainy-day-plan	2026-09-02	2026-09-02	0	0	0	0	0	0	1	1	ok	
camp-rental-flow	2026-08-27	2026-08-27	0	0	0	0	0	0	1	1	ok	
camp-rental-hygiene	2026-09-09	2026-09-09	0	0	0	0	0	0	1	1	ok	
camp-rental-price	2026-08-18	2026-08-18	0	0	0	0	0	0	1	1	ok	
camp-rental-trouble	2026-08-24	2026-08-24	0	0	0	0	0	0	1	1	ok	
camp-rice-cooker	2026-09-17	2026-09-17	5	5	0	4	0	0	0	9	ok	Amazon未設定カード 1/5 (#4)
camp-skillet	2026-06-08	2026-09-02	5	10	0	5	0	0	0	15	ok	
camp-sleeping-mat	2026-03-25	2026-06-29	5	5	0	0	4	4	0	9	ok	Amazon未設定カード 1/5 (#5)
camp-smoker	2026-08-14	2026-08-14	5	5	0	4	0	0	0	9	ok	Amazon未設定カード 1/5 (#5)
camp-table-folding	2024-06-20	2026-09-21	5	5	0	1	3	3	0	9	ok	Amazon未設定カード 1/5 (#2)
camp-table-set	2026-06-02	2026-09-04	5	5	0	0	5	5	0	10	ok	
camp-tarp-beginner	2026-04-24	2026-06-29	5	5	0	0	5	5	0	10	ok	
camp-windscreen	2026-08-10	2026-08-10	5	5	0	2	0	0	0	7	ok	Amazon未設定カード 3/5 (#3,#4,#5) ｜2026-09-21 backfill(campkit-20260921-16): #4 OneTigris TC陣幕 は no-amazon(在庫切れ): 楽天SKU属性 ブランド=OneTigris Camping/メーカー型番 CE-QZM01-CB(ブラウン)・CE-QZM01-RG(アーミーグリーン) 218×130×85cm 1.9kg ¥8,390。Amazon検索「OneTigris 陣幕 TC ポリコットン」「OneTigris CE-QZM01」で同一品 B0BN3CCYJ8→子B0BWDLF3F3(メーカー型番CE-QZM01-CB ブラウン・388×218×130cm・1.87kg・★4.4(265))を確認したが「現在在庫切れ・再入荷予定なし」、アーミーグリーン(CE-QZM01-RG)の出品は検索「OneTigris 焚き火陣幕 アーミーグリーン 218」「"CE-QZM01-RG"」とも該当なし→§3-8により不採用。再入荷したら B0BWDLF3F3 を再検討
captain-stag-bonfire	2026-08-24	2026-08-24	5	5	0	5	0	0	0	10	ok	
captain-stag-chair	2026-06-15	2026-06-15	5	10	0	5	5	5	0	20	ok	
captain-stag-table	2026-06-08	2026-06-08	5	10	0	5	0	0	0	15	ok	
car-camp-bed-kit	2026-04-29	2026-09-21	3	3	0	1	0	0	0	4	ok	Amazon未設定カード 2/3 (#2,#3)
car-camp-lighting	2026-05-26	2026-09-21	5	5	0	2	0	0	0	7	ok	Amazon未設定カード 3/5 (#1,#3,#5)
car-camp-mat	2026-09-09	2026-09-21	5	5	0	2	0	0	0	7	ok	Amazon未設定カード 3/5 (#1,#4,#5)
car-shade	2026-08-14	2026-08-14	5	5	0	2	0	0	0	7	ok	Amazon未設定カード 3/5 (#1,#2,#4)
car-side-tarp	2026-06-02	2026-06-29	5	10	0	5	0	0	0	15	ok	
cassette-gas-heater	2026-08-10	2026-08-10	5	5	0	5	0	0	0	10	ok	
chair-table-furusato	2026-08-03	2026-08-03	0	1	0	0	0	0	0	1	ok	
charcoal-starter	2026-08-06	2026-09-21	5	5	0	5	0	0	0	10	ok	
closed-cell-mat	2026-09-04	2026-09-21	5	5	0	5	0	0	0	10	ok	Amazon未設定カード 0/5 ｜2026-09-21 backfill(campkit-20260921-14): #5=B07YBY4GKZ(Soomloom IXPEアルミマット ブルー 183×55×1.8cm・410g・楽天SKU outdoor-028-a0102 シングル/ブルー 55×183cm・18mm・410gと一致。楽天型番は「-」のためブランド＋寸法＋重量＋色で照合)
co-checker	2026-08-10	2026-08-10	5	5	0	1	0	0	0	6	ok	Amazon未設定カード 4/5 (#1,#2,#3,#4)
coleman-bonfire	2026-06-15	2026-06-15	4	8	0	2	0	0	0	10	ok	Amazon未設定カード 2/4 (#3,#4) ｜2026-09-21 backfill(campkit-20260921-17): #4 ファイアーディスク+テーブル セットは no-amazon: 楽天SKU属性 メーカー型番=2000031235+VP160401J01(himaraya のセット品 ¥14,077)。Amazon検索「コールマン ファイアーディスク マルチファイアプレイステーブル セット」「コールマン 焚き火台 セット 2000031235」→ ファイアーディスク単品 B01LT5ES1Q(メーカー型番2000031235・変種 40cm/ソロ30cm)のみで構成違い
coleman-chair	2026-06-15	2026-09-20	5	10	0	3	0	0	0	13	ok	Amazon未設定カード 2/5 (#2,#4)
coleman-lantern	2026-06-15	2026-06-15	5	10	0	4	5	5	0	19	ok	
coleman-sleeping-bag	2026-08-18	2026-09-16	5	5	0	3	0	0	0	8	ok	Amazon未設定カード 2/5 (#4,#5)
coleman-tent	2026-06-08	2026-09-21	4	8	0	4	4	4	0	16	ok	
coleman-two-burner	2026-06-01	2026-06-01	5	5	0	2	0	0	0	7	ok	Amazon未設定カード 3/5 (#1,#2,#4) ｜2026-09-21 backfill(campkit-20260921-17): #1・#2 とも no-amazon(構成違い): #1 楽天SKU属性 メーカー型番=2000006707+2000031294+5103A470T(ツーバーナー+キッチンテーブル+LPガス470T×2・現在¥27,307)、#2 =2000006707 + 5103A470TJAN(ツーバーナー+LPガス470T×2・現在¥15,038)。Amazon検索「コールマン パワーハウス LPツーバーナーストーブ2 2000006707」「コールマン パワーハウスLPツーバーナーストーブ2 ガス燃料×2個 セット」「コールマン 2000006707 5103A470T」→ ツーバーナー単品 B004IWR3Z6(メーカー型番2000006707・LPガス別売り・変種なし・¥12,872)、キッチンテーブル単品 B01N9SLIIE(2000031294)、470Tガスの6本/8本/12本セット(B00I78H1UE 等)のみ。バーナー+ガスのセット出品なし
compact-portable-power	2026-07-28	2026-07-28	5	5	0	4	0	0	0	9	ok	Amazon未設定カード 1/5 (#3)
cookware-furusato	2026-08-26	2026-08-26	0	1	0	0	0	0	0	1	ok	
cooler-box-day-camp	2026-05-26	2026-05-26	5	5	0	4	0	0	0	9	ok	Amazon未設定カード 1/5 (#4)
cooler-furusato	2026-07-31	2026-07-31	0	1	0	0	0	0	0	1	ok	
cooler-ice-pack	2026-07-27	2026-09-21	5	5	0	1	0	0	0	6	ok	Amazon未設定カード 4/5 (#1,#2,#4,#5)
cooler-stand	2026-09-11	2026-09-11	5	5	0	4	0	0	0	9	ok	Amazon未設定カード 1/5 (#5)
day-camp-cooler-box	2026-04-25	2026-04-25	5	5	0	3	0	0	0	8	ok	Amazon未設定カード 2/5 (#2,#3)
day-camp-grill	2026-04-27	2026-04-27	5	5	0	1	0	0	0	6	ok	Amazon未設定カード 4/5 (#1,#2,#3,#4)
day-camp-led-lantern	2026-04-27	2026-04-27	5	5	0	2	0	0	0	7	ok	Amazon未設定カード 3/5 (#3,#4,#5)
day-camp-starter-set	2026-04-27	2026-04-27	5	5	0	3	0	0	0	8	ok	Amazon未設定カード 2/5 (#1,#2)
day-camp-tarp-cheap	2026-04-27	2026-09-21	5	5	0	3	0	0	0	8	ok	Amazon未設定カード 2/5 (#3,#4) ｜2026-09-21 backfill(campkit-20260921-16): #5=B0CZKVNCPD(Bears Rock しろくまスクエアタープ SQT-401 カーキ・楽天SKU属性 ブランド=Bears Rock/メーカー型番SQT-401 ↔ Amazonメーカー型番「SQT-401」一致・展開300×300×210/収納58×12/耐水圧2000mmも一致・楽天既定SKU カーキ(セレクタ先頭)と同色の子ASINを採用(タン=B0CZKYZJTR)・販売元ホーマックス(メーカー正規販売店)・¥7,150(楽天¥6,600より高い)・残り10点・★3.8(3))
day-camp-tent	2026-05-26	2026-09-21	4	4	0	2	0	0	0	6	ok	Amazon未設定カード 2/4 (#1,#3) ｜2026-09-21 backfill(campkit-20260921-15): #2=B0GBVXC628(QUICKCAMP コンパクトシェード QC-CS180・楽天SKU属性 ブランド=クイックキャンプ/型番QC-CS180 ↔ Amazon本文「メーカー品番：QC-CS180」一致・展開180×150×130/収納60×15×15/3.3kg/耐水圧3000mmも一致・販売元YOCABITO同一・既定SKU サンドベージュ/PUコーティング ¥6,990(カード価格と同額)を採用。※カードname/description/badgeは「遮光100% ブラックコーティング」を謳うが、それは同ページ別SKU グレー/ブラックコーティング ¥8,990(Amazon B0GBWCXMPM)の仕様で、price 6990 はPU版の価格→表記と価格が別SKUを指す不整合・別タスク)。#1 Noone ワンタッチテント200×320 は no-amazon: 楽天SKU属性 ブランド=-/型番TNT-200(店舗コード)の無名OEM、Amazon検索「ワンタッチテント TNT-200 200×320 フルクローズ」は禄越/ENDLESS BASE等の別OEMのみ。#3 and wander×エアバギー ポップアップテント は no-amazon: 楽天ページ dogcart/000000004987405 がHTTP404で仕様確認不可(discontinued_404候補)、Amazon検索「and wander ポップアップテント エアバギー」はCROWN SHADES/EchoSmile等の無関係商品のみで出品なし
deuter-backpack	2026-06-15	2026-09-21	5	10	0	1	0	0	0	11	ok	Amazon未設定カード 4/5 (#1,#2,#3,#5)
disaster-camp-gear	2026-08-25	2026-08-25	0	0	0	0	0	0	1	1	ok	
disaster-portable-power	2026-08-19	2026-09-21	5	5	0	3	0	0	0	8	ok	Amazon未設定カード 2/5 (#2,#4)
disaster-radio	2026-08-28	2026-08-28	5	5	0	3	0	0	0	8	ok	Amazon未設定カード 2/5 (#1,#4)
dod-chair	2026-06-08	2026-06-08	2	4	0	2	2	2	0	8	ok	
dod-table	2026-06-15	2026-09-21	4	8	0	2	0	0	0	10	ok	Amazon未設定カード 2/4 (#2,#4)
dod-tarp	2026-06-08	2026-06-08	4	7	0	4	4	4	0	15	ok	
dod-tent	2026-06-02	2026-09-21	5	10	0	4	0	0	0	14	ok	Amazon未設定カード 1/5 (#1)
duo-tent	2026-08-11	2026-09-11	5	5	0	5	0	0	0	10	ok	
dutch-oven	2026-06-08	2026-06-23	5	10	0	0	5	5	0	15	ok	
ecoflow-power	2026-06-08	2026-09-21	5	10	0	5	5	5	0	20	ok	
electric-blanket-camp	2026-06-08	2026-09-21	5	10	0	2	0	0	0	12	ok	Amazon未設定カード 3/5 (#1,#3,#4)
family-camp-bbq	2026-05-26	2026-09-21	5	5	0	1	0	0	0	6	ok	Amazon未設定カード 4/5 (#1,#3,#4,#5)
family-camp-chair	2026-04-28	2026-09-21	5	5	0	2	0	0	0	7	ok	Amazon未設定カード 3/5 (#1,#3,#5) ｜2026-09-21 backfill(campkit-20260921-16): #2=B0FZS14VJ7(BUNDOK ラウンジチェア BD-187WG ウォームグレー・楽天URLは livinglinks/bd-183nv だが実ページの商品番号はBD-187、SKU属性 メーカー型番=BD-187BLK/BD-187OL/BD-187WG ¥1,980→カードname「BD-187」と実リンク先は一致しており name不整合ではない(URLスラッグ bd-183nv は旧管理番号の名残と判断)・Amazonメーカー型番「BD-187WG」一致・50×70×78cm/2.3kg一致・楽天既定SKU ウォームグレー(セレクタ先頭)と同色・販売元リビングリンクス=楽天と同一店・¥1,980同額・通常2〜3日以内に発送・★4.1(1,294)。他色: ブラック=B0FZS2B1XN／オリーブ=B0FZS3KVLB)
family-camp-cot	2026-06-08	2026-06-08	5	10	0	2	0	0	0	12	ok	Amazon未設定カード 3/5 (#2,#3,#5)
family-camp-lantern	2026-04-24	2026-04-24	5	5	0	5	0	0	0	10	ok	
family-camp-mat	2026-05-26	2026-05-26	5	5	0	0	5	5	0	10	ok	
family-camp-summer-tent	2026-04-23	2026-09-20	5	5	0	0	3	3	0	8	ok	Amazon未設定カード 2/5 (#3,#4)
family-camp-tent	2026-04-28	2026-04-28	5	5	0	3	0	0	0	8	ok	Amazon未設定カード 2/5 (#2,#4)
family-gear-rental	2026-08-05	2026-08-05	0	0	0	0	0	0	1	1	ok	
family-summer-large-tent	2026-04-25	2026-04-25	5	5	0	2	0	0	0	7	ok	Amazon未設定カード 3/5 (#1,#3,#4)
field-rack	2026-08-05	2026-08-05	5	5	0	2	0	0	0	7	ok	Amazon未設定カード 3/5 (#2,#4,#5)
fieldoor-tent	2026-06-08	2026-09-21	5	10	0	5	0	0	0	15	ok	
fire-blower	2026-08-04	2026-09-21	5	5	0	1	0	0	0	6	ok	Amazon未設定カード 4/5 (#1,#2,#4,#5)
fire-extinguish-pot	2026-08-04	2026-08-04	5	5	0	4	0	0	0	9	ok	Amazon未設定カード 1/5 (#2)
fire-tongs	2026-06-08	2026-06-08	5	10	0	4	0	0	0	14	ok	Amazon未設定カード 1/5 (#3)
fireproof-chair	2026-08-31	2026-08-31	5	5	0	5	0	0	0	10	ok	
fireproof-gloves	2026-07-27	2026-07-27	5	5	0	1	0	0	0	6	ok	Amazon未設定カード 4/5 (#1,#2,#3,#5)
folding-cutting-board	2026-08-14	2026-08-14	5	5	0	4	0	0	0	9	ok	Amazon未設定カード 1/5 (#4)
forged-peg	2026-06-02	2026-09-21	5	10	0	3	0	0	0	13	ok	Amazon未設定カード 2/5 (#4,#5) ｜2026-09-21 backfill(campkit-20260921-14): #2=B08H1Q3M86(IWANO 鍛造ペグ 30cm/8本 ¥3,990・楽天SKU pegu30cm-8p 型番AWRFP8 ¥3,990と同額・同仕様。※カード価格990は楽天の1本SKU(AWRFP1P)の価格で name「8本」と不整合→別タスク)。#4 REIDEN は no-amazon: 楽天SKU属性 ブランド=Reiden/型番lbw-11001(レーベンウッド自社ブランド)、Amazon検索「REIDEN 鍛造ペグ」はHUNDRUP/MOON LENCE等の別OEMのみ。#5 ペグ+ハンマーセット は no-amazon: 楽天SKU属性 ブランド=nda-style/型番288965(店舗独自)の無名OEMでAmazonに同ブランド出品なし
fuji-climb-rental-vs-buy	2026-09-10	2026-09-10	0	0	0	0	0	0	1	1	ok	
furusato-camp-guide	2026-08-04	2026-08-04	0	1	0	0	0	0	0	1	ok	
furusato-camp-ticket	2026-09-08	2026-09-08	0	1	0	0	0	0	0	1	ok	
furusato-shipping-timing	2026-09-14	2026-09-14	0	1	0	0	0	0	0	1	ok	
furusato-year-end	2026-09-07	2026-09-07	0	1	0	0	0	0	0	1	ok	
gas-lantern	2026-08-13	2026-08-13	5	5	0	2	0	0	0	7	ok	Amazon未設定カード 3/5 (#1,#4,#5) ｜2026-09-21 backfill(campkit-20260921-17): #4 ルミエールランタン+LPガス セットは no-amazon: 楽天SKU属性 メーカー型番=205588+5103A230T(naturum のセット品・現在¥5,445)。Amazon検索「コールマン ルミエールランタン 205588 ガス セット」「コールマン ルミエールランタン 5103A230T」→ ランタン単品 B004IWR45A(メーカー型番205588・変種「ランタン 単品」のみ・LPガス別売り・購入ボックス無し)と 230T ガス単品/まとめ売りのみで構成違い
gear-storage-box	2026-08-06	2026-08-06	5	10	0	3	0	0	0	13	ok	Amazon未設定カード 2/5 (#2,#3)
gentos-light	2026-06-15	2026-06-15	5	10	0	0	5	5	0	15	ok	
gregory-backpack	2026-06-15	2026-09-21	5	10	0	4	0	0	0	14	ok	Amazon未設定カード 1/5 (#1)
ground-sheet	2026-07-31	2026-07-31	5	5	0	5	0	0	0	10	ok	
group-camp-rental	2026-09-15	2026-09-15	0	0	0	0	0	0	1	1	ok	
group-camp-table	2026-04-23	2026-06-29	5	5	0	0	3	3	0	8	ok	Amazon未設定カード 2/5 (#1,#4)
group-camp-tent	2026-04-29	2026-04-29	5	5	0	3	0	0	0	8	ok	Amazon未設定カード 2/5 (#3,#5) ｜2026-09-21 backfill(campkit-20260921-14): 設置0・記事無変更(updatedAt据え置き)。#3 Free-Rise HEXAGON 3×6m は no-amazon: 楽天SKU型番FR-STD36、Amazon検索「Free-Rise HEXAGON 3m×6m」に同ブランド出品なし(CROWN SHADES等の別商品のみ)。#5 FIELDOOR フィールドキャンプドーム300 は no-amazon: Amazonの同一商品B089D5L5QF(4〜6人用 フライシート付)は「在庫切れ・再入荷予定なし」で現行出品なし。ワンタッチテント300(B081RKMZM4等)は別商品のため不採用
guy-rope-recommend	2026-08-17	2026-08-17	5	5	0	2	0	0	0	7	ok	Amazon未設定カード 3/5 (#1,#3,#5)
hand-axe	2026-07-27	2026-09-21	5	5	0	3	0	0	0	8	ok	Amazon未設定カード 2/5 (#1,#3)
hanging-rack	2026-08-19	2026-08-19	5	5	0	2	0	0	0	7	ok	Amazon未設定カード 3/5 (#1,#2,#5)
headlight-rechargeable	2026-06-02	2026-06-02	5	10	0	3	0	0	0	13	ok	Amazon未設定カード 2/5 (#1,#3) ｜2026-09-21 backfill(campkit-20260921-16): #1 N-FORCE SR-01L は no-amazon(構成違い): 楽天SKU属性 ブランド=N-FORCE/メーカー型番SR-01L・付属品「本体・充電池2本・充電ケーブル」¥2,880。N-FORCEはAmazonに出品あり(正規店 FLUFFY_STORE)だが、検索「N-FORCE ヘッドライト SR-01L」「"N-FORCE" ヘッドライト」で出るのは B07FR6RLCF(メーカー型番SR-02・単3×3本または18650×2本のハイブリッド電源・充電池は付属しない・¥2,180)と SP-20A/SC-200B/SC-300R の別型番のみ。SR-02は同筐体(170g/260g・5000lm)でも充電池非同梱の別構成・別型番のため不採用
helinox-chair	2026-06-15	2026-06-15	4	8	0	0	4	4	0	12	ok	
hexa-tarp	2026-06-02	2026-06-02	5	10	0	1	0	0	0	11	ok	Amazon未設定カード 4/5 (#2,#3,#4,#5)
hot-sandwich-maker	2026-06-02	2026-06-02	5	10	0	3	0	0	0	13	ok	Amazon未設定カード 2/5 (#3,#5)
hot-water-bottle	2026-08-05	2026-08-05	5	5	0	2	0	0	0	7	ok	Amazon未設定カード 3/5 (#2,#4,#5)
infinity-chair	2026-07-28	2026-09-03	5	5	0	3	0	0	0	8	ok	Amazon未設定カード 2/5 (#2,#4)
inflatable-mat	2026-06-02	2026-09-21	5	10	0	5	0	0	0	15	ok	Amazon未設定カード 0/5 ｜2026-09-21 backfill(campkit-20260921-13): #4=B0CLV79J6K(PYKES PEAK 型番P0207IFMST-BLK)・#5=B085TBSTW4(Bears Rock MT-103F エスニックオリーブ)を設置 ｜2026-09-21 backfill(campkit-20260921-14): #1=B0CBTMQJZP(CAMDOOR 幅70cm/8cm/ブラック 単品 メーカー型番14CAMDOOR2 ¥6,450)を設置。表記差あり・人間判断で採用(2026-09-21 田之上さん: Aiflycy=CAMDOOR同一OEMとみなす)。実リンク先 luxim647/3sp02 の既定SKUは sp0208hei=プレミアムサイズ幅70cm/8cm/ブラック/枕なし(型番sp02・¥7,480)で、Amazon側も幅70cm・8cm・ブラック・200cm・単品で一致。※カード名「枕付き 幅75cm」は同ページの別SKU(sp06・10cmのみ・¥8,880)の仕様で実リンク先と不一致→商品名修正は別タスク
inner-tent-kangaroo	2026-09-09	2026-09-09	5	5	0	5	0	0	0	10	ok	
insulated-tumbler	2026-09-10	2026-09-10	5	5	0	4	0	0	0	9	ok	Amazon未設定カード 1/5 (#5)
isuka-sleeping-bag	2026-09-16	2026-09-16	5	5	0	5	0	0	0	10	ok	
iwatani-stove	2026-06-15	2026-06-15	3	6	0	3	0	0	0	9	ok	
jackery-power-station	2026-06-08	2026-09-21	5	10	0	5	5	5	0	20	ok	
karrimor-backpack	2026-06-15	2026-09-21	4	8	0	0	4	4	0	12	ok	
kids-sleeping-bag	2026-04-28	2026-08-27	5	5	0	1	0	0	0	6	ok	Amazon未設定カード 4/5 (#1,#3,#4,#5)
lantern-furusato	2026-08-24	2026-08-24	0	1	0	0	0	0	0	1	ok	
lantern-stand	2026-06-02	2026-06-02	5	10	0	1	0	0	0	11	ok	Amazon未設定カード 4/5 (#1,#2,#4,#5)
large-tarp-recommend	2026-06-02	2026-06-02	5	10	0	1	0	0	0	11	ok	Amazon未設定カード 4/5 (#1,#2,#4,#5)
large-tent-guide	2026-05-26	2026-06-29	5	5	0	0	5	5	0	10	ok	
lightweight-mountain-tent	2026-04-29	2026-06-29	5	5	0	0	5	5	0	10	ok	
log-carrier	2026-08-07	2026-08-07	5	5	0	1	0	0	0	6	ok	Amazon未設定カード 4/5 (#1,#3,#4,#5)
logos-bonfire	2026-06-08	2026-06-08	3	6	0	2	3	3	0	11	ok	
logos-sleeping-bag	2026-09-07	2026-09-07	5	5	0	4	0	0	0	9	ok	Amazon未設定カード 1/5 (#5)
logos-tent	2026-08-24	2026-08-24	5	5	0	5	0	0	0	10	ok	
low-style-bonfire	2026-09-15	2026-09-15	5	5	0	5	0	0	0	10	ok	
low-style-chair	2026-09-11	2026-09-11	5	5	0	4	0	0	0	9	ok	Amazon未設定カード 1/5 (#2)
low-style-table	2026-06-02	2026-09-21	5	10	0	2	0	0	0	12	ok	Amazon未設定カード 3/5 (#2,#4,#5)
mestin-recommend	2026-06-02	2026-06-02	5	10	0	3	0	0	0	13	ok	Amazon未設定カード 2/5 (#2,#5)
mobile-battery-camp	2026-06-02	2026-06-02	5	10	0	2	0	0	0	12	ok	Amazon未設定カード 3/5 (#2,#3,#4)
montbell-sleeping-bag	2026-07-22	2026-07-22	4	3	0	3	0	0	0	6	card-without-link	cards NG: #1=別形式(B09DBDH7VB)
moraknife	2026-07-29	2026-07-29	5	5	0	5	0	0	0	10	ok	
mountain-backpack-30l	2026-04-23	2026-09-11	5	5	0	4	0	0	0	9	ok	Amazon未設定カード 1/5 (#5) ｜2026-09-21 backfill(campkit-20260921-13)で調査: #5 は無名OEM(楽天ブランド属性=MARLE TOKYO/型番spr01・49×31×17cm・0.5kg)でAmazonに同ブランド出品なし→no-amazon。記事は無変更(updatedAtも据え置き)
mountain-camp-lantern	2026-05-26	2026-08-26	6	6	0	1	5	5	0	12	ok	
mountain-camp-mat	2026-04-25	2026-04-25	5	5	0	3	0	0	0	8	ok	Amazon未設定カード 2/5 (#1,#2)
mountain-camp-tent	2026-04-29	2026-06-29	5	5	0	1	0	0	0	6	ok	Amazon未設定カード 4/5 (#2,#3,#4,#5)
mountain-tent-cheap	2026-05-26	2026-09-21	5	5	0	3	0	0	0	8	ok	Amazon未設定カード 2/5 (#1,#3) ｜2026-09-21 backfill(campkit-20260921-15): #2=B07X38Y39Y(GEERTOP 2人用 4シーズン「Top Road 2」・楽天SKU型番は「-」のためブランド＋仕様で照合: 140×210×115cm/総重量3kg/フライ210T PU3000mm/フロア210D PU5000mm/2ドア/アルミポール2本 が楽天本文とAmazon本文で全一致・楽天既定SKU グリーン ↔ Amazon変種アーミーグリーン(他 レモン色/ナイトブルー/カモ柄)・販売元GEERTOP/出荷元Amazon ¥13,999 在庫あり)。#1 FIELDOOR フィールドキャンプドーム100 は no-amazon: 楽天SKU属性 型番「フィールドキャンプドーム100 ライト（フライシート付）」＝ライト版(20Dリップストップ/1.6kg/収納φ16×32/耐水圧1,984mm/グレー)だが、Amazonにあるのは標準版B08G44M7DL系(ポリエステル/2.2kg/収納φ18×40/耐水圧1,500mm/ライトベージュ ¥7,400)のみで別モデル。ライト版の出品は検索3回で見つからず。#3 Naturehike 1人用 20D(nh18t010-t-3) は no-amazon: 楽天ページ naturehike-direct/nh18t010-t-3 がHTTP404で仕様確認不可(discontinued_404候補)、Amazon検索「Naturehike NH18T010-T」は型番NH18A095-D(B0BBMJKHX1)等の別モデルのみ
mummy-sleeping-bag	2026-06-02	2026-08-12	5	10	0	1	0	0	0	11	ok	Amazon未設定カード 4/5 (#1,#2,#3,#4)
mysteryranch-backpack	2026-06-15	2026-09-20	4	8	0	2	0	0	0	10	ok	Amazon未設定カード 2/4 (#3,#4)
nanga-down-jacket	2026-09-14	2026-09-14	5	10	0	2	0	0	0	12	ok	Amazon未設定カード 3/5 (#1,#3,#4)
nanga-sleeping-bag	2026-06-01	2026-06-29	5	5	0	5	5	5	0	15	ok	
naturehike-mat	2026-06-08	2026-06-08	5	10	0	2	0	0	0	12	ok	Amazon未設定カード 3/5 (#1,#3,#4) ｜2026-09-21 backfill(campkit-20260921-16): #1 Naturehike 高R値エアーマット は no-amazon(既定SKU不定＋在庫切れ): 楽天ページは R4.6(CNK2450WS014・グリーン)/R5.8(CNH22DZ016・シルバー/オレンジ)/R8.8(CNK2450WS015)×サイズ7種の13SKU(¥12,490〜21,490)で既定選択なし(itemprop price=minPrice 12,490)。カード価格¥12,490に一致するのは R4.6/グリーン/レクタ型M(186×58×8cm)のみ。Amazon検索「Naturehike 高R値 エアーマット R4.6」「Naturehike CNK2450WS014」「Naturehike エアーマット R4.6 グリーン 186」→ R4.6は公式 B0D9PX96KD(グリーン長方形 186×58×8・型番TUYE)と windhike出品 B0DW454LT4(196×64×8)の2件ともに「現在在庫切れ・再入荷予定なし」。在庫ありは R5.8マミー型S B0F249YQ6R(型番TY5.8-MS ¥12,990)等の別R値/別サイズのみで、R値・厚さ・サイズを1つに特定できないため不採用
naturehike-sleeping-bag	2026-06-15	2026-06-15	5	10	0	2	5	5	0	17	ok	
naturehike-tent	2026-06-02	2026-09-21	5	10	0	4	0	0	0	14	ok	Amazon未設定カード 1/5 (#2) ｜2026-09-21 backfill(campkit-20260921-14): #1=B0D478VBQC(Naturehike公式ショップ Clould up2 Pro 20Dダークベージュ/PRO2人用 ¥23,990・楽天公式 cloud up pro 2人用 ベージュ ¥23,990と同額。楽天型番CNK2350WS020 vs Amazon型番Clouldup2-Proで文字列不一致、公式店同士の商品名・サイズ・価格で照合)。#4=B0DYF5RNY2(Naturehike公式ショップ village13 Ti Black素材 メーカー型番CNH22ZP004TB ¥66,990・楽天型番CNH22ZP004の前方一致。※楽天ページは「Village 13.0 Pro」ベーシック版¥75,990/19kgへ更新済みでカード価格56,993と乖離→price_unconfirmed候補)。#2 nh17t140-j は no-amazon: 楽天ページ404(廃番の疑い・discontinued_404候補)、Amazon検索「Naturehike NH17T140-J」ヒットなし
northface-backpack	2026-07-24	2026-07-24	5	5	0	3	0	0	0	8	ok	Amazon未設定カード 2/5 (#2,#5)
ogawa-tent	2026-08-26	2026-08-26	5	4	0	4	0	0	0	8	card-without-link	cards NG: #5=別形式(B0843M38FP)
oil-lantern	2026-07-27	2026-07-27	5	5	0	5	0	0	0	10	ok	
one-pole-tent	2026-06-02	2026-06-29	5	10	0	3	0	0	0	13	ok	Amazon未設定カード 2/5 (#3,#5)
one-touch-tarp	2026-07-24	2026-07-24	5	5	0	5	0	0	0	10	ok	
one-touch-tent	2026-09-03	2026-09-03	5	10	0	2	0	0	0	12	ok	Amazon未設定カード 3/5 (#1,#2,#3)
osprey-backpack	2026-06-15	2026-09-21	4	8	0	4	0	0	0	12	ok	
osprey-daily-backpack	2026-08-07	2026-08-07	5	5	0	5	0	0	0	10	ok	
outdoor-coffee-mill	2026-08-12	2026-08-12	5	5	0	3	0	0	0	8	ok	Amazon未設定カード 2/5 (#4,#5)
outdoor-kitchen-table	2026-08-12	2026-09-21	5	5	0	2	0	0	0	7	ok	Amazon未設定カード 3/5 (#3,#4,#5)
outdoor-wagon	2026-08-03	2026-08-03	5	5	0	2	0	0	0	7	ok	Amazon未設定カード 3/5 (#3,#4,#5)
peg-hammer	2026-07-30	2026-07-30	5	5	0	2	0	0	0	7	ok	Amazon未設定カード 3/5 (#1,#3,#5)
petzl-headlight	2026-09-16	2026-09-16	5	5	0	5	0	0	0	10	ok	
portable-cooler-aircon	2026-07-31	2026-07-31	5	5	0	2	0	0	0	7	ok	Amazon未設定カード 3/5 (#2,#3,#5)
portable-electric-kettle	2026-08-14	2026-08-14	5	5	0	3	0	0	0	8	ok	Amazon未設定カード 2/5 (#1,#2)
portable-fridge	2026-06-02	2026-09-21	5	10	0	1	0	0	0	11	ok	Amazon未設定カード 4/5 (#1,#3,#4,#5)
portable-power-guide	2026-07-21	2026-09-20	3	3	0	3	0	0	0	6	ok	
portable-power-large	2026-06-08	2026-09-21	5	10	0	4	0	0	0	14	ok	Amazon未設定カード 1/5 (#5)
portable-power-vehicle-camp	2026-04-24	2026-09-21	5	5	0	4	0	0	0	9	ok	Amazon未設定カード 1/5 (#3)
power-furusato	2026-07-31	2026-07-31	0	1	0	0	0	0	0	1	ok	
pup-tent	2026-06-02	2026-06-02	5	10	0	2	0	0	0	12	ok	Amazon未設定カード 3/5 (#2,#3,#5)
rectangle-sleeping-bag	2026-06-08	2026-06-08	5	10	0	1	0	0	0	11	ok	Amazon未設定カード 4/5 (#2,#3,#4,#5)
screen-tarp	2026-07-27	2026-07-27	5	5	0	1	0	0	0	6	ok	Amazon未設定カード 4/5 (#2,#3,#4,#5)
secondary-combustion-bonfire	2026-06-08	2026-09-21	5	10	0	4	0	0	0	14	ok	Amazon未設定カード 1/5 (#3)
sierra-cup	2026-06-08	2026-06-08	5	10	0	4	0	0	0	14	ok	Amazon未設定カード 1/5 (#2)
sleeping-bag-cover	2026-09-01	2026-09-01	5	3	0	3	0	0	0	6	card-without-link	cards NG: #3=別形式(B0FPFLL6RG); #4=別形式(B005MYCLHE)
sleeping-bag-furusato	2026-08-19	2026-08-19	0	1	0	0	0	0	0	1	ok	
sleeping-bag-liner	2026-08-13	2026-08-13	5	5	0	3	0	0	0	8	ok	Amazon未設定カード 2/5 (#3,#5)
sleeping-bag-summer-cospa	2025-04-21	2026-06-29	5	10	0	0	5	5	0	15	ok	
sleeping-bag-temperature-guide	2026-04-23	2026-09-21	5	5	0	0	4	4	0	9	ok	Amazon未設定カード 1/5 (#3)
sleeping-bag-winter-beginner	2026-04-25	2026-06-29	5	5	0	0	5	5	0	10	ok	
snowpeak-bonfire	2026-07-23	2026-07-23	5	5	0	5	0	0	0	10	ok	
snowpeak-lantern	2026-09-16	2026-09-16	5	5	0	5	0	0	0	10	ok	
snowpeak-tent	2026-07-22	2026-09-21	5	5	0	4	0	0	0	9	ok	Amazon未設定カード 1/5 (#4)
solar-lantern	2026-08-28	2026-08-28	5	5	0	2	0	0	0	7	ok	Amazon未設定カード 3/5 (#1,#2,#4)
solar-panel-folding	2026-06-08	2026-06-08	5	10	0	3	0	0	0	13	ok	Amazon未設定カード 2/5 (#3,#5)
solar-portable-power	2026-06-01	2026-06-29	5	5	0	0	5	5	0	10	ok	
solo-camp-beginners-guide	2026-04-01	2026-09-20	5	5	0	5	0	0	0	10	ok	
solo-camp-cot	2026-06-02	2026-06-02	3	3	0	3	0	0	0	6	ok	
solo-gear-rental	2026-08-28	2026-08-28	0	0	0	0	0	0	1	1	ok	
solo-tent-beginner	2025-04-21	2026-09-21	5	10	0	0	5	5	0	15	ok	
solo-tent-lightweight	2026-04-28	2026-08-28	5	5	0	0	5	5	0	10	ok	
solo-tent-overall	2026-04-29	2026-09-21	5	5	0	0	5	5	0	10	ok	
soto-burner	2026-06-15	2026-09-21	5	10	0	4	5	5	0	19	ok	
soup-jar-camp	2026-09-11	2026-09-21	5	5	0	4	0	0	0	9	ok	Amazon未設定カード 1/5 (#5) ｜2026-09-21 backfill(campkit-20260921-16): #4=B0CDL2G2DZ(アトラス フードポット AFP-301MBK マットブラック 310ml・楽天SKU属性 ブランド=アトラス/メーカー型番AFP-301MBK ↔ Amazonページtitle「…マットブラック AFP-301MBK」一致・楽天既定SKU マットブラック(セレクタ先頭・カードnameと同色)を採用(マットシルバー=B0CDL8DS78)・販売元アトラスオンラインショップ=楽天atlas-onlineと同一(メーカー直販)・¥1,380同額・在庫あり・★3.5(72)) ｜2026-09-21 backfill(campkit-20260921-17): #3=B0D9XSW2FB(サーモス 真空断熱スープジャー JED-400 GYG グレーグリーン 400ml・楽天SKU 3件=ブラックJED-400BK ¥3,206/アイボリーJED-400IV ¥3,207/グレーグリーンJED-400GYG ¥3,188。カード価格¥3,188に一致するグレーグリーンを採用 ↔ Amazon dp title「…スタンダードモデル JED-400 GYG」一致・変種「単品/グレーグリーン/400ml」・販売元Amazon.co.jp・¥2,773・在庫あり・★4.4(1,145)。他色: ブラック=B0D9XYGJZJ ¥2,600／アイボリー=B0D9XSXK9J ¥2,600)
spice-box	2026-08-24	2026-08-24	5	3	0	3	0	0	0	6	card-without-link	cards NG: #3=別形式(B0C1PBZVYJ); #5=別形式(B099NJ82YB)
stove-fan	2026-09-18	2026-09-18	5	5	0	4	0	0	0	9	ok	Amazon未設定カード 1/5 (#2)
stove-guard	2026-09-17	2026-09-17	5	5	0	5	0	0	0	10	ok	
stylish-camp-tent	2026-04-28	2026-09-08	5	5	0	3	0	0	0	8	ok	Amazon未設定カード 2/5 (#1,#5)
takibi-table	2026-07-23	2026-07-23	5	5	0	4	0	0	0	9	ok	Amazon未設定カード 1/5 (#4)
tarp-pole	2026-06-02	2026-06-02	5	10	0	1	0	0	0	11	ok	Amazon未設定カード 4/5 (#1,#2,#3,#4)
tc-tarp-takibi	2026-09-01	2026-09-01	5	5	0	2	0	0	0	7	ok	Amazon未設定カード 3/5 (#2,#4,#5)
tebura-camp	2026-07-31	2026-07-31	0	0	0	0	0	0	1	1	ok	
tent-furusato	2026-07-31	2026-07-31	0	1	0	0	0	0	0	1	ok	
tent-size-beginner-guide	2026-05-25	2026-09-20	3	3	0	2	1	1	0	6	ok	
tent-waterproof-spray	2026-09-14	2026-09-14	5	10	0	3	0	0	0	13	ok	Amazon未設定カード 2/5 (#1,#5)
tent-wood-stove	2026-07-30	2026-07-30	5	5	0	4	0	0	0	9	ok	Amazon未設定カード 1/5 (#2)
thermal-bottle	2026-08-11	2026-08-11	5	5	0	5	0	0	0	10	ok	
titanium-cooker	2026-09-07	2026-09-21	5	5	0	5	0	0	0	10	ok	Amazon未設定カード 0/5 ｜2026-09-21 backfill(campkit-20260921-16): #1=B000AR2N3K(スノーピーク チタントレック900 SCS-008T・楽天商品属性 ブランド=スノーピーク/メーカー型番SCS-008T ↔ Amazon製品型番「SCS-008T」一致・ポットφ120×107/フタφ128×39/収納φ130×140/900ml+250ml/175gも一致・変種表「900ml/チタン」を採用(1400ml/チタン=B000AR2N3U、900ml/アルミ=B000AR2N2Q)・販売元 Victoria L-Breath・¥5,940同額・在庫あり・★4.3(901)。不採用: B0CWCFBB8R(ノベルティ付き・取扱不可)/B0D31C4GR9(900ml/1400ml混在の汎用ページ・取扱不可))
titanium-mug	2026-08-11	2026-08-11	5	5	0	4	0	0	0	9	ok	Amazon未設定カード 1/5 (#5)
torch-burner	2026-08-07	2026-08-07	5	5	0	2	0	0	0	7	ok	Amazon未設定カード 3/5 (#1,#2,#3)
trekking-pole	2026-08-25	2026-09-21	5	5	0	3	0	0	0	8	ok	Amazon未設定カード 2/5 (#2,#4) ｜2026-09-21 backfill(campkit-20260921-16): #5=B0DZCGHRNM(Black Diamond トレイル BD82505 アイロンレッド・楽天SKU属性 ブランド=Black Diamond/メーカー型番BD82505 ↔ Amazonメーカー型番「BD82505」文字列一致・100〜140cm/収納65cm/480g(1ペア)/アルミ合金も一致・楽天既定SKU アイロンレッド(セレクタ先頭)と同色・販売元 楽山荘・¥18,700(現行楽天価格と同額。カードprice 17,500は旧価格→price_unconfirmed候補)・残り1点。同一品の別出品 B0DYNKDCD9(title「トレイル BD82505 アイロンレッド」・メーカー型番欄はBD社グローバルコードBD110045・Amazon出荷・¥15,800・残り3点・★4.5(5))は型番欄が不一致のため次点。B0DZCGHRNMが在庫切れになったら B0DYNKDCD9 へ差し替え可)
two-room-tent-guide	2026-04-23	2026-06-29	5	5	0	0	5	5	0	10	ok	
uniflame-burner	2026-06-15	2026-06-15	3	6	0	3	0	0	0	9	ok	
uniflame-fire-grill	2026-07-27	2026-07-27	5	5	0	5	0	0	0	10	ok	
vastland-tent	2026-06-08	2026-06-08	5	9	0	5	0	0	0	14	ok	
waq-chair	2026-06-08	2026-06-08	5	10	0	2	0	0	0	12	ok	Amazon未設定カード 3/5 (#3,#4,#5)
washable-sleeping-bag	2026-09-15	2026-09-15	5	5	0	5	0	0	0	10	ok	
water-jug	2026-07-27	2026-07-27	5	5	0	2	0	0	0	7	ok	Amazon未設定カード 3/5 (#2,#3,#5)
waterproof-backpack	2026-06-08	2026-09-21	5	10	0	3	0	0	0	13	ok	Amazon未設定カード 2/5 (#2,#5) ｜2026-09-21 backfill(campkit-20260921-13): #1=B07PX8SH28(LAD WEATHER 型番ladbag002-bkgy ブラック×グレー 25L)・#3=B07VV1JL9D(TaoTech モデルfsb 30L ブラック)を設置。#2 tousen(楽天ブランド属性=旅行バッグ・型番なし・過去3回も該当なし)・#5 Mt.happy(型番なし・Amazonの同ブランドはサイクリングバッグのみ)は no-amazon
winter-camp-gloves	2026-06-08	2026-06-08	5	10	0	2	0	0	0	12	ok	Amazon未設定カード 3/5 (#3,#4,#5)
winter-camp-guide	2026-09-08	2026-09-08	13	13	0	9	1	1	0	23	ok	Amazon未設定カード 3/13 (#6,#12,#13)
winter-camp-rental	2026-08-31	2026-08-31	0	0	0	0	0	0	1	1	ok	
winter-camp-tent	2026-08-26	2026-08-26	5	5	0	4	0	0	0	9	ok	Amazon未設定カード 1/5 (#5)
wooden-tableware	2026-08-24	2026-08-24	5	4	0	4	0	0	0	8	card-without-link	cards NG: #1=別形式(B00ENSNSE0)
yamadougu-rental-flow	2026-09-04	2026-09-04	0	0	0	0	0	0	1	1	ok	
yamadougu-rental-price	2026-09-03	2026-09-03	0	0	0	0	0	0	1	1	ok	
yamadougu-rental-trouble	2026-09-18	2026-09-18	0	0	0	0	0	0	1	1	ok	
yamadougu-rental	2026-07-30	2026-07-30	0	0	0	0	0	0	1	1	ok	
