camp-chair-highback	ポンコタン ウルトラライト ハイバックチェア	https://amzn.to/4vlyn6Y
camp-chair-highback	モダンデコ 無重力チェア ハイバック	https://amzn.to/3SG9Cnw
camp-chair-highback	OneTigris DRAGONHIDE ハイバックチェア	https://amzn.to/4w3nd6P
camp-chair-highback	VISIONPEAKS キャンバスリラックスチェア VP1645002	https://amzn.to/44n6NdF
camp-chair-highback	LAD WEATHER アウトドアチェア ハイバック	https://amzn.to/3QAagCw
solar-portable-power	Jackery Solar Generator 2000 New 2042Wh	https://amzn.to/4w3IuNE
solar-portable-power	Jackery Solar Generator 1000 New 1070Wh	https://amzn.to/3QXgkoI
solar-portable-power	EcoFlow DELTA 3 Plus 1024Wh 220W	https://amzn.to/4vx2vfY
solar-portable-power	FOSSiBOT 3点セット 2048Wh	https://amzn.to/4afMF0w
solar-portable-power	EcoFlow DELTA 3 Classic 1024Wh 160W	https://amzn.to/4eYjmSN
sleeping-bag-temperature-guide	Camdoor 寝袋 冬用 -25℃ 封筒型	https://amzn.to/3QCs7sj
sleeping-bag-temperature-guide	ねぶくろん 230T 寝袋 封筒型	https://amzn.to/4v1Ub6U
sleeping-bag-temperature-guide	HAWK GEAR 寝袋 マミー型 -15℃	https://amzn.to/43MGsWi
sleeping-bag-temperature-guide	Soomloom ダウン 寝袋 マミー型 650FP	https://amzn.to/4eFiykD
nanga-sleeping-bag	ナンガ オーロラライト 450DX さかいや別注	https://amzn.to/4eHvGpm
nanga-sleeping-bag	ナンガ オーロラテックス 750DX オールブラック	https://amzn.to/4eyeen6
nanga-sleeping-bag	ナンガ オーロラライト 800DX スクウェア H-AURORA800SQ	https://amzn.to/4eqnqLp
nanga-sleeping-bag	ナンガ オーロラテックス 600DX オールブラック	https://amzn.to/4ac8AWy
nanga-sleeping-bag	NANGA Original Schlaf 460	https://amzn.to/4uRN9l2
dutch-oven	TSBBQ ライトステンレス ダッチオーブン 10インチ TSBBQ-005	https://amzn.to/3QutucJ
dutch-oven	スノーピーク 和鉄ダッチオーブン26 CS-520	https://amzn.to/4vjYGKO
dutch-oven	キャプテンスタッグ ダッチオーブンセット 25cm UG-3048	https://amzn.to/4vpGDTo
dutch-oven	キャプテンスタッグ ダッチオーブン 鉄鋳物 22cm UG-3061	https://amzn.to/4eCdehD
dutch-oven	TSBBQ ハーフダッチオーブン 10インチ 浅型 TSBBQ-029	https://amzn.to/4uVMZc5
solo-tent-overall	FIELDOOR テント 一人用 ドームテント ソロ シルバーコーティング	https://amzn.to/4uWmXFV
solo-tent-overall	OneTigris ポリコットンTC SOLO HOMESTEAD	https://amzn.to/4xJPIbi
solo-tent-overall	ソロベース TC BUNDOK BDK-79 パップテント	https://amzn.to/4uWmZh1
solo-tent-overall	テント 2人用 1人用 前室後室あり 4000mm耐水圧	https://amzn.to/4uXr6JD
solo-tent-overall	Bears Rock ハヤブサテント 1〜2人用 TS-201H	https://amzn.to/4vZOlDD
solo-tent-lightweight	TOMOUNT NY TENT 20D 1〜2人用	https://amzn.to/4w3IOfk
solo-tent-lightweight	PYKES PEAK ソロドーム 1人用	https://amzn.to/4b3Hcdo
solo-tent-lightweight	Bears Rock ハヤブサテント TS-201H	https://amzn.to/3SG9fcC
solo-tent-lightweight	FIELDOOR ワンタッチテント100	https://amzn.to/3QXHax1
solo-tent-lightweight	BUNDOK ソロドーム BDK-08O	https://amzn.to/43S2xTh
sleeping-bag-winter-beginner	Bears Rock -30度 封筒型 ワイド 冬用	https://amzn.to/4uNCrvF
sleeping-bag-winter-beginner	Camdoor 封筒型 -25℃ フリース	https://amzn.to/4aZ0Mrd
sleeping-bag-winter-beginner	Bears Rock -34度 マミー型 センタージップ	https://amzn.to/4afjMSf
sleeping-bag-winter-beginner	Bears Rock -15度 封筒型 オールシーズン	https://amzn.to/43S2zun
sleeping-bag-winter-beginner	AIFLYCY オールシーズン 封筒型 冬用	https://amzn.to/4gGlorU
lightweight-mountain-tent	OneTigris Hillridge 軽量テント 2人用	https://amzn.to/4xOrhK4
lightweight-mountain-tent	3f ul gear Lanshan1 超軽量760g	https://amzn.to/4eFtPRK
lightweight-mountain-tent	Teci 超軽量500g ソロ用テント	https://amzn.to/4eX3DDs
lightweight-mountain-tent	アライテント RIPEN エアライズ1	https://amzn.to/4oLJALI
lightweight-mountain-tent	TENPLAY 2人登山テント ワンポール 超軽量1.35kg	https://amzn.to/4v1UrCU
large-tent-guide	特大 3×6m 3×9m ワンタッチ タープテント	https://amzn.to/4vusmoG
large-tent-guide	2m/3m タープテント ワンタッチ サイドシート付	https://amzn.to/4uNCPu7
large-tent-guide	FIELDOOR テント 4人用 ドームテント 大型	https://amzn.to/44onMMD
large-tent-guide	タープ 530×570cm ヘキサタープ T/C FIELDOOR	https://amzn.to/4afN2YY
large-tent-guide	大型テント 6人用 ドーム型 PYKES PEAK	https://amzn.to/4vteGKE
