ファイル	slug	rank	商品名	Amazon商品URL	判定	アフィリエイトURL
worksheet2	family-camp-mat	2	キャンピングマット エアマット 自動膨張 ピロー付き 車中泊 冬用 インフレータブル ad011		該当なし	https://amzn.to/4pkzBxe
worksheet2	family-camp-mat	3	防災士監修 リバーシブル キャンピングマット 自動膨張 厚さ5cm 車中泊		該当なし	https://amzn.to/450BK7I
worksheet2	camp-backpack-beginner	2	tousen 登山リュック 40〜60L 大容量 バックパック 防水 軽量		該当なし	
worksheet2	camp-table-set	1	アウトドアテーブル 折りたたみ ベンチ2脚セット 幅90cm アルミ		該当なし	https://amzn.to/4wBnEp9
worksheet2	coleman-lantern	5	コールマン ラギッド パッカウェイランタン 電池式 LED 2000036871	https://www.amazon.co.jp/dp/B08P577J2W	一致	https://amzn.to/4w7WS8i
worksheet2	dod-tarp	1	DOD ビッグタープポール XP5-507	https://www.amazon.co.jp/dp/B079J1LN67	一致	https://amzn.to/4vy96pF
worksheet2	sleeping-bag-temperature-guide	3	Mt.happy 寝袋 マミー型 ダウン -25度 シュラフ 軽量 コンパクト		該当なし	
worksheet2	two-room-tent-guide	4	TOMOUNT テント 2ルーム TriArc Tunnel Tent V4 4人用 耐水圧2500mm		該当なし	https://amzn.to/4gBn71Z
batch3	two-room-tent-guide	4	TOMOUNT テント 2ルーム TriArc Tunnel Tent V4 4人用 耐水圧2500mm 500x310x195cm		該当なし	https://amzn.to/4gBn71Z
batch3	bonfire-stand-beginner	1	アイリスオーヤマ たき火台 TKB-ST43	https://www.amazon.co.jp/dp/B09XPYRKYL	一致	https://amzn.to/4vWLoEk
batch3	bonfire-stand-beginner	2	アイリスオーヤマ 焚き火三脚 トライポッド TKB-TP135	https://www.amazon.co.jp/dp/B09XQ4NYH4	一致	https://amzn.to/4w2PXgk
batch3	bonfire-stand-beginner	3	アイリスオーヤマ 焚き火テーブル 囲炉裏 TKB-TB98	https://www.amazon.co.jp/dp/B09XQKJ8JT	一致	https://amzn.to/4bk9TTG
batch3	bonfire-stand-beginner	4	TRGR 焚き火台 バーベキューコンロ 1〜2人用 エントリーモデル	https://www.amazon.co.jp/dp/B0D1XY14Q8	一致	https://amzn.to/4yh4S8g
batch3	bonfire-stand-beginner	5	BaTaRaN焚き火台 A4サイズ 五徳付き J05	https://www.amazon.co.jp/dp/B0CQ4T5KH8	一致	https://amzn.to/4wL0XiE
batch3	camp-burner-beginner	1	イワタニ カセットガス ジュニアコンパクトバーナー CB-JCB	https://www.amazon.co.jp/dp/B01J59SGCK	一致	https://amzn.to/4w2PZVu
batch3	camp-burner-beginner	2	SOTO AMICUS アミカス + パワーガス250トリプルミックス 2点セット	https://www.amazon.co.jp/dp/B01B36TQGS	要確認	https://amzn.to/3T2OiJ8
batch3	camp-burner-beginner	3	キャプテンスタッグ オーリック ガスバーナーコンロ・クッカーセット M-6400	https://www.amazon.co.jp/dp/B000BSCA5E	一致	https://amzn.to/4w4aeCv
batch3	camp-burner-beginner	4	SOTO レギュレーターストーブ ST-310 ＆ ボンベ ST-760 セット	https://www.amazon.co.jp/dp/B0CJB5HC85	一致	https://amzn.to/4vVaP9k
batch3	camp-burner-beginner	5	コールマン シングルバーナー アウトランダーマイクロストーブ PZ 203535	https://www.amazon.co.jp/dp/B000NIWG9W	一致	https://amzn.to/4bFIjQO
batch3	camp-chair-lightweight	1	YMBSTORE アウトドアチェア 軽量 アルミ ロータイプ	https://www.amazon.co.jp/dp/B08L4LCF56	要確認	https://amzn.to/4f1fdxG
batch3	camp-chair-lightweight	2	PONCOTAN ウルトラライトフィットチェア ロータイプ 超軽量	https://www.amazon.co.jp/dp/B09VP3XBD6	一致	https://amzn.to/4wctGwL
batch3	camp-chair-lightweight	3	PONCOTAN ウルトラライト ハイバックチェア 超軽量	https://www.amazon.co.jp/dp/B077N2M27N	一致	https://amzn.to/4vVaVhc
batch3	camp-chair-lightweight	4	Moon Lence アウトドアチェア 超軽量907g 耐荷重150kg CH-7	https://www.amazon.co.jp/dp/B0788F6Z6Z	一致	https://amzn.to/4f0VBcV
batch3	camp-chair-lightweight	5	山善 キャンパーズコレクション ディレクターチェア サイドテーブル付き DD-02WT	https://www.amazon.co.jp/dp/B0GJ82FPZC	要確認	https://amzn.to/4w1x39H
batch3	camp-cooker-beginner	1	クッカーセット アルミ 3点セット 鍋 ケトル フライパン 2-3人		該当なし	https://amzn.to/4phJcVD
batch3	camp-cooker-beginner	2	スノーピーク アルミパーソナルクッカーセット SCS-020R	https://www.amazon.co.jp/dp/B0CQYLGV9S	一致	https://amzn.to/4fzv0nu
batch3	camp-cooker-beginner	3	VASTLAND クッカー 4点セット アルミ コッヘル	https://www.amazon.co.jp/dp/B0B8LYQH14	一致	https://amzn.to/4ymqtfz
batch3	camp-cooker-beginner	4	コールマン パッカウェイクッカーセット 2000010530	https://www.amazon.co.jp/dp/B006WBD0M6	一致	https://amzn.to/3SYkzRO
batch3	camp-cooker-beginner	5	TITAN MANIA チタンクッカーセット 900ml+350ml 二段式	https://www.amazon.co.jp/dp/B0DMNLDXWP	要確認	https://amzn.to/3R9jgPk
batch3	camp-cooler-box-beginner	1	アイリスオーヤマ クーラーボックス 部活 CL-7/CL-15/CL-20/CL-25/CL-32/CL-45		該当なし	https://amzn.to/4f1IhoN
batch3	camp-cooler-box-beginner	2	ロゴス ハイパー氷点下クーラーM 12L 81670070	https://www.amazon.co.jp/dp/B004MX6O5G	一致	https://amzn.to/4haPa8r
batch3	camp-cooler-box-beginner	3	アイリスオーヤマ HUGEL VITC-40 クーラーボックス 40L チャコールグレー	https://www.amazon.co.jp/dp/B0B7RYDRRN	一致	https://amzn.to/4ppBpVS
batch3	camp-cooler-box-beginner	4	アイリスオーヤマ HUGEL VITC-20 クーラーボックス 20L チャコールグレー	https://www.amazon.co.jp/dp/B0B7S1MQ3L	一致	https://amzn.to/3TzmLPC
batch3	camp-cooler-box-beginner	5	ロゴス アクションクーラー25 ホワイト 81448033	https://www.amazon.co.jp/dp/B001ADVZ0U	一致	https://amzn.to/3RzeniA
batch3	camp-lantern-led	1	Soomloom 2Wayランタン Helio5000 300ルーメン 5000mAh	https://www.amazon.co.jp/dp/B0FKT4CV7Z	一致	https://amzn.to/4fk30mJ
batch3	camp-lantern-led	2	LEDランタン 63灯 USB 手回し ソーラー 電池 車載充電	https://www.amazon.co.jp/dp/B08GLGVGJ1	一致	https://amzn.to/3SPbT01
batch3	camp-lantern-led	3	LAD WEATHER LEDランタン 1000ルーメン 電池式 防滴防塵	https://www.amazon.co.jp/dp/B09BVG62QY	一致	https://amzn.to/4ffDxum
batch3	camp-lantern-led	4	BRUNO ブルーノ LEDランタン 電池式 無段階調光	https://www.amazon.co.jp/dp/B09D2WSXWQ	一致	https://amzn.to/4vY7ruj
batch3	camp-lantern-led	5	LEDランタン 充電式 5000mAh 1000LM 150時間		該当なし	https://amzn.to/4vtIAxw
batch3	camp-lighting-guide	1	M.O.L 充電式 LEDランタン 1200lm MOL-L1200	https://www.amazon.co.jp/dp/B0BNBGXNLY	一致	https://amzn.to/4vrRTxO
batch3	camp-lighting-guide	2	M.O.L 充電式LEDランタン MOL-L400 ロープハンドル 400lm	https://www.amazon.co.jp/dp/B08VFHJJLG	一致	https://amzn.to/4aQTeHa
batch3	camp-lighting-guide	3	バルミューダ ザ・ランタン BALMUDA The Lantern L02A	https://www.amazon.co.jp/dp/B07XF31GNH	一致	https://amzn.to/44wETMv
batch3	camp-lighting-guide	4	KZM ギルバートランタン LEDランタン 充電式		該当なし	
batch3	camp-lighting-guide	5	ledランタン ソーラーランタン 1800ルーメン 5000mAh 折り畳み		該当なし	
batch3	camp-sleeping-mat	1	インフレーターマット 8/10cm 枕付き 幅75cm 自動膨張式	https://www.amazon.co.jp/dp/B0GSZPSH57	一致	https://amzn.to/44pfNzd
batch3	camp-sleeping-mat	2	Bears Rock 自動膨張式 キャンプマット 5cm 枕付き MT-105F	https://www.amazon.co.jp/dp/B085TD65KT	一致	https://amzn.to/4bFIFXE
batch3	camp-sleeping-mat	3	コールマン キャンパーインフレーターマットハイピーク ダブル 2000036154	https://www.amazon.co.jp/dp/B07YWXNN8Z	一致	https://amzn.to/4eWrpQc
batch3	camp-sleeping-mat	4	FIELDOOR クッションマット 180cm×60cm 厚さ2cm ディンプル加工	https://www.amazon.co.jp/dp/B0DL9L8G1Y	一致	https://amzn.to/4gC5DTc
batch3	camp-sleeping-mat	5	キャンプマット R値8.93 エアーマット 8cm 自動膨張式		該当なし	
batch3	family-camp-summer-tent	1	TOMOUNT テント 2ルーム TriArc Tunnel Tent V4 4人用		該当なし	https://amzn.to/4wkKoKF
batch3	family-camp-summer-tent	2	FIELDOOR キャンプ4点セット テント+タープ+シート+ポール 4〜6人用		該当なし	https://amzn.to/4fdRTf0
batch3	family-camp-summer-tent	3	RATELWORKS BODEN ボーデン 2ルームテント RWS0111		該当なし	
batch3	family-camp-summer-tent	4	ワンタッチテント 4人用 ファミリー キャノピーテント 300		該当なし	
batch3	family-camp-summer-tent	5	WAQ Alpha TC アルファTC ファミリー用テント WAQ-TCFT1	https://www.amazon.co.jp/dp/B09S5KWBP3	一致	https://amzn.to/4gwyuYV
batch3	sleeping-bag-summer-cospa	1	シュラフ 寝袋 洗える 最大限界温度-15度 封筒型 230T 190T		該当なし	https://amzn.to/3RfnEwa
batch3	sleeping-bag-summer-cospa	2	Bears Rock -6度 封筒型 3.5シーズン ふわ暖 MX-604	https://www.amazon.co.jp/dp/B0B17P4VG1	一致	https://amzn.to/44oAjjp
batch3	sleeping-bag-summer-cospa	3	寝袋 インナーシュラフ 軽量 夏 薄手 インナーシーツ 封筒型		該当なし	https://amzn.to/3R9l3E2
batch3	sleeping-bag-summer-cospa	4	Naturehike 洗える 3.5シーズン 寝袋 封筒型 連結可能	https://www.amazon.co.jp/dp/B08CV8XM26	一致	https://amzn.to/450Akdr
batch3	sleeping-bag-summer-cospa	5	ねぶくろん 230T 1.8kg 封筒型 最大限界温度-15度	https://www.amazon.co.jp/dp/B079YGPQYQ	一致	https://amzn.to/4prUFly
batch3	solo-tent-beginner	1	BUNDOK ソロティピー BDK-75 ワンポールテント 1人用	https://www.amazon.co.jp/dp/B08VN99N8L	一致	https://amzn.to/4fcOsFn
batch3	solo-tent-beginner	2	Bears Rock ハヤブサテント TS-201H 1〜2人用	https://www.amazon.co.jp/dp/B0CZCQJWD9	一致	https://amzn.to/4fd2yGx
batch3	solo-tent-beginner	3	BUNDOK ソロベース TC BDK-79 パップテント	https://www.amazon.co.jp/dp/B07WHGJHBS	一致	https://amzn.to/4vzu3QV
batch3	solo-tent-beginner	4	BUNDOK ソロドーム BDK-08O 1人用	https://www.amazon.co.jp/dp/B0BCD74LZ1	一致	https://amzn.to/4aQTx4M
batch3	solo-tent-beginner	5	TOMOUNT ソロテント NY TENT 20D 1〜2人用	https://www.amazon.co.jp/dp/B0DBDCVPFP	一致	https://amzn.to/4vVbnMq
batch3	group-camp-table	1	ラタン調 ガーデンテーブル 180cm 折り畳み式 防水 長テーブル	https://www.amazon.co.jp/dp/B0FVWNDVZV	要確認	
batch3	group-camp-table	2	FIELDOOR アウトドアテーブル 180cm/240cm 三つ折り アルミ	https://www.amazon.co.jp/dp/B083K4J71H	一致	https://amzn.to/4fd2FBX
batch3	group-camp-table	3	waku fimac ロールトップテーブル 120×70 木目調 アルミ	https://www.amazon.co.jp/dp/B0B49NGCGY	一致	https://amzn.to/4aReqgg
batch3	group-camp-table	4	折りたたみテーブル 折りたたみベンチ 180cm 幅180×奥行70cm KM-F002		該当なし	
batch3	group-camp-table	5	キャプテンスタッグ CSクラシックス ヘキサセンターテーブル 96	https://www.amazon.co.jp/dp/B07BRSY4X1	一致	https://amzn.to/3T1XGN9
batch3	camp-table-folding	1	MERMONT アウトドアテーブル 折りたたみ アルミ 高さ調節 伸縮	https://www.amazon.co.jp/dp/B00WG5TSAK	一致	https://amzn.to/4fAr7P2
batch3	camp-table-folding	2	アウトドアテーブル メッシュ 135×60cm 二つ折り 耐荷重50kg	https://www.amazon.co.jp/dp/B0DGT6V6ZW	要確認	
batch3	camp-table-folding	3	山善 アウトドアテーブル 折りたたみ アルミ 木目 120/180/240cm	https://www.amazon.co.jp/dp/B0CZK4GLZ5	一致	https://amzn.to/4w7ewc8
batch3	camp-table-folding	4	FIELDOOR アウトドアテーブル 折りたたみ ベンチ2脚セット 幅90cm アルミ		該当なし	
batch3	camp-table-folding	5	キャンピングムーン フィールドラック 4個 メッシュ ブラック	https://www.amazon.co.jp/dp/B0DHRT2WHR	一致	https://amzn.to/4ff5mmH
batch3	camp-headlight-beginner	1	ヘッドライト N-FORCE SC-200B 最軽量32g 乾電池式	https://www.amazon.co.jp/dp/B0BYRZLMCM	一致	https://amzn.to/4w7ezVm
batch3	camp-headlight-beginner	2	ヘッドライト 充電式 センサー点灯 SR-01L		該当なし	
batch3	camp-headlight-beginner	3	ヘッドライト 充電式 N-FORCE SC-300R SC-400R	https://www.amazon.co.jp/dp/B0C8T7FK1L	一致	https://amzn.to/4vY81Z1
batch3	camp-headlight-beginner	4	ヘッドライト 6200ルーメン 充電式 高輝度		該当なし	
batch3	camp-headlight-beginner	5	LAD WEATHER ヘッドライト 超軽量42g センサー搭載		該当なし	
batch3	backpack-large	1	tousen 登山リュック 40〜60L 大容量 バックパック 防水		該当なし	
batch3	backpack-large	2	tousen 登山リュック 65L 大容量 防災リュック		該当なし	
batch3	backpack-large	3	HAWK GEAR ホークギア 防水バックパック 80L レインカバー付き	https://www.amazon.co.jp/dp/B06WLP7B8N	一致	https://amzn.to/4gy9Yqp
batch3	backpack-large	4	登山リュック 65L 大容量 防水 軽量 多機能 トレッキング		該当なし	
batch3	backpack-large	5	M-STYLE ミリタリーバッグ 90L 3WAY リュック/ショルダー/ボストン	https://www.amazon.co.jp/dp/B00T47R65W	一致	https://amzn.to/4aT5wPk
batch3	barebones-light	1	ベアボーンズ エジソン ライトスティック LED 充電式	https://www.amazon.co.jp/dp/B0BBV1T6X3	一致	https://amzn.to/4hcZ1KZ
batch3	barebones-light	2	ベアボーンズ レイルロードランタン LED 充電式 日本正規代理店品	https://www.amazon.co.jp/dp/B08P6PVBMJ	一致	https://amzn.to/4aT5zL0
batch3	barebones-light	3	ベアボーンズ ビーコンライト LED 2.0 日本正規代理店品	https://www.amazon.co.jp/dp/B07D2JVK39	一致	https://amzn.to/4gxBnIY
batch3	barebones-light	4	ベアボーンズ ミニ エジソン ランタン LED 日本正規代理店品	https://www.amazon.co.jp/dp/B084HLLQZ3	一致	https://amzn.to/3TjpmgB