short_url	asin	resolved_url	checked_date
https://amzn.to/4gy9Yqp	B06WLP7B8N	https://www.amazon.co.jp/HAWK-%E3%83%9B%E3%83%BC%E3%82%AF%E3%82%AE%E3%82%A2-%E3%83%90%E3%83%83%E3%82%AF%E3%83%91%E3%83%83%E3%82%AF-%E3%82%A2%E3%82%A6%E3%83%88%E3%83%89%E3%82%A2-%E3%83%A2%E3%82%B9%E3%8	2026-09-20
https://amzn.to/4aT5wPk	B00T47R65W	https://www.amazon.co.jp/M-Style-3WAY-%E3%83%9F%E3%83%AA%E3%82%BF%E3%83%AA%E3%83%BC%E3%83%90%E3%83%83%E3%82%B0-%E3%83%9C%E3%82%B9%E3%83%88%E3%83%B3-%E3%82%B7%E3%83%A7%E3%83%AB%E3%83%80%E3%83%BC/dp/B00	2026-09-20
https://amzn.to/4hcZ1KZ	B0BBV1T6X3	https://www.amazon.co.jp/Barebones-LIV-135-%E3%83%99%E3%82%A2%E3%83%9C%E3%83%BC%E3%83%B3%E3%82%BA-%E3%82%A8%E3%82%B8%E3%82%BD%E3%83%B3%E3%83%A9%E3%82%A4%E3%83%88%E3%82%B9%E3%83%86%E3%82%A3%E3%83%83%E3	2026-09-20
https://amzn.to/4aT5zL0	B08P6PVBMJ	https://www.amazon.co.jp/Barebones-%E3%83%99%E3%82%A2%E3%83%BC%E3%83%9C%E3%83%BC%E3%83%B3%E3%82%BA%E3%83%AA%E3%83%93%E3%83%B3%E3%82%B0-%E3%83%AC%E3%82%A4%E3%83%AB%E3%83%AD%E3%83%BC%E3%83%89%E3%83%A9%E	2026-09-20
https://amzn.to/4gxBnIY	B07D2JVK39	https://www.amazon.co.jp/BAREBONES-%E3%83%99%E3%82%A2%E3%83%9C%E3%83%BC%E3%83%B3%E3%82%BA-%E3%83%93%E3%83%BC%E3%82%B3%E3%83%B3%E3%83%A9%E3%82%A4%E3%83%88LED2-0-%E3%83%AC%E3%83%83%E3%83%89-%E3%80%90%E6	2026-09-20
https://amzn.to/3TjpmgB	B084HLLQZ3	https://www.amazon.co.jp/%E3%83%99%E3%82%A2%E3%83%9C%E3%83%BC%E3%83%B3%E3%82%BA-Barebones-%E3%82%A8%E3%82%B8%E3%82%BD%E3%83%B3%E3%83%A9%E3%83%B3%E3%82%BF%E3%83%B3LED-%E3%82%A2%E3%83%B3%E3%83%86%E3%82%	2026-09-20
https://amzn.to/4vWLoEk	B09XPYRKYL	https://www.amazon.co.jp/%E3%82%A2%E3%82%A4%E3%83%AA%E3%82%B9%E3%82%AA%E3%83%BC%E3%83%A4%E3%83%9E-%E7%84%9A%E3%81%8D%E7%81%AB%E3%83%86%E3%83%BC%E3%83%96%E3%83%AB-TKB-TB98-TKB-ST43-TKB-TP135/dp/B09XPYR	2026-09-20
https://amzn.to/4w2PXgk	B09XQ4NYH4	https://www.amazon.co.jp/%E3%82%A2%E3%82%A4%E3%83%AA%E3%82%B9%E3%82%AA%E3%83%BC%E3%83%A4%E3%83%9E-%E7%84%9A%E3%81%8D%E7%81%AB%E3%83%86%E3%83%BC%E3%83%96%E3%83%AB-TKB-TB98-TKB-ST43-TKB-TP135/dp/B09XQ4N	2026-09-20
https://amzn.to/4bk9TTG	B09XQKJ8JT	https://www.amazon.co.jp/%E3%82%A2%E3%82%A4%E3%83%AA%E3%82%B9%E3%82%AA%E3%83%BC%E3%83%A4%E3%83%9E-%E7%84%9A%E3%81%8D%E7%81%AB%E3%83%86%E3%83%BC%E3%83%96%E3%83%AB-TKB-TB98-TKB-ST43-TKB-TP135/dp/B09XQKJ	2026-09-20
https://amzn.to/4yh4S8g	B0D1XY14Q8	https://www.amazon.co.jp/TRGR-%E3%83%90%E3%83%BC%E3%83%99%E3%82%AD%E3%83%A5%E3%83%BC%E3%82%B3%E3%83%B3%E3%83%AD-%E3%82%A8%E3%83%B3%E3%83%88%E3%83%AA%E3%83%BC%E3%83%A2%E3%83%87%E3%83%AB-%E3%82%AD%E3%83	2026-09-20
https://amzn.to/4wL0XiE	B0CQ4T5KH8	https://www.amazon.co.jp/CHAKEYAKE-%E6%8A%98%E3%82%8A%E3%81%9F%E3%81%9F%E3%81%BF%E5%BC%8F-BaTaRaN%E7%84%9A%E3%81%8D%E7%81%AB%E5%8F%B0-%E3%82%B9%E3%83%86%E3%83%B3%E3%83%AC%E3%82%B9%E8%A3%BD-%E5%8F%8E%E	2026-09-20
https://amzn.to/44mttdZ	B00SOJJFZU	https://www.amazon.co.jp/dp/B00SOJJFZU	2026-09-20
https://amzn.to/4vjHBk8	B06WLP7B8N	https://www.amazon.co.jp/dp/B06WLP7B8N	2026-09-20
https://amzn.to/44lf2a7	B01J9LWQ7A	https://www.amazon.co.jp/dp/B01J9LWQ7A	2026-09-20
https://amzn.to/4vzg3HF	B07RWFTJ37	https://www.amazon.co.jp/dp/B07RWFTJ37	2026-09-20
https://amzn.to/4w2PZVu	B01J59SGCK	https://www.amazon.co.jp/Iwatani-%E3%82%A4%E3%83%AF%E3%82%BF%E3%83%8B-CB-JCB-%E5%B2%A9%E8%B0%B7%E7%94%A3%E6%A5%AD-%E3%82%B8%E3%83%A5%E3%83%8B%E3%82%A2%E3%82%B3%E3%83%B3%E3%83%91%E3%82%AF%E3%83%88%E3%8	2026-09-20
https://amzn.to/3T2OiJ8	B01B36TQGS	https://www.amazon.co.jp/SOTO-%E3%82%BD%E3%83%88-SOD-320CC-%E3%82%A2%E3%83%9F%E3%82%AB%E3%82%B9%E3%82%AF%E3%83%83%E3%82%AB%E3%83%BC%E3%82%B3%E3%83%B3%E3%83%9C/dp/B01B36TQGS	2026-09-20
https://amzn.to/4w4aeCv	B000BSCA5E	https://www.amazon.co.jp/%E3%82%AD%E3%83%A3%E3%83%97%E3%83%86%E3%83%B3%E3%82%B9%E3%82%BF%E3%83%83%E3%82%B0-CAPTAIN-STAG-%E4%B8%80%E4%BA%BA%E7%94%A8%E9%8D%8B%E3%82%BB%E3%83%83%E3%83%88-%E3%82%AC%E3%82%	2026-09-20
https://amzn.to/4vVaP9k	B0CJB5HC85	https://www.amazon.co.jp/%E3%82%BD%E3%83%88-SOTO-%E3%80%90%E3%82%AC%E3%82%B9%E3%83%9C%E3%83%B3%E3%83%99%E3%82%BB%E3%83%83%E3%83%88%E3%80%91-%E3%83%AC%E3%82%AE%E3%83%A5%E3%83%AC%E3%83%BC%E3%82%BF%E3%83	2026-09-20
https://amzn.to/4bFIjQO	B000NIWG9W	https://www.amazon.co.jp/%E3%82%B3%E3%83%BC%E3%83%AB%E3%83%9E%E3%83%B3-%E3%82%A2%E3%82%A6%E3%83%88%E3%83%A9%E3%83%B3%E3%83%80%E3%83%BC-%E3%83%9E%E3%82%A4%E3%82%AF%E3%83%AD%E3%82%B9%E3%83%88%E3%83%BC%E	2026-09-20
https://amzn.to/4vlyn6Y	B077N2M27N	https://www.amazon.co.jp/dp/B077N2M27N	2026-09-20
https://amzn.to/3SG9Cnw	B0D2D7WY83	https://www.amazon.co.jp/dp/B0D2D7WY83	2026-09-20
https://amzn.to/4w3nd6P	B0D4M6VXR7	https://www.amazon.co.jp/dp/B0D4M6VXR7	2026-09-20
https://amzn.to/44n6NdF	B08BYH5ZQK	https://www.amazon.co.jp/dp/B08BYH5ZQK	2026-09-20
https://amzn.to/3QAagCw	B09BF5HLRY	https://www.amazon.co.jp/dp/B09BF5HLRY	2026-09-20
https://amzn.to/4f1fdxG	B08L4LCF56	https://www.amazon.co.jp/YMB-STORE-%E3%82%A2%E3%82%A6%E3%83%88%E3%83%89%E3%82%A2-%E6%8A%98%E3%82%8A%E3%81%9F%E3%81%9F%E3%81%BF-%E3%83%8B%E3%83%A5%E3%83%BC%E3%82%B3%E3%83%A8%E3%83%BC%E3%83%86/dp/B08L4L	2026-09-20
https://amzn.to/4wctGwL	B09VP3XBD6	https://www.amazon.co.jp/PONCOTAN-%E3%82%A6%E3%83%AB%E3%83%88%E3%83%A9%E3%83%A9%E3%82%A4%E3%83%88%E3%83%95%E3%82%A3%E3%83%83%E3%83%88%E3%83%81%E3%82%A7%E3%82%A2-A7075%E8%B6%85%E3%80%85%E3%82%B8%E3%83%	2026-09-20
https://amzn.to/4vVaVhc	B077N2M27N	https://www.amazon.co.jp/PONCOTAN-%E3%82%A6%E3%83%AB%E3%83%88%E3%83%A9%E3%83%A9%E3%82%A4%E3%83%88%E3%83%95%E3%82%A3%E3%83%83%E3%83%88%E3%83%81%E3%82%A7%E3%82%A2-A7075%E8%B6%85%E3%80%85%E3%82%B8%E3%83%	2026-09-20
https://amzn.to/4f0VBcV	B0788F6Z6Z	https://www.amazon.co.jp/%E3%82%A2%E3%82%A6%E3%83%88%E3%83%89%E3%82%A2%E3%83%81%E3%82%A7%E3%82%A2-%E3%82%AD%E3%83%A3%E3%83%B3%E3%83%97%E6%A4%85%E5%AD%90-%E8%B6%85%E8%BB%BD%E9%87%8F907g-%E5%8F%8E%E7%B4	2026-09-20
https://amzn.to/4w1x39H	B0GJ82FPZC	https://www.amazon.co.jp/%E3%82%AD%E3%83%A3%E3%83%B3%E3%83%91%E3%83%BC%E3%82%BA%E3%82%B3%E3%83%AC%E3%82%AF%E3%82%B7%E3%83%A7%E3%83%B3-%E3%83%87%E3%82%A3%E3%83%AC%E3%82%AF%E3%82%BF%E3%83%BC%E3%83%81%E3	2026-09-20
https://amzn.to/4phJcVD	B0H1PGZ3CG	https://www.amazon.co.jp/Alocs-21pcs-%E3%82%AF%E3%83%83%E3%82%AB%E3%83%BC%E3%82%BB%E3%83%83%E3%83%88-%E9%A3%9F%E5%99%A8%E3%82%BB%E3%83%83%E3%83%88%E4%BB%98%E3%81%8D%E3%80%90%E6%97%A5%E6%9C%AC%E9%A3%9F	2026-09-20
https://amzn.to/4fzv0nu	B0CQYLGV9S	https://www.amazon.co.jp/%E3%80%90%E3%82%B9%E3%83%86%E3%83%83%E3%82%AB%E3%83%BC%E4%BB%98%E3%80%91%E3%82%B9%E3%83%8E%E3%83%BC%E3%83%94%E3%83%BC%E3%82%AF-snow-peak-%E3%82%A2%E3%83%AB%E3%83%9F%E3%83%91%E	2026-09-20
https://amzn.to/4ymqtfz	B0B8LYQH14	https://www.amazon.co.jp/VASTLAND-%E3%83%B4%E3%82%A1%E3%82%B9%E3%83%88%E3%83%A9%E3%83%B3%E3%83%89-4%E7%82%B9%E3%82%BB%E3%83%83%E3%83%88-%E3%82%AD%E3%83%A3%E3%83%B3%E3%83%97%E7%94%A8-%E5%8F%8E%E7%B4%8D	2026-09-20
https://amzn.to/3SYkzRO	B006WBD0M6	https://www.amazon.co.jp/%E3%82%B3%E3%83%BC%E3%83%AB%E3%83%9E%E3%83%B3-Coleman-%E3%83%91%E3%83%83%E3%82%AB%E3%82%A2%E3%82%A6%E3%82%A7%E3%82%A4%E3%82%AF%E3%83%83%E3%82%AB%E3%83%BC%E3%82%BB%E3%83%83%E3%	2026-09-20
https://amzn.to/3R9jgPk	B0DMNLDXWP	https://www.amazon.co.jp/TITAN-MANIA-%E3%83%81%E3%82%BF%E3%83%B3%E3%83%9E%E3%83%8B%E3%82%A2-%E6%8A%98%E3%82%8A%E7%95%B3%E3%81%BF%E3%83%8F%E3%83%B3%E3%83%89%E3%83%AB%E4%BB%98-%E3%82%BD%E3%83%AD%E3%82%A	2026-09-20
https://amzn.to/4f1IhoN	B0F1TSPWYW	https://www.amazon.co.jp/%E3%82%A2%E3%82%A4%E3%83%AA%E3%82%B9%E3%82%AA%E3%83%BC%E3%83%A4%E3%83%9E-IRIS-OHYAMA-VITC-15AZ-%E3%80%90Amazon-co-jp%E9%99%90%E5%AE%9A%E3%80%91%E3%82%A2%E3%82%A4%E3%83%AA%E3%8	2026-09-20
https://amzn.to/4haPa8r	B004MX6O5G	https://www.amazon.co.jp/%E3%83%AD%E3%82%B4%E3%82%B9-LOGOS-81670070-%E3%82%AF%E3%83%BC%E3%83%A9%E3%83%BC%E3%83%90%E3%83%83%E3%82%B0-%E3%83%8F%E3%82%A4%E3%83%91%E3%83%BC%E6%B0%B7%E7%82%B9%E4%B8%8B%E3%8	2026-09-20
https://amzn.to/4ppBpVS	B0B7RYDRRN	https://www.amazon.co.jp/%E3%82%A2%E3%82%A4%E3%83%AA%E3%82%B9%E3%82%AA%E3%83%BC%E3%83%A4%E3%83%9E-%E7%9C%9F%E7%A9%BA%E6%96%AD%E7%86%B1%E3%82%AF%E3%83%BC%E3%83%A9%E3%83%BC%E3%83%9C%E3%83%83%E3%82%AF%E3	2026-09-20
https://amzn.to/3TzmLPC	B0B7RYDRRN	https://www.amazon.co.jp/%E3%82%A2%E3%82%A4%E3%83%AA%E3%82%B9%E3%82%AA%E3%83%BC%E3%83%A4%E3%83%9E-%E7%9C%9F%E7%A9%BA%E6%96%AD%E7%86%B1%E3%82%AF%E3%83%BC%E3%83%A9%E3%83%BC%E3%83%9C%E3%83%83%E3%82%AF%E3	2026-09-20
https://amzn.to/3RzeniA	B001ADVZ0U	https://www.amazon.co.jp/%E3%83%AD%E3%82%B4%E3%82%B9-LOGOS-81448033-%E3%82%AF%E3%83%BC%E3%83%A9%E3%83%BC%E3%83%9C%E3%83%83%E3%82%AF%E3%82%B9-%E3%82%A2%E3%82%AF%E3%82%B7%E3%83%A7%E3%83%B3%E3%82%AF%E3%8	2026-09-20
https://amzn.to/4fk30mJ	B0FKT4CV7Z	https://www.amazon.co.jp/Soomloom-camplantern-2WAY-helio5000-Soomloom%E3%82%AD%E3%83%A3%E3%83%B3%E3%83%97%E3%83%A9%E3%83%B3%E3%82%BF%E3%83%B3Helio5000%E6%87%90%E4%B8%AD%E9%9B%BB%E7%81%AF2way%E3%82%BF%	2026-09-20
https://amzn.to/4w7ezVm	B0BYRZLMCM	https://www.amazon.co.jp/N-FORCE-%E3%83%98%E3%83%83%E3%83%89%E3%83%A9%E3%82%A4%E3%83%88-%E3%83%98%E3%83%83%E3%83%89%E3%83%A9%E3%83%B3%E3%83%97-200%E3%83%AB%E3%83%BC%E3%83%A1%E3%83%B3-SC-200B/dp/B0BYRZ	2026-09-20
https://amzn.to/4vY81Z1	B0C8T7FK1L	https://www.amazon.co.jp/%E5%85%85%E9%9B%BB%E5%BC%8F-%E3%83%98%E3%83%83%E3%83%89%E3%83%A9%E3%82%A4%E3%83%88-%E3%82%AD%E3%83%A3%E3%83%B3%E3%83%97-%E3%82%A2%E3%82%A6%E3%83%88%E3%83%89%E3%82%A2-SC-300R/d	2026-09-20
https://amzn.to/4gyYcMj	B000G2KEGW	https://www.amazon.co.jp/dp/B000G2KEGW	2026-09-20
https://amzn.to/4w48KaN	B0BXWT48YP	https://www.amazon.co.jp/dp/B0BXWT48YP	2026-09-20
https://amzn.to/3ScHloF	B0CP5NRLWS	https://www.amazon.co.jp/dp/B0CP5NRLWS	2026-09-20
https://amzn.to/4w3gF8i	B0BXWVLFVC	https://www.amazon.co.jp/dp/B0BXWVLFVC	2026-09-20
https://amzn.to/4voFdsm	B0B2DWM25S	https://www.amazon.co.jp/dp/B0B2DWM25S	2026-09-20
https://amzn.to/3SPbT01	B08GLGVGJ1	https://www.amazon.co.jp/DABADA%EF%BC%88%E3%83%80%E3%83%90%E3%83%80%EF%BC%89-LED%E3%83%A9%E3%83%B3%E3%82%BF%E3%83%B3-%E3%82%B7%E3%82%AC%E3%83%BC%E3%82%BD%E3%82%B1%E3%83%83%E3%83%88%E4%BB%98-63%E7%81%A	2026-09-20
https://amzn.to/4ffDxum	B09BVG62QY	https://www.amazon.co.jp/%E3%83%A9%E3%83%89%E3%82%A6%E3%82%A7%E3%82%B6%E3%83%BC-LED%E3%83%A9%E3%83%B3%E3%82%BF%E3%83%B3-1000%E3%83%AB%E3%83%BC%E3%83%A1%E3%83%B3-%E3%82%A2%E3%82%A6%E3%83%88%E3%83%89%E3	2026-09-20
https://amzn.to/4vY7ruj	B09D2WSXWQ	https://www.amazon.co.jp/BRUNO-%E3%83%96%E3%83%AB%E3%83%BC%E3%83%8E-LED%E3%83%A9%E3%83%B3%E3%82%BF%E3%83%B3-%E3%82%A6%E3%82%A9%E3%83%BC%E3%83%A0%E3%82%B0%E3%83%AC%E3%83%BC/dp/B09D2WSXWQ	2026-09-20
https://amzn.to/4vtIAxw	B0GHMZZ5NQ	https://www.amazon.co.jp/%E3%80%902026%E6%96%B0%E7%99%BB%E5%A0%B4%E3%80%91HAGOOGI-Type-C%E5%85%85%E9%9B%BB%E5%BC%8F-%E4%B8%80%E5%8F%B03%E5%BD%B9%EF%BC%88%E3%83%95%E3%83%83%E3%82%AF-%E3%82%AF%E3%83%AA%	2026-09-20
https://amzn.to/4vrRTxO	B0BNBGXNLY	https://www.amazon.co.jp/M-L-LED%E3%83%A9%E3%83%B3%E3%82%BF%E3%83%B3-1200lm-MOL-L1200/dp/B0BNBGXNLY	2026-09-20
https://amzn.to/4aQTeHa	B08VFHJJLG	https://www.amazon.co.jp/M-O-L-%E5%85%85%E9%9B%BB%E5%BC%8FLED%E3%83%A9%E3%83%B3%E3%82%BF%E3%83%B3-MOL-L400-%E3%82%A6%E3%82%A9%E3%83%BC%E3%83%A0%E3%82%B0%E3%83%AC%E3%83%BC-%E3%83%AD%E3%83%BC%E3%83%97%E	2026-09-20
https://amzn.to/44wETMv	B07XF31GNH	https://www.amazon.co.jp/%E3%83%90%E3%83%AB%E3%83%9F%E3%83%A5%E3%83%BC%E3%83%80-LED%E3%83%A9%E3%83%B3%E3%82%BF%E3%83%B3-BALMUDA-Lantern-L02A/dp/B07XF31GNH	2026-09-20
https://amzn.to/44pfNzd	B0GSZPSH57	https://www.amazon.co.jp/CAMDOOR-%E3%82%A8%E3%82%A2%E3%83%BC%E3%83%9E%E3%83%83%E3%83%88-%E3%80%90%E5%8F%96%E3%82%8A%E5%A4%96%E3%81%97%E5%8F%AF%E8%83%BD%E3%81%AA%E6%9E%95%E3%81%8C%E4%BB%98%E3%81%8D%E3%	2026-09-20
https://amzn.to/4bFIFXE	B085TD65KT	https://www.amazon.co.jp/Bears-Rock-%E3%83%99%E3%82%A2%E3%83%BC%E3%82%BA%E3%83%AD%E3%83%83%E3%82%AF-%E3%83%95%E3%82%A3%E3%83%83%E3%83%88%E3%82%AD%E3%83%BC%E3%83%91%E3%83%BC-%E3%82%A8%E3%82%B9%E3%83%8B	2026-09-20
https://amzn.to/4eWrpQc	B07YWXNN8Z	https://www.amazon.co.jp/Coleman-%E3%82%B3%E3%83%BC%E3%83%AB%E3%83%9E%E3%83%B3-%E3%82%AD%E3%83%A3%E3%83%B3%E3%83%91%E3%83%BC%E3%82%A4%E3%83%B3%E3%83%95%E3%83%AC%E3%83%BC%E3%82%BF%E3%83%BC%E3%83%9E%E3%	2026-09-20
https://amzn.to/4gC5DTc	B0DL9L8G1Y	https://www.amazon.co.jp/FIELDOOR-%E3%82%A2%E3%82%A6%E3%83%88%E3%83%89%E3%82%A2-%E3%83%AC%E3%82%B8%E3%83%A3%E3%83%BC%E3%83%9E%E3%83%83%E3%83%88-%E3%83%87%E3%82%A3%E3%83%B3%E3%83%97%E3%83%AB%E5%8A%A0%E	2026-09-20
https://amzn.to/4fAr7P2	B00WG5TSAK	https://www.amazon.co.jp/MERMONT-%E5%B9%85120cm-%E9%AB%98%E3%81%953%E6%AE%B5%E9%9A%8E%E8%AA%BF%E7%AF%80%E5%8F%AF%E8%83%BD-%E3%83%91%E3%83%A9%E3%82%BD%E3%83%AB%E7%94%A8%E3%83%9B%E3%83%BC%E3%83%AB%E4%BB	2026-09-20
https://amzn.to/4w7ewc8	B0CZK4GLZ5	https://www.amazon.co.jp/%E3%82%AD%E3%83%A3%E3%83%B3%E3%83%91%E3%83%BC%E3%82%BA%E3%82%B3%E3%83%AC%E3%82%AF%E3%82%B7%E3%83%A7%E3%83%B3-%E7%86%B1%E3%83%BB%E6%B0%B4%E3%81%AB%E5%BC%B7%E3%81%84-%E5%B9%8512	2026-09-20
https://amzn.to/4ff5mmH	B0DHRT2WHR	https://www.amazon.co.jp/%E3%82%AD%E3%83%A3%E3%83%B3%E3%83%94%E3%83%B3%E3%82%B0%E3%83%A0%E3%83%BC%E3%83%B3-CAMPING-MOON-%E3%83%95%E3%82%A3%E3%83%BC%E3%83%AB%E3%83%89%E3%83%A1%E3%83%83%E3%82%B7%E3%83%A	2026-09-20
https://amzn.to/4wBnEp9	B071HW4LNR	https://www.amazon.co.jp/%E3%82%A2%E3%83%AB%E3%83%9F%E3%83%86%E3%83%BC%E3%83%96%E3%83%AB-%E3%83%86%E3%83%BC%E3%83%96%E3%83%AB%E3%82%BB%E3%83%83%E3%83%88%EF%BC%88%E3%83%99%E3%83%B3%E3%83%81%E5%8F%8E%E7	2026-09-20
https://amzn.to/43PEwfC	B0DK946YTP	https://www.amazon.co.jp/dp/B0DK946YTP	2026-09-20
https://amzn.to/4voFonw	B0CX1M5MX9	https://www.amazon.co.jp/dp/B0CX1M5MX9	2026-09-20
https://amzn.to/4oMDbA4	B08Z7CDSQV	https://www.amazon.co.jp/dp/B08Z7CDSQV	2026-09-20
https://amzn.to/4w1P47k	B0FZBRJQ23	https://www.amazon.co.jp/dp/B0FZBRJQ23	2026-09-20
https://amzn.to/3Qjr5l7	B07VF37G57	https://www.amazon.co.jp/dp/B07VF37G57	2026-09-20
https://amzn.to/4elVqsq	B0CVZMZV62	https://www.amazon.co.jp/dp/B0CVZMZV62	2026-09-20
https://amzn.to/4uLj2f3	B0CZKYZJTR	https://www.amazon.co.jp/dp/B0CZKYZJTR	2026-09-20
https://amzn.to/4uPz4V8	B0BKKLQ25G	https://www.amazon.co.jp/DABADA%EF%BC%88%E3%83%80%E3%83%90%E3%83%80%EF%BC%89-%E3%83%98%E3%82%AD%E3%82%B5%E3%82%BF%E3%83%BC%E3%83%97-500cm%C3%97480cm-%E8%80%90%E6%B0%B4%E5%9C%A72000mm-%E3%82%B5%E3%83%B	2026-09-20
https://amzn.to/4oDuaJi	B09TSSD8ML	https://www.amazon.co.jp/dp/B09TSSD8ML	2026-09-20
https://amzn.to/4uQha4u	B004IWR45A	https://www.amazon.co.jp/dp/B004IWR45A	2026-09-20
https://amzn.to/3QutucJ	B07K6GXS5W	https://www.amazon.co.jp/dp/B07K6GXS5W	2026-09-20
https://amzn.to/4vjYGKO	B0053OCWU4	https://www.amazon.co.jp/dp/B0053OCWU4	2026-09-20
https://amzn.to/4vpGDTo	B07KMB13KT	https://www.amazon.co.jp/dp/B07KMB13KT	2026-09-20
https://amzn.to/4eCdehD	B07PLW2KNP	https://www.amazon.co.jp/dp/B07PLW2KNP	2026-09-20
https://amzn.to/4uVMZc5	B0B24BGQS1	https://www.amazon.co.jp/dp/B0B24BGQS1	2026-09-20
https://amzn.to/4uU9tun	B09QC3YB73	https://www.amazon.co.jp/dp/B09QC3YB73	2026-09-20
https://amzn.to/4pkzBxe	B0BVLKJPW6	https://www.amazon.co.jp/Montagna-%E3%82%AD%E3%83%A3%E3%83%B3%E3%83%97%E3%83%9E%E3%83%83%E3%83%88-%E3%82%A2%E3%82%A6%E3%83%88%E3%83%89%E3%82%A2%E3%83%9E%E3%83%83%E3%83%88-%E5%8E%9A%E3%81%BF3-5%E3%8E%9	2026-09-20
https://amzn.to/450BK7I	B08CGPHQ9L	https://www.amazon.co.jp/FIELDOOR-%E8%BB%8A%E4%B8%AD%E6%B3%8A%E3%83%9E%E3%83%83%E3%83%88-%E8%87%AA%E5%8B%95%E8%86%A8%E5%BC%B5%E3%83%9E%E3%83%83%E3%83%88%E3%83%AC%E3%82%B9-%E9%AB%98%E5%AF%86%E5%BA%A6%E	2026-09-20
https://amzn.to/3SpKNfw	B08B5YFW8F	https://www.amazon.co.jp/dp/B08B5YFW8F	2026-09-20
https://amzn.to/4adt1Cr	B0BZ8NHHWH	https://www.amazon.co.jp/dp/B0BZ8NHHWH	2026-09-20
https://amzn.to/4wkKoKF	B0GVH5KVF4	https://www.amazon.co.jp/%E3%83%84%E3%83%BC%E3%83%AB%E3%83%BC%E3%83%A0%E3%83%86%E3%83%B3%E3%83%88-230T%E3%83%9D%E3%83%AA%E3%82%A8%E3%82%B9%E3%83%86%E3%83%AB-PU3000mm-%E3%82%B0%E3%83%A9%E3%83%B3%E3%83%	2026-09-20
https://amzn.to/4fdRTf0	B0B68M969C	https://www.amazon.co.jp/FIELDOOR-%E3%83%AF%E3%83%B3%E3%82%BF%E3%83%83%E3%83%81%E3%83%86%E3%83%B3%E3%83%88300-%E3%80%90%E3%83%A9%E3%82%A4%E3%83%88%E3%83%99%E3%83%BC%E3%82%B8%E3%83%A5%E3%80%91-%E7%B4%9	2026-09-20
https://amzn.to/4gwyuYV	B09S5KWBP3	https://www.amazon.co.jp/WAQ-%E3%83%95%E3%82%A1%E3%83%9F%E3%83%AA%E3%83%BC%E7%94%A8%E3%83%86%E3%83%B3%E3%83%88-WAQ-TCTF1-TC%E3%83%AF%E3%83%B3%E3%83%9D%E3%83%BC%E3%83%AB-%E3%83%AF%E3%83%B3%E3%83%9D%E3%	2026-09-20
https://amzn.to/4ezesu7	B0DNQH9LS8	https://www.amazon.co.jp/FIELDOOR-%E3%80%90306cm%C3%97260cm%E3%80%91-PU%E3%82%B3%E3%83%BC%E3%83%86%E3%82%A3%E3%83%B3%E3%82%B0-%E3%82%B0%E3%83%A9%E3%82%B9%E3%83%95%E3%82%A1%E3%82%A4%E3%83%90%E3%83%BC-%	2026-09-20
https://amzn.to/4eoTnE1	B08TR4QFP4	https://www.amazon.co.jp/dp/B08TR4QFP4	2026-09-20
https://amzn.to/4oES0Vf	B08TQJQYX8	https://www.amazon.co.jp/dp/B08TQJQYX8	2026-09-20
https://amzn.to/4exjOpF	B08TQM4F53	https://www.amazon.co.jp/dp/B08TQM4F53	2026-09-20
https://amzn.to/4eAPjPP	B09XR78YKV	https://www.amazon.co.jp/dp/B09XR78YKV	2026-09-20
https://amzn.to/4eHe9h1	B07C54NYT5	https://www.amazon.co.jp/dp/B07C54NYT5	2026-09-20
https://amzn.to/4fd2FBX	B083K4J71H	https://www.amazon.co.jp/FIELDOOR-%E3%83%95%E3%82%A3%E3%83%BC%E3%83%AB%E3%83%89%E3%82%A2-%E4%B8%89%E3%81%A4%E6%8A%98%E3%82%8A%E5%8F%8E%E7%B4%8D%E5%BC%8F%E3%82%A2%E3%83%AB%E3%83%9F%E3%83%AC%E3%82%B8%E3	2026-09-20
https://amzn.to/4aReqgg	B0FT7BMSTT	https://www.amazon.co.jp/waku-fimac-%E3%82%A2%E3%82%A6%E3%83%88%E3%83%89%E3%82%A2%E3%83%86%E3%83%BC%E3%83%96%E3%83%AB-%E9%AB%98%E3%81%95%E8%AA%BF%E6%95%B443-63cm-%E3%83%95%E3%82%A1%E3%83%9F%E3%83%AA%E	2026-09-20
https://amzn.to/3T1XGN9	B07BRSY4X1	https://www.amazon.co.jp/%E3%82%AD%E3%83%A3%E3%83%97%E3%83%86%E3%83%B3%E3%82%B9%E3%82%BF%E3%83%83%E3%82%B0-CAPTAIN-STAG-%E3%83%98%E3%82%AD%E3%82%B5%E3%82%BB%E3%83%B3%E3%82%BF%E3%83%BC%E3%83%86%E3%83%B	2026-09-20
https://amzn.to/4gye0Ph	B079LTXKW1	https://www.amazon.co.jp/dp/B079LTXKW1	2026-09-20
https://amzn.to/4oERUgl	B0BSFFDVH6	https://www.amazon.co.jp/dp/B0BSFFDVH6	2026-09-20
https://amzn.to/3QjrlR7	B085632ZGY	https://www.amazon.co.jp/dp/B085632ZGY	2026-09-20
https://amzn.to/4g4tdrr	B079MC8SRP	https://www.amazon.co.jp/dp/B079MC8SRP	2026-09-20
https://amzn.to/4b5oL8f	B0FGNG9VKL	https://www.amazon.co.jp/dp/B0FGNG9VKL	2026-09-20
https://amzn.to/4uLL49Z	B0DM5KSLVC	https://www.amazon.co.jp/dp/B0DM5KSLVC	2026-09-20
https://amzn.to/4b4kG4a	B0FGNN97CJ	https://www.amazon.co.jp/dp/B0FGNN97CJ	2026-09-20
https://amzn.to/3SoqPSr	B0D6GFKWWX	https://www.amazon.co.jp/dp/B0D6GFKWWX	2026-09-20
https://amzn.to/4vusmoG	B0GY4HN5MD	https://www.amazon.co.jp/dp/B0GY4HN5MD	2026-09-20
https://amzn.to/4uNCPu7	B0DGQ6XWTL	https://www.amazon.co.jp/dp/B0DGQ6XWTL	2026-09-20
https://amzn.to/44onMMD	B09JG64BF7	https://www.amazon.co.jp/dp/B09JG64BF7	2026-09-20
https://amzn.to/4afN2YY	B07LF5MH9R	https://www.amazon.co.jp/dp/B07LF5MH9R	2026-09-20
https://amzn.to/4vteGKE	B09C1W43RL	https://www.amazon.co.jp/dp/B09C1W43RL	2026-09-20
https://amzn.to/4xOrhK4	B0CDWXN38R	https://www.amazon.co.jp/dp/B0CDWXN38R	2026-09-20
https://amzn.to/4eFtPRK	B0F3NT2PZY	https://www.amazon.co.jp/dp/B0F3NT2PZY	2026-09-20
https://amzn.to/4eX3DDs	B0FRS7LTMC	https://www.amazon.co.jp/dp/B0FRS7LTMC	2026-09-20
https://amzn.to/4oLJALI	B001P7CWZI	https://www.amazon.co.jp/dp/B001P7CWZI	2026-09-20
https://amzn.to/4v1UrCU	B0DBZD8GB6	https://www.amazon.co.jp/dp/B0DBZD8GB6	2026-09-20
https://amzn.to/3QVjqtm	B0792FP76X	https://www.amazon.co.jp/dp/B0792FP76X	2026-09-20
https://amzn.to/4vrl2dv	B07PLS9KFF	https://www.amazon.co.jp/%E3%82%AD%E3%83%A3%E3%83%AA%E3%83%BC%E3%83%BB%E3%82%B6%E3%83%BB%E3%82%B5%E3%83%B3-CARRY-SUN-%E3%82%BD%E3%83%BC%E3%83%A9%E3%83%BC%E3%83%A9%E3%83%B3%E3%82%BF%E3%83%B3-%E3%83%9F%	2026-09-20
https://amzn.to/4oDDehf	B08W4ZTRPT	https://www.amazon.co.jp/dp/B08W4ZTRPT	2026-09-20
https://amzn.to/3QzEIMU	B00TEZOBXE	https://www.amazon.co.jp/dp/B00TEZOBXE	2026-09-20
https://amzn.to/4uPWvxG	B0D6MV5GYK	https://www.amazon.co.jp/dp/B0D6MV5GYK	2026-09-20
https://amzn.to/4oMCzdK	B085C5H9DP	https://www.amazon.co.jp/dp/B085C5H9DP	2026-09-20
https://amzn.to/43Lg8Mj	B0DK7SXJW9	https://www.amazon.co.jp/dp/B0DK7SXJW9	2026-09-20
https://amzn.to/4eohFOs	B08CV8XM26	https://www.amazon.co.jp/dp/B08CV8XM26	2026-09-20
https://amzn.to/4aegC12	B0D9MGW7MM	https://www.amazon.co.jp/dp/B0D9MGW7MM	2026-09-20
https://amzn.to/3RfnEwa	B0GWH5S38R	https://www.amazon.co.jp/QEZER-%E3%82%B3%E3%83%B3%E3%83%91%E3%82%AF%E3%83%88%E5%8F%8E%E7%B4%8D-%E5%BF%AB%E9%81%A9%E6%B8%A9%E5%BA%A6%E7%9B%AE%E5%AE%897%E2%84%83%E3%80%9C16%E2%84%83-220%C3%9780cm-%E3%83	2026-09-20
https://amzn.to/44oAjjp	B0B17P4VG1	https://www.amazon.co.jp/Bears-Rock-%E3%83%99%E3%82%A2%E3%83%BC%E3%82%BA%E3%83%AD%E3%83%83%E3%82%AF-3-5%E3%82%B7%E3%83%BC%E3%82%BA%E3%83%B3%E5%AF%BE%E5%BF%9C-%E3%82%B9%E3%83%A2%E3%83%BC%E3%82%AD%E3%83	2026-09-20
https://amzn.to/3R9l3E2	B0DFW2BH1Y	https://www.amazon.co.jp/%E3%82%A4%E3%83%B3%E3%83%8A%E3%83%BC%E3%82%B7%E3%83%A5%E3%83%A9%E3%83%95-%E3%82%A4%E3%83%B3%E3%83%8A%E3%83%BC%E3%82%B7%E3%83%BC%E3%83%84-%E3%83%9C%E3%83%83%E3%82%AF%E3%82%B9%E	2026-09-20
https://amzn.to/450Akdr	B08CV8XM26	https://www.amazon.co.jp/Naturehike-%E3%82%A2%E3%82%A6%E3%83%88%E3%83%89%E3%82%A2%E3%82%AD%E3%83%A3%E3%83%B3%E3%83%97-%E3%82%B3%E3%83%B3%E3%83%91%E3%82%AF%E3%83%88-%E3%82%B9%E3%83%AA%E3%83%BC%E3%83%94	2026-09-20
https://amzn.to/4prUFly	B079YGPQYQ	https://www.amazon.co.jp/Bears-Rock-%E3%83%99%E3%82%A2%E3%83%BC%E3%82%BA%E3%83%AD%E3%83%83%E3%82%AF-4%E3%82%B7%E3%83%BC%E3%82%BA%E3%83%B3%E5%AF%BE%E5%BF%9C-TX-701/dp/B079YGPQYQ	2026-09-20
https://amzn.to/3QCs7sj	B0CSFNZHVR	https://www.amazon.co.jp/dp/B0CSFNZHVR	2026-09-20
https://amzn.to/4v1Ub6U	B079YGPQYQ	https://www.amazon.co.jp/dp/B079YGPQYQ	2026-09-20
https://amzn.to/43MGsWi	B07KY5D1KS	https://www.amazon.co.jp/dp/B07KY5D1KS	2026-09-20
https://amzn.to/4eFiykD	B07JMFSP1K	https://www.amazon.co.jp/dp/B07JMFSP1K	2026-09-20
https://amzn.to/4uNCrvF	B081ZPJP4T	https://www.amazon.co.jp/dp/B081ZPJP4T	2026-09-20
https://amzn.to/4aZ0Mrd	B0CSFNZHVR	https://www.amazon.co.jp/dp/B0CSFNZHVR	2026-09-20
https://amzn.to/4afjMSf	B0CNYCXRMC	https://www.amazon.co.jp/dp/B0CNYCXRMC	2026-09-20
https://amzn.to/43S2zun	B0GQDW6V52	https://www.amazon.co.jp/dp/B0GQDW6V52	2026-09-20
https://amzn.to/4gGlorU	B0CY4S11P3	https://www.amazon.co.jp/dp/B0CY4S11P3	2026-09-20
https://amzn.to/4w3IuNE	B0F7XGDD5D	https://www.amazon.co.jp/dp/B0F7XGDD5D	2026-09-20
https://amzn.to/3QXgkoI	B0F7XFGBKR	https://www.amazon.co.jp/dp/B0F7XFGBKR	2026-09-20
https://amzn.to/4vx2vfY	B0DB5TKW25	https://www.amazon.co.jp/dp/B0DB5TKW25	2026-09-20
https://amzn.to/4afMF0w	B0FGWJN4XM	https://www.amazon.co.jp/dp/B0FGWJN4XM	2026-09-20
https://amzn.to/4eYjmSN	B0FZL86GXC	https://www.amazon.co.jp/dp/B0FZL86GXC	2026-09-20
https://amzn.to/4fcOsFn	B08VN99N8L	https://www.amazon.co.jp/BUNDOK-%E3%83%90%E3%83%B3%E3%83%89%E3%83%83%E3%82%AF-BDK-75B-%E3%82%BD%E3%83%AD%E3%83%86%E3%82%A3%E3%83%94%E3%83%BC1/dp/B08VN99N8L	2026-09-20
https://amzn.to/4fd2yGx	B0CZCQJWD9	https://www.amazon.co.jp/Bears-Rock-%E3%83%99%E3%82%A2%E3%83%BC%E3%82%BA%E3%83%AD%E3%83%83%E3%82%AF-%E3%83%84%E3%83%BC%E3%83%AA%E3%83%B3%E3%82%B0%E3%83%86%E3%83%B3%E3%83%88-TS-201H/dp/B0CZCQJWD9	2026-09-20
https://amzn.to/4vzu3QV	B07WHGJHBS	https://www.amazon.co.jp/BUNDOK-%E3%83%90%E3%83%B3%E3%83%89%E3%83%83%E3%82%AF-BDK-79TC-%E5%8F%8E%E7%B4%8D%E3%82%B3%E3%83%B3%E3%83%91%E3%82%AF%E3%83%88-%E3%83%9A%E3%82%B0%E6%94%B9%E8%89%AF%E3%80%901%E4	2026-09-20
https://amzn.to/4aQTx4M	B0BCD74LZ1	https://www.amazon.co.jp/BUNDOK-%E3%83%90%E3%83%B3%E3%83%89%E3%83%83%E3%82%AF-%E3%82%BD%E3%83%AD%E3%83%89%E3%83%BC%E3%83%A01-%E3%82%AA%E3%83%AA%E3%83%BC%E3%83%96/dp/B0BCD74LZ1	2026-09-20
https://amzn.to/4vVbnMq	B0CQYD2JDF	https://www.amazon.co.jp/TOMOUNT-20D%E3%83%8A%E3%82%A4%E3%83%AD%E3%83%B3-%E3%83%90%E3%83%83%E3%82%AF%E3%83%91%E3%83%83%E3%82%AF%E3%83%86%E3%83%B3%E3%83%88-%E8%80%90%E6%B0%B4%E5%9C%A73000mm-%E5%89%8D%E	2026-09-20
https://amzn.to/4w3IOfk	B0DBDCVPFP	https://www.amazon.co.jp/dp/B0DBDCVPFP	2026-09-20
https://amzn.to/4b3Hcdo	B09C27KTG9	https://www.amazon.co.jp/PYKES-PEAK-%E3%83%91%E3%82%A4%E3%82%AF%E3%82%B9%E3%83%94%E3%83%BC%E3%82%AF-TOURING-OFFWHITE/dp/B09C27KTG9	2026-09-20
https://amzn.to/3SG9fcC	B0CZCQJWD9	https://www.amazon.co.jp/dp/B0CZCQJWD9	2026-09-20
https://amzn.to/3QXHax1	B08LK9Z3FK	https://www.amazon.co.jp/dp/B08LK9Z3FK	2026-09-20
https://amzn.to/43S2xTh	B0BCD74LZ1	https://www.amazon.co.jp/dp/B0BCD74LZ1	2026-09-20
https://amzn.to/4uWmXFV	B08G44M7DL	https://www.amazon.co.jp/dp/B08G44M7DL	2026-09-20
https://amzn.to/4xJPIbi	B0B1H7K61K	https://www.amazon.co.jp/dp/B0B1H7K61K	2026-09-20
https://amzn.to/4uWmZh1	B07WHGJHBS	https://www.amazon.co.jp/dp/B07WHGJHBS	2026-09-20
https://amzn.to/4uXr6JD	B0BRPNY9D7	https://www.amazon.co.jp/dp/B0BRPNY9D7	2026-09-20
https://amzn.to/4vZOlDD	B0CZCQJWD9	https://www.amazon.co.jp/dp/B0CZCQJWD9	2026-09-20
https://amzn.to/4oDDRHD	B07N6PKRZJ	https://www.amazon.co.jp/dp/B07N6PKRZJ	2026-09-20
https://amzn.to/4oJHjkj	B0861ZTY7B	https://www.amazon.co.jp/dp/B0861ZTY7B	2026-09-20
https://amzn.to/4w3gI3Y	B0BHD6D791	https://www.amazon.co.jp/dp/B0BHD6D791	2026-09-20
https://amzn.to/4aMfzFH	B0DSLJ7YZD	https://www.amazon.co.jp/dp/B0DSLJ7YZD	2026-09-20
https://amzn.to/4gBn71Z	B0GVH5KVF4	https://www.amazon.co.jp/%E3%83%84%E3%83%BC%E3%83%AB%E3%83%BC%E3%83%A0%E3%83%86%E3%83%B3%E3%83%88-230T%E3%83%9D%E3%83%AA%E3%82%A8%E3%82%B9%E3%83%86%E3%83%AB-PU3000mm-%E3%82%B0%E3%83%A9%E3%83%B3%E3%83%	2026-09-20
https://amzn.to/3QRpT8G	B0FK3Q5HP2	https://www.amazon.co.jp/dp/B0FK3Q5HP2	2026-09-20
