slug	rank	商品名	Amazon商品URL	判定	アフィリエイトURL
two-room-tent-guide	4	【TOMOUNT公式】TOMOUNT テント 2ルーム トンネルテント 防水 シルバーコーティング ファミリーテント サイドウォール付き キャンプ テント 4人用 耐水圧2500mm ツールームテント 日よけ 通気 コンパクト 収納袋付き 500x310x195cm 【TriArc Tunnel Tent V4】			
bonfire-stand-beginner	1	＼初心者必見／ たき火台 キャンプ コンパクト アイリスオーヤマ たき火 バーベキューコンロ 折りたたみ式 レジャー 焚き火 グリル 軽量 ステンレス 調理 焼き 網 ミニ焚き火台 キャンプ アウトドア 1人用 2人用 BBQ TKB-ST43			
bonfire-stand-beginner	2	＼初心者必見／焚き火三脚 焚き火 三脚 たき火スタンド アイリスオーヤマ 送料無料 トライポッド 焚火 たき火 キャンプ アウトドア レジャー バーベキュー BBQ コンパクト 収納 組立 簡単 アウトドア TKB-TP135			
bonfire-stand-beginner	3	【CAMPHACKで紹介されました！】＼初心者必見／焚き火テーブル 囲炉裏 焚き火 テーブル アイリスオーヤマ 送料無料 たき火 キャンプ アウトドア レジャー コンパクト 収納 キャンプ テーブル たき火台 キャンプ 焚き火 TKB-TB98			
bonfire-stand-beginner	4	TRGR 焚き火台 コンロ バーベキューコンロ セット ソロ 1〜2人用 軽量 焚き火 焚火台 エントリーモデル 初心者 初めて キャンプグリーブ BBQコンロ グリル 折りたたみ コンパクト たき火台 万博			
bonfire-stand-beginner	5	焚き火台 焚火台 折りたたみ式 折り畳み BaTaRaN焚き火台 軽量 A4サイズ コンパクト キャンプ 焚火 ソロ ファミリー 初心者 ステンレス製 五徳付き 収納ケース付き (J05)			
camp-burner-beginner	1	【公式】イワタニ Iwatani カセットガス バーナー ジュニアコンパクトバーナー CB-JCB アウトドア キャンプ ジュニアバーナー【送料無料】【bousai_d19】			
camp-burner-beginner	2	【4/24-27エントリーで全品5倍】 SOTO AMICUS(アミカス)+パワーガス250トリプルミックス【お得な2点セット】			
camp-burner-beginner	3	キャプテンスタッグ CAPTAIN STAG オーリック 小型 ガスバーナーコンロ・クッカーセット M-6400 ガスバーナー コンロ クッカー セット キャプテンスタッグクッカー キャプテンスタッグコンロ キャンプクッカーセット キャンプ クッカーセット ソロ キャンプ用品バーベキュー			
camp-burner-beginner	4	レギュレーターストーブ ST-310＆ボンベ ST-760 お得なセット ST-KE310 ストーブ ガスバーナー シングルバーナー キャンプ アウトドア バーベキューコンロ ボンベセット SOTO 【送料無料】			
camp-burner-beginner	5	【条件達成で最大10万ポイント獲得のチャンス！4/20〜4/30】コールマン シングルバーナー アウトランダーマイクロストーブ PZ 203535 coleman			
camp-chair-lightweight	1	＼めざましテレビで紹介されました！／ アウトドアチェア キャンプ椅子 キャンプチェア 軽量 折りたたみ椅子 アウトドア チェア コンパクト アルミ キャンプ 運動会 椅子 イス キャンプ椅子 携帯 送料無料 超軽量 YMBSTORE ハンモック オシャレ ロータイプ チェアリング			
camp-chair-lightweight	2	【楽天137週1位★累計32万脚突破】アウトドアチェア キャンプ椅子 キャンプチェア 軽量 折りたたみ椅子 アウトドア チェア コンパクト ローチェア おしゃれ キャンプ 椅子 イス チェアー 室内 ソファ代わり/ウルトラライトフィットチェア ロータイプ 超軽量 ポンコタンチェア			
camp-chair-lightweight	3	【楽天137週1位★累計32万脚突破】アウトドアチェア キャンプ椅子 キャンプチェア ハイバック 軽量 折りたたみ椅子 アウトドア チェア コンパクト キャンプ おしゃれ 椅子 イス チェアー 室内 ソファ代わり / ウルトラライト ハイバックチェア 超軽量 ポンコタンチェア			
camp-chair-lightweight	4	「お買い物マラソン」Moon Lence アウトドアチェア キャンプ椅子 折りたたみ コンパクト 超軽量907g イス 収納バッグ付き ハイキング お釣り 登山 耐荷重150kg CH-7			
camp-chair-lightweight	5	ディレクターチェア アウトドアチェア アルミ 軽量 折りたたみ サイドテーブル付き DD-02WT レジャーチェア キャンプ アウトドア バーベキュー 折りたたみ椅子 山善 YAMAZEN キャンパーズコレクション 【送料無料】			
camp-cooker-beginner	1	【楽天受賞1位】クッカー キャンプ用品 クッカーセット キャンプ 鍋 ケトル やかん アウトドア 鍋 フライパン キャンプ ソロキャンプ アルミ鍋 3点セット やかん キャンプ鍋 ティーポット 登山 軽量 コンパクトキャンプ 2-3人 キャンプギア 防災用品			
camp-cooker-beginner	2	【スノーピーク 公式】【永久保証付】snowpeak アルミパーソナルクッカーセット SCS-020R クッカー 鍋 フライパン スタッキング 調理器具 食事 料理 調理 クッキング バーベキュー キャンプ アウトドア			
camp-cooker-beginner	3	VASTLAND クッカー 4点セット アルミ キャンプ用 コッヘル 調理器具 鍋 収納袋付き			
camp-cooker-beginner	4	コールマン (Coleman) パッカウェイクッカーセット キャンプ用品 ファミリークックウェア 2000010530			
camp-cooker-beginner	5	TITAN MANIA(チタンマニア) クッカー セット チタン製 900ml+350ml ソロキャンプ 軽量 頑丈 直火 折りたたみハンドル付 コンパクト 二段式 フライパン コッヘル ポット 調理器具 アウトドア キャンプ用品 収納袋付き			
camp-cooler-box-beginner	1	クーラーボックス 小型 部活 クーラーバッグ アイリスオーヤマ 7L 15L 20L 25L 32L 45L 保冷バッグ クーラーバッグ ミニ クーラーバスケット アウトドア レジャー BBQ 海水浴 運動会 行楽 キャンプ CL-7 CL-15 CL-20 CL-25 CL-32 CL-45			
camp-cooler-box-beginner	2	送料無料 LOGOS/ロゴス ハイパー氷点下クーラーM 12L 81670070 長時間冷蔵 大容量 クーラーボックス ソフトクーラー 保冷バッグ 折りたたみ コンパクト キャンプ アウトドア バーベキュー バイク好き ギフト あす楽対応			
camp-cooler-box-beginner	3	【保冷材付きセット 超低温タイプ】アイリスオーヤマ HUGEL ヒューゲル VITC-40 HHC-L クーラーボックス 40L 保冷バック ハード 大型 チャコールグレー 真空断熱 釣り アウトドア スポーツ レジャー キャンプ 防災 VITC40 HHCL【送料無料】			
camp-cooler-box-beginner	4	アイリスオーヤマ HUGEL ヒューゲル VITC-20 クーラーボックス 20L 保冷バック ハード 小型 チャコールグレー 真空断熱 釣り アウトドア スポーツ レジャー キャンプ 防災 VITC20 【送料無料】			
camp-cooler-box-beginner	5	送料無料 LOGOS/ロゴス アクションクーラー25 ホワイト 81448033 81660642 クーラーボックス 冷蔵保存 キャンプ アウトドア フィッシング バーベキュー BBQ ハードケースクーラーボックス 倍速凍結・氷点下パックM 2個 あす楽対応			
camp-lantern-led	1	Soomloom 2Wayランタン Helio5000 スームルームランタン 最大300ルーメン 5000mAh LED ランタン 懐中電灯 2way キャンプライト USB Type-C充電 調節可能 キャンプランタン アウトドア 防災 防水レベルIPX4 LEDミニランタン アウトドア			
camp-lantern-led	2	楽天総合1位 LED ランタン 63灯 USB 手回し ソーラー 電池 車載充電 アウトドア 充電式 懐中電灯 キャンプ 登山 停電 防災対策			
camp-lantern-led	3	驚異の明るさ1,000ルーメン！LEDランタン 防滴 防塵 電池式 乾電池式 LED ランタン LEDライト/防災/防災グッズ/キャンプ用品 アウトドア用品 LAD WEATHER ラドウェザー 送料無料			
camp-lantern-led	4	当店限定色あり《全8色》ブルーノLEDランタン BRUNO LED LANTERN ライト 電灯 電池式 無段階調光 持ち手付き 雑貨 アンティーク ギフト プレゼント 新生活 防災グッズ 災害 非常用 ベランピング ピクニック BBQ おしゃれ キャンプ アウトドア			
camp-lantern-led	5	【楽天10冠1位 輝度1000LM x 専門雑誌掲載】150時間使用可 5000mAh LEDランタン 充電式ランタン 防災グッズ キャンプランタン 充電式ランタン キャンプ ランタン 充電式 ランタン ランタン 防災 非常用 送料無料			
camp-lighting-guide	1	M.O.L 充電式 LEDランタン 1200lm MOL-L1200 [LEDライト 照明 キャンプ アウトドア ランプ]			
camp-lighting-guide	2	M.O.L 充電式LEDランタン MOL-L400 (ロープハンドル／最大400lm) [MOL ランタン LEDライト 照明 キャンプ アウトドア ランプ 防災]			
camp-lighting-guide	3	正規店 ランタン led アウトドア 屋外 充電式バルミューダ ザ・ランタン BALMUDA The Lantern L02A調光 間接照明 照明 キャンプ ブラック ホワイト べランピング キャンドル おすすめ 非常用 ランプ おしゃれ◇自動調化 無段階 送料無料 P5倍			
camp-lighting-guide	4	KZM ギルバートランタン LEDランタン ランタン 充電式 停電 防災 キャンプ 吊り下げ 置き型 LED ランプ レトロ アンティーク おしゃれ かっこいい 明るい 調光 コードレス ソロキャンプ 収納 携帯 持ち運び 照明 ライト 防災グッズ 防災用品			
camp-lighting-guide	5	★楽天1位★72H限定P15倍→2,505円★ledランタン ソーラーランタン USB 充電式 ランタン 高輝度 災害用 1800ルーメン ソーラーパネル 防災対策 アウトドア 屋外 キャンプ ソーラー ライト 折り畳み式 5000mAh 調光 間接照明 おしゃれ 軽量 防水 登山 夜釣り 地震 母の日			
camp-sleeping-mat	1	【今だけ・18%OFFさらにP5】【my best空気入れやすさno.1】キャンプ マット 厚手【枕付き史上最大幅75cm追加】インフレーターマット 8/10cm アウトドアマット 自動膨張式 イインフレータブルマット 車中泊マット キャンプマット 極厚 コンパクト防災マット 《3sp02》			
camp-sleeping-mat	2	【Bears Rock】 寝心地のよさでロングセラー 自動膨張式 定番 キャンプマット 5cm シングル 枕付き　冬の底冷えに強い　インフレータブルマット　インフレーター　張りと弾力　車中泊　防災の備えに			
camp-sleeping-mat	3	コールマン キャンパーインフレーターマットハイピーク/ダブル (2000036154) キャンプ テント Coleman			
camp-sleeping-mat	4	【楽天1位】FIELDOOR アウトドア クッション マット 折りたたみ 180cm×60cm 厚手 厚さ2cm シングル 軽量 コンパクト 保温 断熱 キャンプ マット レジャーマット テント シュラフ 寝袋 車中泊に ディンプル加工 折りたたみレジャーマット 1年保証 ■[送料無料]			
camp-sleeping-mat	5	【R値8.93】キャンプ マット キャンプマット アウトドアマット 車中泊 エアーマット エアマット マットレス 8cm 防災 キャンプ 車中泊マット 自動膨張式 コンパクト インフレーターマット レジャー エアーベッド 防災 マット			
family-camp-summer-tent	1	【TOMOUNT公式】TOMOUNT テント 2ルーム トンネルテント 防水 シルバーコーティング ファミリーテント サイドウォール付き キャンプ テント 4人用 耐水圧2500mm ツールームテント 日よけ 通気 コンパクト 収納袋付き 500x310x195cm 【TriArc Tunnel Tent V4】			
family-camp-summer-tent	2	【楽天1位】キャンプ お買い得 4点セット （ファミリーテント+タープ+シート+ポール） 4人〜6人用 大型 キャンプテント ドームテント キャノピーテント フルクローズ 組み立て簡単 入門 初心者 エントリー アウトドア キャンプ FIELDOOR 1年保証 ■[送料無料]			
family-camp-summer-tent	3	BODEN（ボーデン）RATELWORKS ラーテルワークス キャンプ ファミリーキャンプ テント 2ルームテント ツールームテント ドームテント ドーム型テント ファミリーテント (RWS0111)			
family-camp-summer-tent	4	ワンタッチテント テント ワンタッチ キャンプ 公園 4人用 ファミリーテント タープ キャノピーテント サンシェード 遮光 大型 バーベキュー 300 おしゃれ アウトドア uvカット キャンプテント 軽量 簡易テント 遮熱 耐水			
family-camp-summer-tent	5	WAQ Alpha TC アルファ TC/FT WAQ-TCFT1 ファミリー用テント ソロテント シェルター ティピテント ワンポールテント 【1年保証】			
sleeping-bag-summer-cospa	1	＼2026モデル／【クーポンで15%OFF】シュラフ 寝袋 洗える オールシーズン 最大限界温度-15度 -5度 5度 コンパクト 封筒型 230T 190T 撥水 軽量 ふんわり 防災 寝袋 マット 洗える寝袋 防寒 キャンプ レジャー ツーリング アウトドア 車中泊 冬用 夏用 来客			
sleeping-bag-summer-cospa	2	【Bears Rock】-6度 封筒型 ふんわり暖かい 3.5シーズン 洗える 寝袋 ふわ暖 キャンプ 防災 ツーリング アウトドア 洗える寝袋 丸洗い 夏用 防災用 軽量 -6℃ コンパクト 冬用 布団 防災グッズ 車中泊 ボーイスカウト オールシーズン 林間学校 野外活動 シュラフ MX-604			
sleeping-bag-summer-cospa	3	寝袋 インナーシュラフ 軽量 夏 薄手 インナーシーツ 封筒型 丸洗い可能 コンパクト 収納 シーツ 洗える 防災 緊急時 ボックスシーツ 防災 トラベルシーツ 緊急時 防災グッズ キャンプ用品 車中泊 山小屋泊 収納袋付き 送料無料			
sleeping-bag-summer-cospa	4	【LINE友だち募集中、追加で8％OFFクーポンプレゼント！】 Naturehike 洗える コンパクト 軽量 3.5シーズン 寝袋 シュラフ アウトドア キャンプ スリーピングバッグ 封筒型 連結可能 1人用 撥水 保温 防災用 車中泊 敷布団 花見 春 夏 秋 ドライブ旅行 収納袋付き			
sleeping-bag-summer-cospa	5	【★激アツ価格＆600円クーポン 】 楽天1位 寝袋 防災 来客用 最大限界温度-15度 コンパクト オールシーズン ねぶくろん 230T 1.8kg 撥水 シュラフ 封筒型 軽量 洗える 収納 便利 トラック 車中泊 布団 ふとん 仮眠 地震 停電 キャンプ 夏用 シングル 送料無料			
solo-tent-beginner	1	【在庫処分】【訳あり】【特価品】【送料無料】ソロティピー/BUNDOK(バンドック)/BDK-75/テント ソロ モノポールテント ワンポール ティピー型 ティピーテント ソロ 一人用 キャンプ アウトドア			
solo-tent-beginner	2	【Bears Rock】ハヤブサテント スカート付もあり 登山 1〜2人用 コンパクト ツーリング 幅 長さ 45cm ドームテント ワンタッチテント テント 自立式 自立型 山登り ソロキャンプ 1人用 2人用 一人用 二人用 ツーリングテント ソロテント 自立 防災 キャンプ テント TS-201H			
solo-tent-beginner	3	【在庫処分】【訳あり】【特価品】【送料無料】ソロベース TC/BUNDOK(バンドック)/BDK-79/テント パップ型 パップテント ソロテント ソロキャンプ ミリタリー 軍幕 焚火 焚き火 ハーフシェルター			
solo-tent-beginner	4	【送料無料】ソロドーム/BUNDOK(バンドック)/BDK-08O/テント ソロドーム ソロテント 1人用 コンパクト ソロキャンプ フェス 防災 バイク ツーリング ドーム型 ミリタリー 軽量 コンパクト 耐風 耐水圧 撥水			
solo-tent-beginner	5	【TOMOUNT公式】 TOMOUNT ソロテント 超軽量テント 1人用 2人用 ドームテント 20Dナイロン バックパックテント 二重層 耐水圧4000mm インナー付き 前室付き 日よけ 虫よけ 自立式 登山テント 自転車旅行 キャンプ テント アウトドアテント 2サイズあり【NY TENT】			
group-camp-table	1	ラタン調 ガーデンテーブル 180cm アウトドアテーブル ダイニングテーブル ガーデン テーブル 折り畳み式 頑丈 大型180cm 防水 長テーブル ガーデンファニチャー 外テーブル ###ラタン机F002R###			
group-camp-table	2	【楽天1位】FIELDOOR アウトドアテーブル 180cm/240cm 折りたたみ 三つ折り アルミ レジャーテーブル 長机 ワイド 大型 6人〜8人 対応 高さ調整 2段階 キャンプ バーベキュー BBQ イベント 運動会 作業台 屋外 屋内 軽量 コンパクト収納 大人数対応 1年保証 ■[送料無料]			
group-camp-table	3	アウトドアテーブル キャンプテーブル ロールトップテーブル 折りたたみ ロールテーブル 120×70 高さ調整 木目調 アルミ 軽量 大型 ファミリーキャンプ BBQ バーベキュー レジャーテーブル ピクニック キャンプ用品 waku fimac			
group-camp-table	4	折りたたみテーブル 折りたたみベンチ 180cm アウトドアテーブル 折りたたみ 頑丈 大型 幅180×奥行70cm ガーデンテーブル ガーデン テーブル アウトドア ###机KM-F002###			
group-camp-table	5	＼レビューで1000円クーポン!／ 組合せて使える 木製 ヘキサセンターテーブル 96 （大テーブル 2個組） 収納バッグ付 CSクラシックス ヘキサゴンテーブル CAPTAIN STAG キャンプ アウトドア バーベキュー ローテーブル cs classics			
camp-table-folding	1	【クーポンで5%OFF】【楽天1位】アウトドア テーブル キャンプテーブル 折りたたみ アルミテーブル 軽量 折りたたみテーブル キャンプ バーベキュー テーブル レジャーテーブル アウトドア 高さ調節 伸縮 コンパクト BBQ おしゃれ 車中泊 MERMONT 送料無料			
camp-table-folding	2	アウトドア テーブル 耐荷重50kg 135*60cm 収納袋付き 二つ折り メッシュテーブル 軽量 折りたたみテーブル 折り畳みテーブル スチール キャンプ用品 バーベキュー BBQ 高さ調整 キャンプテーブル 便利 キャンプ テーブル 家族 網 黒			
camp-table-folding	3	アウトドアテーブル 折りたたみ アルミ 軽量 木目 ブラウン ホワイト 120cm 180cm 240cm 大きい アウトドア キャンプ バーベキュー テーブル レジャーテーブル 折りたたみテーブル 山善 YAMAZEN キャンパーズコレクション 【送料無料】			
camp-table-folding	4	【楽天1位】アウトドアテーブル 折りたたみ ベンチ 2脚 セット 幅 90cm アルミ 軽量 レジャーテーブル アウトドア テーブル セット イス チェア ベンチ 分離 分割 タイプ ローテーブル ロータイプ キャンプ アウトドア 運動会 FIELDOOR 1年保証 ■[送料無料]			
camp-table-folding	5	[公式] フィールドラック キャンピングムーン キャンプ アウトドア テーブル ラック 天板 折りたたみ 式 コンパクト 軽量 薄型 メッシュ ブラック 4個 2段 2枚 3個 ケース トートセット ファミリー おしゃれ キャンプテーブル セット			
camp-headlight-beginner	1	【圧倒的な高評価レビュー1400件超】【 最軽量32g 】 ヘッドライト　LED 防水 登山 釣り キャンプ 登山用 アウトドア用 防災 災害対策 LEDヘッドライト ヘッドランプ LEDヘッドランプ LEDライト 乾電池式 SC-200B			
camp-headlight-beginner	2	【圧倒的な高評価レビュー1500件超】ヘッドライト 充電式ヘッドライト センサー点灯 ヘッドランプ LED 釣り 登山 アウトドア用 作業灯 軽量 長時間 SR-01L			
camp-headlight-beginner	3	ヘッドライト 充電式 LED 防水 登山 釣り キャンプ 登山用 アウトドア用 防災 災害対策 LEDヘッドライト ヘッドランプ LEDヘッドランプ LEDライト SC-300R SC-400R			
camp-headlight-beginner	4	【楽天1位・コスパ最強】 ヘッドライト 6200ルーメン 最新型 高輝度 充電式 LED ヘッドランプ 軽量 防水 防塵 停電対策 登山 釣り キャンプ アウトドア用 ランニング 夜間 明るい コンパクト 長時間点灯 地震 地震対策 防災 災害対策 LEDヘッド			
camp-headlight-beginner	5	ヘッドライト 充電式 超軽量42g センサー搭載のLEDヘッドライト IP44 防塵・防水 LED ライト USB充電 小型 強力 高輝度 防災 災害 グッズ キャンプ アウトドア 登山 アウトドア用品 キャンプ用品 釣り 作業用 散歩 林業 農業 LAD WEATHER ラドウェザー			
backpack-large	1	tousen 登山リュック 40〜60L 大容量 バックパック 防水 軽量 多機能 キャンプ用リュック			
backpack-large	2	tousen 登山リュック 65L 大容量 防災リュック バックパック 防水 軽量 多機能			
backpack-large	3	HAWK GEAR (ホークギア) 防水バックパック 大容量80L レインカバー付き 軽量 登山 防災			
backpack-large	4	登山リュック 65L 大容量 防水 軽量 多機能 トレッキング キャンプ用リュック 防災バッグ			
backpack-large	5	M-STYLE ミリタリーバッグ 大容量90L 3WAY リュック/ショルダー/ボストン 防水生地			
barebones-light	1	ベアボーンズ エジソン ライトスティック 充電式 LED LIV-145			
barebones-light	2	ベアボーンズ レイルロードランタン 充電式 LED			
barebones-light	3	ベアボーンズ ビーコンライト LED 2.0 20230005			
barebones-light	4	ベアボーンズ ミニ エジソン ランタン LED			
bluetti-power	1	BLUETTI ポータブル電源 AC70 768Wh 1000W リン酸鉄 長寿命 UPS機能 アプリ遠隔操作 サージ2000W			
bluetti-power	2	BLUETTI ポータブル電源 AC180 1152Wh 1800W 60分満充電 リン酸鉄 UPS APP遠隔操作 サージ2700W			
bluetti-power	3	BLUETTI ポータブル電源 AORA 100 V2 1024Wh 定格1800W 2700Wリフト機能 0.01秒UPS リン酸鉄 10年長寿命 アプリ遠隔操作			
bluetti-power	4	BLUETTI ポータブル電源 AORA 30 V2 288Wh 定格600W 1500Wリフト機能 0.01秒UPS リン酸鉄 10年長寿命 急速充電			
bluetti-power	5	BLUETTI ポータブル電源 EB3A 268Wh ＋ 130Wソーラーパネル セット 600W出力 リン酸鉄 2500回サイクル UPS 高速充電			
bonfire-sheet	1	ZEN Camps 焚き火シート スパッタシート 95cm×60cm 防炎 耐火 耐熱 ブラック			
bonfire-sheet	2	山麓工房 焚き火シート 耐熱5層構造 瞬間耐熱1500℃ 撥水加工 スパッタシート チクチクしない			
bonfire-sheet	3	ChillCamping 焚き火シート Lサイズ スパッタシート 耐熱 耐火 ブラック			
bonfire-sheet	4	焚き火シート スパッタシート ガラス繊維 ハトメ付き 不燃 L/M/Sサイズ			
bonfire-sheet	5	FUTURE FOX 焚き火台シート ナバホ柄 ガラス繊維 連続使用耐熱温度250℃			
bonfire-stand-solo	1	TokyoCamp 焚き火台 軽量 ミニ ソロ コンパクト 折りたたみ式 ソロキャンプ ファミリーキャンプ			
bonfire-stand-solo	2	OneTigris ROCUBOID Titanium チタン製ポケットストーブ ミニ焚き火台 軽量 コンパクト 折り畳み 収納バッグ付			
bonfire-stand-solo	3	焚火台 コンパクト ソロ 折りたたみ式 ステンレス ミニ 五徳付き 軽量（Mystic Ridge）			
bonfire-stand-solo	4	ファイアスタンド 超軽量 ステンレス製 組立式 折りたたみ式 焚火台 焚き火スタンド 小型 ソロキャンプ			
bonfire-stand-solo	5	LAD WEATHER ラドウェザー 焚き火台 軽量767g A4サイズ ステンレス製 受け皿・収納袋つき ソロキャンプ			
camp-backpack-beginner	2	即納 楽天1位 tousen正規品　登山バッグ 登山 リュック 40〜60L 大容量 バックパック リュックサッ 　登山用 リュック 登山 リュック レディース/メンズ  山ガールク 防水 軽量 山登り バック 多機能 キャンプ用リュック			
camp-bbq-grill	1	焚き火台 焚火台 軽量 ミニ 焚火 ソロ コンパクト 日本製 おしゃれ ファイアグリル キャンプ アウトドア ソロキャンプ BBQ バーベキュー CAMP FREAKS. Tano-b			
camp-bbq-grill	2	【10％OFFクーポン配布中!!27日9:59まで】 焚火台 折りたたみ式 バーベキュー グリル コンロ 折りたたみ コンパクト バーベキュー BBQ ファイアグリル ステンレス 焚火スタンド 焚き火 たきび キャンプ アウトドア 焼肉 冬 お買い得			
camp-bbq-grill	3	ガオバブ(Gaobabu) GaobabuコンパクトA4焚き火台（脚付き焼き網付き） 【一部地域を除き送料無料】 焚火台 焚き火 たき火 BBQ バーベキュー グリル 料理 クッキング 薪 炭 ステンレス 軽量 キャンプ ソロキャンプ ファミリーキャンプ グループキャンプ			
camp-bbq-grill	4	尾上製作所(ONOE) イヴォルブバーベキューコンロ-65HL EV-65HL 1台 M高さ調整可(網29×61cm) 焚き火台 グリル BBQ コンロ キャンプ用品			
camp-bbq-grill	5	スノーピーク（snow peak） 焚火台グリルブリッジ M Grill Bridge ST-033GBR キャンプ バーベキュー			
camp-cooler-box-overall	1	クーラーボックス 小型 部活 クーラーバッグ アイリスオーヤマ 7L 15L 20L 25L 32L 45L 保冷バッグ クーラーバッグ ミニ クーラーバスケット アウトドア レジャー BBQ 海水浴 運動会 行楽 キャンプ CL-7 CL-15 CL-20 CL-25 CL-32 CL-45			
camp-cooler-box-overall	2	送料無料 LOGOS/ロゴス ハイパー氷点下クーラーM 12L 81670070 長時間冷蔵 大容量 クーラーボックス ソフトクーラー 保冷バッグ 折りたたみ コンパクト キャンプ アウトドア バーベキュー バイク好き ギフト あす楽対応			
camp-cooler-box-overall	3	送料無料 LOGOS/ロゴス アクションクーラー25 ホワイト 81448033 81660642 クーラーボックス 冷蔵保存 キャンプ アウトドア フィッシング バーベキュー BBQ ハードケースクーラーボックス 倍速凍結・氷点下パックM 2個 あす楽対応 お買い物マラソン 開催			
camp-cooler-box-overall	4	アイリスオーヤマ HUGEL ヒューゲル VITC-20 クーラーボックス 20L 保冷バック ハード 小型 チャコールグレー 真空断熱 釣り アウトドア スポーツ レジャー キャンプ 防災 VITC20 【送料無料】			
camp-cooler-box-overall	5	【保冷材付きセット 超低温タイプ】アイリスオーヤマ HUGEL ヒューゲル VITC-40 HHC-L クーラーボックス 40L 保冷バック ハード 大型 チャコールグレー 真空断熱 釣り アウトドア スポーツ レジャー キャンプ 防災 VITC40 HHCL【送料無料】			
camp-cooler-soft	1	WAQ SOFT COOLER BOX (M) 42L ソフトクーラーボックス ファミリーキャンプ用 4-5人用			
camp-cooler-soft	2	ソフトクーラーボックス 30L 5層断熱 3WAY 折りたたみ コンパクト 軽量 保冷バッグ			
camp-cooler-soft	3	Albatre アルバートル マルチクーラーバッグ 18L AL-CB180 15mm厚断熱材 5層構造 底板付き			
camp-cooler-soft	4	40L ソフトクーラーボックス 底板付き 900Dクーラーバッグ 多層断熱 撥水 折りたたみ 軽量			
camp-cooler-soft	5	スクエア型 ソフトクーラーボックス 9L 保冷バッグ ランチバッグ 折りたたみ 軽量 コンパクト			
camp-fan-summer		充電式扇風機 卓上 吊り下げ サーキュレーター コードレス アウトドア扇風機 静音 強力送風 キャンプ 20000mAh大容量 自動首振り 風量最大100段階 LEDライト タイマー 車中泊			
camp-fan-summer		hagoogi キャンプ 扇風機 アウトドア 首振り DCモーター 収納ケース付き 充電式 軽量 静音 10000mAh 27時間 4段階風量調節 LEDライト タイマー 卓上 吊り下げ コードレス			
camp-fan-summer		i.Carry コードレス扇風機 直径30cm DCモーター 強力 首振り 充電式 リモコン 折りたたみファン タイマー 風量8段階 コンパクト収納 10800mAhバッテリー内蔵 アウトドア キャンプ			
camp-fan-summer		アウトドア 扇風機 自動首振り 充電式 DCモーター 軽量 低騒音 リモコン付き タイマー 風量4段階調節 LEDライト 卓上 スタンド式 壁掛け 吊り下げ 20000mAh PSE認証済み			
camp-fan-summer		扇風機 DCモーター サーキュレーター コードレス 折りたたみ扇風機 首振り リモコン付き キャンプ 充電式 自動首振り 10800mAh 静音 コンパクト ポータブル 熱中症対策 防災			
camp-grill-plate	1	【レビューを書いて500円OFFクーポン】 ZEOOR ゼオール グリルプレートスタンドM キャンプ バーベキュー アウトドア用品 ロゴス 焚き火台 LOGOS the ピラミッドTAKIBI M 専用 鉄板 五徳 焚火台 焚火 焚き火 ロストル 焼肉 炭火コンロ バーベキューグリル 焼き網			
camp-grill-plate	2	【送料無料】キャプテンスタッグ ラウンド グリルプレート 30cm UG-1592			
camp-grill-plate	3	笑's A-4君専用グリルプレート アウトドア キャンプ 焚き火			
camp-grill-plate	4	クーポンで15%OFF★Bush Craft Inc. ブッシュクラフト 焚き火グリルプレート【Sx】【T】ギフト｜アウトドア キャンプ バーベキュー 調理器具 焼き網 アルミ 軽量 携帯 調理プレート BBQグリル 収納ケース付き			
camp-grill-plate	5	笑's コンパクト焚き火グリル 「B-GO」 3点セット （B-GO本体+専用グリルプレート+専用ハードロストル） バーベキューグリル コンパクト焚き火グリル 焚き火 BBQ キャンプ ソロキャンプ 料理 焚き火料理 ステンレス 持ち運び簡単 組立簡単 バーベキュー アウトドア 登山			
camp-hammock	1	a.depeche 自立式ハンモック 3way 5点セット SHP-3WHMK ハンモックチェア スタンド 折りたたみ			
camp-hammock	2	Groovy 自立式ハンモック 3way 折りたたみ ハンモックチェア スタンド			
camp-hammock	3	OSOTO ゆらふわモック ノーマルタイプ 自立式ハンモック 折りたたみ スタンド付 収納			
camp-hammock	4	marz 自立式ハンモック 3way ロング ハンモックチェア スタンド 折りたたみ			
camp-hammock	5	OSOTO ゆらふわモック ロングタイプ 自立式ハンモック 高身長対応 折りたたみ スタンド			
camp-kettle-recommend	1	キャンピングムーン キャンプケトル 直火 やかん 1L/1.5L/2.0L アルミ 軽量 コンパクト			
camp-kettle-recommend	2	VASTLAND キャンプケトル アウトドアケトル やかん 1.3L アルミ 直火対応			
camp-kettle-recommend	3	キャンピングムーン キャンプケトル 直火 やかん 1.5L アルミ フラット型 防錆			
camp-kettle-recommend	4	FIELDOOR チタンケトル 700ml 約14.5cm チタン製 軽量 コンパクト 直火 キャンピングケトル			
camp-kettle-recommend	5	キャンピングムーン ケトル ステンレス 直火・焚き火 1.0L 吊り下げ コーヒーケトル			
camp-pillow	1	Kom&Kom キャンプ枕 エアピロー コットンカバー付き 超軽量 収納袋付き 車中泊			
camp-pillow	2	WAQ RELAXING PILLOW キャンプ用まくら 自動膨張式 連結 インフレータブル 1年保証			
camp-pillow	3	ZEN Camps キャンプ枕 空気枕 エアピロー インフレータブル 携帯枕 コンパクト 軽量			
camp-pillow	4	GRANDOOR アウトドア枕 ウレタン 通気性 軽量 収納袋付き 登山			
camp-pillow	5	OriginTree キャンプ枕 エアーピロー 空気枕 高さ調節可能 人間工学デザイン 軽量 車中泊			
camp-portable-power-beginner	1	【クーポン利用で15%OFF！24日0時～】＜高評価★4.66 レビュー2,000件以上＞ ポータブル電源 500Wh 車中泊 大容量 ポータブルバッテリー 防災 蓄電池 発電機 防災グッズ 停電 家庭用蓄電池 小型 100V 家庭用 非常用電源 非常用 バッテリー ポータブル 電源 急速充電			
camp-portable-power-beginner	2	【40%OFFクーポンご利用で69,800円→41,880円 マラソン期間限定】ポータブル電源 大容量 車中泊 正弦波 エナーボックス 444Wh 120000mAh 400W |ポータブル バッテリー 蓄電器 発電機 小型 蓄電池 家庭 静音 ソーラー ソーラーパネル 電気毛布 キャンプ 防災 電源			
camp-portable-power-beginner	3	【クーポン利用で48,235円 4/24 20:00〜】EcoFlow ポータブル電源 DELTA 3 1000 Air 大容量 超軽量 コンパクト高出力 2年保証 長寿命 家庭用 蓄電池 太陽光発電 急速充電 キャンプ 停電 防災グッズ 台風 節電 エコフロー			
camp-portable-power-beginner	4	【クーポン利用で22,425円 4/24 20:00〜】EcoFlow ポータブル電源 リン酸鉄 長寿命 1hフル充電 RIVER 2 256Wh 5年保証 小型 蓄電池 発電機 ポータブル バッテリー 急速充電 アプリ対応 車中泊 AC出力300W アウトドア 台風 停電 防災グッズ キャンプ			
camp-portable-power-beginner	5	【在庫一掃 クーポン利用で32,280円】BLUETTI ポータブル電源 AC50B 448Wh/700W/AC50B セット小型 軽量 家庭用 蓄電池 5年保証 リン酸鉄 長寿命 バックアップ電源 (サージ1000W) UPS機能 アプリ遠隔操作 発電機 アウトドア キャンプ 車中泊 お釣り 防災 節電対策			
camp-rainwear	1	上下セット 耐水圧20000mm レインウェア レインコート ストレッチ メンズ レディース レインスーツ ト レイン パンツ マウンテンパーカー カッパ おしゃれ 雨合羽 雨具 通勤 通学 自転車 ゴルフ 釣り ランニング 男性用 女性用 NASR-100			
camp-rainwear	2	送料込み ミズノ mizuno ベルグテックEXストームセイバーVI レインスーツ（メンズ） A2MG8A01レインウェア上下 雨具アウトドア 登山			
camp-rainwear	3	レインウェア 上下 メンズ レディース レインスーツ カッパ 雨具 ウィンドブレーカー おしゃれ 軽い 蒸れにくい 通勤 通学 ストレッチ 透湿 防水 撥水 自転車 バイク 軽量 登山 ゴルフ 釣り 高校生 送料無料 7572 4WAYストレッチシールドEX			
camp-rainwear	4	レインウェア レインコート 上下セット 男女兼用 耐水圧10000mm/H2O 透湿度5000g 裾上げ 股下調節 通勤通学 作業現場 AS-7100 AS-6700 レインスーツ 雨具 カッパ レインウエア セットアップ 防水 軽量 ユニセックス マック Makku 【送料無料】			
camp-rainwear	5	レインウェア カッパ レインコート 上下セット MAKKUマック レイントラックジャケット＆パンツ AS-900 AS-950 レディースサイズ有り おしゃれ 雨ガッパ 通学 通勤 自転車 バイク 釣り レインスーツ 雨がっぱ 合羽 アウトドア キャンプ 散歩			
camp-skillet	1	キャプテンスタッグ スキレット 鉄 フライパン 20cm シーズニング不要 UG-3028			
camp-skillet	2	キャプテンスタッグ スキレット 25cm UG-3029			
camp-skillet	3	キャプテンスタッグ スキレット フライパン 25cm 鉄 アウトドア 調理器具			
camp-skillet	4	キャプテンスタッグ スキレット ミニ 鉄製 シーズニング不要 UG-3015			
camp-skillet	5	Barebones Living スキレット 10インチ 鋳鉄 アウトドア クッカー			
camp-table-set	1	アウトドアテーブル 折りたたみ ベンチ 2脚 セット 幅 90cm アルミ 軽量 レジャーテーブル アウトドア テーブル セット イス チェア ベンチ 分離 分割 タイプ ローテーブル			
captain-stag-table	1	キャプテンスタッグ アルミロールテーブル コンパクト M-3713 ローテーブル			
captain-stag-table	2	キャプテンスタッグ ラフォーレ アルミツーウェイテーブル アジャスター付 M 60×120cm UC-510			
captain-stag-table	3	キャプテンスタッグ ビストロ フォールディングテーブル 高さ4段階調整 アルミ ハイテーブル 木目ブラウン			
captain-stag-table	4	キャプテンスタッグ CSブラックラベル アルミツーウェイロールテーブル type2 高さ70/40cm UC-551			
captain-stag-table	5	キャプテンスタッグ ラフォーレ アルミツーウェイサイドテーブル アジャスター付 60×45cm UC-513			
car-camp-bed-kit	1	キャンプ マット 車中泊 [ 極厚 10cm 撥水 1分で自動で膨らむ 22mmの大型バルブ 補修キット付き ] キャンプマット 車中泊マット マットレス エアーマット エアベッド エアマット ベッド 車 テント アウトドア 登山 キャンプ用品 防災 グッズ LAD WEATHER ラドウェザー			
car-camp-bed-kit	2	【全国送料無料】車用ベッド エアーベッド SUV車用ベッド マット 車中泊ベッド アウトドア 電動エアーポンプ付き 車載 キャンプ用 後部座席用 エアーマット ベッドキット キャンプ用品 マットレス エアーピロー2個付き 快適空間 仮眠 ピクニック 旅行 段差解消 進化版			
car-camp-bed-kit	3	エアーマット PVC 自動膨張 40cm シングル ダブル キングサイズ 極厚 エアーベッド シングルサイズ 自動 補修キット 寝心地 コンパクト ボタン式 厚み エアベッド 無線ポップ アウトドア キャンプ 来客用 車中泊マット 空気ベッド エアーマット			
car-camp-lighting	1	LEDランタン ライト 充電式 安心保証付き 1個/お得2個 モバイルバッテリー機能 Type-C usb led+ランタン LEDライト キャンプ フック カラビナ マグネット付き 1000円ポッキリ アウトドア テント 読書 車内照明 コンパクト 防災台風対策 防災グッズ 1000円ポッキリ 送料無料			
car-camp-lighting	2	【一部予約販売 7月上旬】高評価★4.65★ ランタン LEDランタン 充電式 1600ルーメン リモコン付き マグネット 吊るし 防水 明るい 暖色 最強 1000ルーメン以上 長時間 LEDランプ LEDライト アウトドア キャンプ 車中泊 夜釣り 防災グッズ			
car-camp-lighting	3	限定クーポン！【NHKあさイチで紹介！明るさにびっくり！】ランタン 充電式 送料無料 led 1000ルーメン ライト キャンプ ZASHBEAR LEDランタン usb充電 キャンプ用品 アウトドア 暖色 防水 懐中電灯 防災 車中泊 災害用 停電 充電 キャンプ			
car-camp-lighting	4	ギフト 台風 防災グッズ 地震 台風 充電式 LEDランタン LIVELIFE Aurora1200ルーメン ランタン 防災用 台風 暖色 キャンプ ランプ usb充電式 5200mAh マグネット 吊り下げ式 非常灯 SOSライト led電球 モバイルバッテリー機能 小型 明るい 車中泊			
car-camp-lighting	5	マグネット 充電式 LEDランタン 吊り下げ マグネット対応 小型ライト 車中泊 キャンプ アウトドア コンパクトライト ソロキャンプ 登山 ランタンLED ランタン充電式 ライト 車中泊ライト くっつく 小さい 車 車内 コンパクト 可愛い 丸い かわいい			
car-side-tarp	1	FIELDOOR カーサイドタープ 230cm×280cm ワンタッチ 車用 UVカット 高耐水 吸盤 連結 サンシェード			
car-side-tarp	2	シェアスタイル カーサイドシェルター 330cm×350cm 耐水圧1500mm スカート付き 6人用 車用 オーニング			
car-side-tarp	3	FIELDOOR カーサイドシェルター 完全遮光 PUコーティング 耐水圧16,000mm フルクローズ UVカット 遮熱 メッシュ 1年保証			
car-side-tarp	4	シェアスタイル ワンタッチ カーサイドシェルター 280cm×330cm 耐水圧2000mm スカート付き 簡単設営 車用			
car-side-tarp	5	小川キャンパル OGAWA カーサイドタープ AL-II (AL-2) 車用			
coleman-bonfire	1	コールマン ファイアディスク 2000031235			
coleman-bonfire	2	コールマン ファイアーディスク ソロ 2000037404			
coleman-bonfire	3	コールマン 焚き火台 2点セット ファイアーディスク+ファイアープレイスシート 2000031235+2000037303			
coleman-bonfire	4	コールマン 焚き火台 セット ファイアーディスク+マルチファイアプレイステーブル 2000031235+VP160401J01			
coleman-chair	1	コールマン インフィニティチェア ベージュ 2000033139			
coleman-chair	2	コールマン インフィニティチェア 2000033139			
coleman-chair	3	コールマン サイドテーブルデッキチェアST グレージュ 2190860			
coleman-chair	4	コールマン アウトドアチェア2点セット サイドテーブル付デッキチェア オリーブ 2000033809			
coleman-chair	5	コールマン インフィニティチェア オリーブ 2000038848			
coleman-lantern	5	コールマン ラギッド パッカウェイランタン 電池式 LED 2000036871			
coleman-two-burner	1	コールマン ツーバーナーセット ツーバーナーストーブ 2+キッチンテーブル+純正LPガス燃料×2点 2000006707+2000031294+5103A470T Coleman			
coleman-two-burner	2	コールマン ツーバーナーセット パワーハウス LP ツーバーナーストーブ 2 + 純正LPガス燃料[Tタイプ]470g×2個 2000006707 + 5103A470TJAN Coleman			
coleman-two-burner	3	コールマン (Coleman) パワーハウスLPツーバーナーストーブII(レッド) キャンプ用品 ガスバーナー レッド 2000021950			
coleman-two-burner	4	コールマン ツーバーナーセット LPツーバーナーストーブレッド 純正LPガス燃料[Tタイプ]470g×2個 2000021950+5103A470T Coleman			
coleman-two-burner	5	Coleman(コールマン)パワーハウス LPツーバーナーストーブII			
cooler-box-day-camp	1	【購入特典 保冷剤付き!!】気温35度でも氷が27時間維持 ペットボトル(500ml)6本収納 ワックスドコットン ソフトクーラーボックス AOクーラーズ AOW6RT ランチクーラー 5.7L 保冷 断熱 クーラーバッグ 保冷バッグ ランチバック ゴルフ 釣り おすすめ			
cooler-box-day-camp	2	ロゴス クーラーボックス 小型 5L 保冷ボックス 小さめ 部活 ピクニック ロゴスクーラーバッグ アウトドア 釣り クーラー ボックス 5l 公園 デイキャンプ ピクニックボックス お出かけ 弁当 ドリンク ミニクーラーボックス 5リットル ホワイト ベージュ LOGOS 8167023			
cooler-box-day-camp	3	[ディーオーディー] ウサンポクーラー（8） クーラーボックス ハード 8L 500mlペットボトル8本収納可能 軽量 ピクニック デイキャンプ			
cooler-box-day-camp	4	スプリングセール LOGOS/ロゴス 37411001 スタンダード トートリュック クーラー XL ブラック アウトドア キャンプ ピクニック ショッピング レジャー 保冷バッグ クーラーリュック ファミリー 保冷力抜群 デイキャンプ あす楽対応 お買い物マラソン 開催			
cooler-box-day-camp	5	【最大5,000円OFF！27日1:59まで】DOD クーラーバッグ ソフトクーラーバッグ 23Lサイズ ソフトクーラー デイキャンプ BBQ ドリンク 食材 保冷 運搬 アウトドア キャンプ ソフトくらお（23） CL2-732-TN タン			
day-camp-cooler-box	1	【購入特典 保冷剤付き!!】気温35度でも氷が27時間維持 ペットボトル(500ml)6本収納 ワックスドコットン ソフトクーラーボックス AOクーラーズ AOW6RT ランチクーラー 5.7L 保冷 断熱 クーラーバッグ 保冷バッグ ランチバック ゴルフ 釣り おすすめ			
day-camp-cooler-box	2	【10%OFFクーポン使える】ローグ クーラーボックス 小型 18L ROGUE Ice Cooler ローグ 防災 レジャー キャンプ ピクニック 運動会 アウトドア 釣り ソロキャンプ スポーツ観戦 海水浴 ハードクーラー おしゃれ 持ち運び 断熱 保冷 カーキ キャンプギア 玄人			
day-camp-cooler-box	3	LOGOS ロゴス クーラーボックス 9L 小型 ハード 保冷 ミニクーラー アウトドア キャンプ バーベキュー ピクニック 釣り 運動会 ソロキャンプ デイキャンプ 軽量 コンパクト 81448054			
day-camp-cooler-box	4	ロゴス クーラーボックス 小型 5L 保冷ボックス 小さめ 部活 ピクニック ロゴスクーラーバッグ アウトドア 釣り クーラー ボックス 5l 公園 デイキャンプ ピクニックボックス お出かけ 弁当 ドリンク ミニクーラーボックス 5リットル ホワイト ベージュ LOGOS 8167023			
day-camp-cooler-box	5	【最大10,000円OFF！27日9:59まで】DOD クーラーバッグ ソフトクーラーバッグ 23Lサイズ ソフトクーラー デイキャンプ BBQ ドリンク 食材 保冷 運搬 アウトドア キャンプ ソフトくらお（23） CL2-732-TN タン			
day-camp-grill	1	ファイヤーピット 焚き火台 テーブル 囲炉裏テーブル バーベキュー 囲炉裏 焼肉 テーブル bbqコンロ bbqテーブル bbqグリル 自宅 庭 大人数 耐熱性 囲炉裏 おしゃれ 焚き火台 グリル キャンプ用			
day-camp-grill	2	焚き火台 コンパクト 折りたたみ式 ソロ バーベキューコンロ ミニ焚き火台 bbqコンロ アウトドア 軽量 小型 ファイアグリル bbqグリル ステンレス製 キャンプ用品 ファミリーキャンプ キャンプギア			
day-camp-grill	3	【クーポンで最大2000円OFF】 焚き火台 コンパクト バーベキューコンロ 収納ケース付 3フォーク 五徳付き ステンレス製 折りたたみ ソロ 焚火台 アウトドア バーベキューグリル			
day-camp-grill	4	【ふるさと納税】【MW-TAKAMORI OUTDOOR BRAND-】2WAY 焚き火台 BBQグリル コンロ 調理 キャンプ用品 アウトドア ステンレス製 組み立て簡単 収納バッグ付き 送料無料			
day-camp-grill	5	ロゴス　アウトドア用品バーベキューグリル・コンロ たき火台 LOGOS The ピラミッドTAKIBI M　81064163			
day-camp-led-lantern	1	【20%OFFクーポンご利用で9,980円→7,984円 マラソン期間限定】LACITA 明るさが360度広がる LEDランタン 充電式 キャンプ ライト 吊り下げ 卓上 小型 軽量 電球色 防災 停電対策 懐中電灯 シーリングライト 明るい 長持ち ラチタ			
day-camp-led-lantern	2	【期間限定★特価】高評価★4.65★ ランタン LEDランタン 充電式 1600ルーメン リモコン付き マグネット 吊るし 防水 明るい 暖色 最強 1000ルーメン以上 長時間 LEDランプ LEDライト アウトドア キャンプ 車中泊 夜釣り 防災グッズ			
day-camp-led-lantern	3	【激アツ価格＆クーポン⇒2,280円】 楽天1位 ランタン 電池式 usb充電式 ライト 2in1給電方法 高輝度 キャンプランタン フラッシュライト ledランタン キャンプ 折り畳み式 コンパクト Vantozon ギフト 黒/グレー 送料無料			
day-camp-led-lantern	4	◆200円OFFで最安2780円◆LED ランタン ライト 充電式 折りたたみ式 高輝度 5000mAh 明るい おしゃれ 防水 軽量 便利 懐中電灯 アウトドア ハンディライト USB 吊り下げ 防塵 ミニ 屋外 キャンプ 停電 釣り 登山 野外 長時間 防災用 かわいい コンパクト			
day-camp-led-lantern	5	★楽天1位★母の日限定クーポンで2,450円&P5倍★ledランタン ソーラーランタン USB 充電式 ランタン 高輝度 災害用 1800ルーメン ソーラーパネル 防災対策 アウトドア 屋外 キャンプ ソーラー ライト 折り畳み式 5000mAh 調光 間接照明 おしゃれ 軽量 防水 登山 夜釣り 地震			
day-camp-starter-set	1	【楽天1位】キャンプ お買い得 4点セット （ファミリーテント+タープ+シート+ポール） 4人〜6人用 大型 キャンプテント ドームテント キャノピーテント フルクローズ 組み立て簡単 入門 初心者 エントリー アウトドア キャンプ FIELDOOR 1年保証 ■[送料無料]			
day-camp-starter-set	2	キャンプ お買い得 4点セット （ファミリーテント+タープ+シート+ポール） 4人〜6人用 大型 キャンプテント ドームテント キャノピーテント フルクローズテント テント 組み立て簡単 入門 初心者 エントリー アウトドア キャンプ FIELDOOR ●[送料無料]			
day-camp-starter-set	3	【在庫限り】スノーピーク アメニティドーム L マットシートセット SET-121H キャンプ用品 テント タープ 初心者 エントリー nocu 注目商品			
day-camp-starter-set	4	【SALE 20%OFF】スノーピーク アメニティタープ ヘキサLセット snow peak Amenity Tarp Hexa L Set TP-851SR オガワ張り 小川張り タープ テント 初心者 エントリーモデル おしゃれ キャンプ アウトドア			
day-camp-starter-set	5	スノーピーク ランドネストM テントタープセット snow peak SET-260 テント タープ 初心者 初心者向け 簡単 3人用 4人用 おしゃれ キャンプ アウトドア			
day-camp-tarp-cheap	1	【楽天1位】遮光/遮熱モデル追加！FIELDOOR ワンタッチタープテント 3m×3m 頑丈 スチール テント タープ 300 3.0m ワンタッチテント ワンタッチタープ ワンタッチ 大型 簡単 UVカット 撥水 日よけ プール イベント アウトドア キャンプ BBQ 1年保証 ★[送料無料]			
day-camp-tarp-cheap	2	DOD タープ いつかのタープ TT5-631-TN dod アウトドア キャンプ ヘキサタープ ポリエステル ポール ペグ ロープ付属 初心者 簡単			
day-camp-tarp-cheap	3	[6%OFFクーポン／10時まで] タープテント 2.5m ワンタッチタープテント テント 遮熱 遮光 UV99.9%カット アウトドア 簡単 大型 軽量 日よけ 日除け UVカット 防水 レジャー キャンプ バーベキュー イベント用 運動会 花見 ソロキャンプ			
day-camp-tarp-cheap	4	☆シルバーコーティングタイプ 通常価格より2000円OFF！☆【楽天1位】 ワンタッチタープ 2.5m UVカット 遮光 遮熱 タープテント サイドシート付き ブラックコーティング シルバーコーティング 日よけ 体感マイナス 設営60秒 1人で設営 3〜4人用 軽量 ファミリー 庭遊び			
day-camp-tarp-cheap	5	しろくまスクエアタープ 【Bears Rock】ポール2本付き アレンジ広がる しろくま 自在 タープ 正方形 3×3m テント おすすめ 一泊 コンパクト キャンプ ハンモック ツーリング ソロキャンプ ハヤブサテント ヘキサ 庭 ガーデン 小型 おうち 家 SQT-401			
day-camp-tent	1	春夏 ワンタッチテント 公園 4人用 2〜4人用 2人用 3人用 2M 着替え フルクローズ テント 200×320cm デイキャンプ 大きめ UVカット ポップアップテント サンシェード キャンプ 海 簡易 コンパクト 軽量 アウトドア キャンプ おしゃれ 柄 無地			
day-camp-tent	2	ワンタッチテント ポップアップテント ピクニック テント 遮熱 遮光100% 公園 UVカット 熱中症対策 簡易テント 紫外線防止 日よけ ブラックコーティング コンパクト サンシェード 3人用 持ち運び フェス レジャー デイキャンプ 海水浴 運動会			
day-camp-tent	3	＼30%OFF在庫限り／and wander ポップアップテント[UVカット 遮光 日よけ ワンタッチテント ピクニック デイキャンプ 収納バック付き アウトドア 野外フェス おうちキャンプ べランピング テント プレイヤード BBQ エアバギーコラボ POPUP TENT]			
day-camp-tent	4	【最大5,000円OFF！27日1:59まで】DOD テント ポップアップテント デイキャンプ ワンタッチテント ポップアップ 組立簡単 日差しブロック UVカット加工 キャリーバッグ ペグ付属 キャンプ アウトドア マエバーン T2-073-TN タン			
deuter-backpack	1	ドイター オルチャ 25 DEUTER デイパック			
deuter-backpack	2	ドイター レース エアー 14+3 自転車 リュック			
deuter-backpack	3	ドイター ルガーノ 20 DEUTER デイパック			
deuter-backpack	4	ドイター フューチュラ Pro 36 D3401121-7403			
deuter-backpack	5	ドイター エアコンタクト コア 60+10 登山リュック			
dod-table	1	DOD テキーラテーブル TB4-746-BK			
dod-table	2	DOD ステルスエックスミニ GM1-598-BK			
dod-table	3	DOD マルチキッチンテーブル TB1-38-BK			
dod-table	4	DOD グッドラックテーブル TB4-685			
dod-tarp	1	DOD ビッグタープポール XP5-507 タープ ポール			
dod-tent	1	DOD ザ・ワンタッチテントM T3-673-KH ワンタッチテント ポリエステル			
dod-tent	2	DOD ワンポールテントL T8-200-TN ワンポールテント			
dod-tent	3	DOD エイテント T5-668-TN ワンポールテント			
dod-tent	4	DOD ヤドカリテント T6-662-TN 2ルーム ワンポールテント 6人用 インナーテント付属 耐水圧2,000mm			
dod-tent	5	DOD ワンタッチテント T2-629-TN 2人用 コンパクト 耐水圧1,500mm			
electric-blanket-camp	1	電気毛布 ひざ掛け 30000mAhバッテリー付き 掛け着る両用 ヒーター7枚内蔵 3段階調温 USB/DC 丸洗い可			
electric-blanket-camp	2	USB ホットマット 一人用 電気毛布 車中泊 ホットカーペット 450×1500 洗える			
electric-blanket-camp	3	電気毛布 電気敷き毛布 ファスナー付き 丸洗いOK USB暖房 4箇所発熱 速熱15秒			
electric-blanket-camp	4	充電式 電熱ブランケット コードレス ヒーター内蔵 大判 リチウムイオンバッテリー付き			
electric-blanket-camp	5	掛け敷き 電気毛布 洗える 130×80cm/188×130cm 3段階温度調節 掛け敷き兼用 JET安全認証			
family-camp-bbq	1	ダーチ DARCHE BBQ CHARCOAL STARTER 火起こし器 炭起こし器 焚き火台 焚火台 キャンプグリル ステンレス製 ファミリーキャンプ キャンプ BBQ オートキャンプ バーベキュー 軽量 ミニ 薄型 ソロ 折り畳み 折りたたみ 簡単 キャンプ道具 卓上 収納バッグ付き			
family-camp-bbq	2	onway オンウェー聖火焚火台モアキャンプ用品 焚き火台 折りたたみ式 コンパクト キャンプ デイキャンプ おしゃれ バーベキュー 携帯 BBQ 軽量 焚火 ソロ コンパクト 折り畳み ソロキャンプ ファミリーキャンプ キャンプギア キャンプグッズ たきび 五徳 オプション			
family-camp-bbq	3	限定30枚7％クーポン★【8−10人超大型BBQコンロ 焚き火台 兼用】BBQコンロ バーベキュー ファイヤーピット 焚き火台 バーベキューコンロ 焚火台 大型焚火 ファミリーキャンプ キャンプ キャンプグッズ 大型 二次燃焼 BBQ BBQコンロ 焚き火台 兼用			
family-camp-bbq	4	ファイヤーピット 焚き火台 バーベキューコンロ 8～10人 焚火台 アウトドアコンロ 焼き網 防水 防錆 耐久 火かき棒 設置簡単 スタイリッシュ ファミリーキャンプ キャンプ バーベキュー 焚火 ダッチオーブン 大型 二次燃焼 BBQコンロ 焚き火台 屋外 アウトドア			
family-camp-bbq	5	焚き火台 ソロ おしゃれ 焚火台 キャンプ コンパクト ソロストーブ 折りたたみ式 ソロキャンプ キャンプファイヤー 軽量 BBQ ミニ焚き火台 ソロキャンプ ソロ 用 焚き火台 ステンレス鋼 焚き火台 バーベキューコンロ スタンド ファミリーキャンプ キャンプギア			
family-camp-chair	1	＼サンキュー39％OFFクーポン実施中／アウトドアチェア 折りたたみ 椅子 チェア 2脚 4脚 セット木目 ローチェア 簡単組立 キャンプ イス アウトドア 背もたれ付 バーベキュー ファミリー 公園 運動会 レジャー 屋外 室内 おしゃれ 送料無料			
family-camp-chair	2	【送料無料】ラウンジチェア/BUNDOK(バンドック)/BD-187/チェア 折りたたみチェア アウトドア キャンプ チェア 運動会 スポーツ観戦 椅子 イス いす レジャー 折り畳みチェア			
family-camp-chair	3	【2脚セット】アウトドアチェア キャンプチェア ハイタイプ キャンプ椅子 軽量 キャンプ アウトドア バーベキュー キャンプ用品 レジャー 運動会 椅子 チェア 収納 折りたたみ コンパクト ファミリー 屋外 CC-HIGH			
family-camp-chair	4	コールマン (Coleman) リゾートチェア(オリーブ) キャンプ用品 ファミリーチェア 2000033560			
family-camp-chair	5	アウトドアチェア 折りたたみ 椅子 チェア ローチェア 簡単組立 キャンプ イス アウトドア 背もたれ付 バーベキュー ファミリー 公園 運動会 レジャー 屋外 室内 おしゃれ 送料無料 軽量 フォールディングチェア 折りたたみ椅子 キャンプチェア			
family-camp-cot	1	コールマン コンバータコット2 ラウンジャー 折りたたみベッド/チェア 2WAY オーバーサイズ			
family-camp-cot	2	ロゴス Tradcanvas コンフォートベッド 73173089 フォールディングコット			
family-camp-cot	3	Gussuri エアーマットコット DOEARTH 極厚10cm 耐荷重150kg ワンタッチ60秒			
family-camp-cot	4	BUNDOK イージーローコット BD-204 折りたたみ アウトドアベッド			
family-camp-cot	5	ゆらふわモック ハンモックベッド コット 自立 折りたたみ			
family-camp-lantern	1	楽天総合1位 LED ランタン 63灯 USB 手回し ソーラー 電池 車載充電 アウトドア 充電式 懐中電灯 キャンプ 登山 停電 防災対策			
family-camp-lantern	2	当店限定色あり《全8色》ブルーノLEDランタン BRUNO LED LANTERN ライト 電灯 電池式 無段階調光 持ち手付き 雑貨 アンティーク ギフト プレゼント 新生活 防災グッズ 災害 非常用 ベランピング ピクニック BBQ おしゃれ キャンプ アウトドア			
family-camp-lantern	3	高評価★4.65★ ランタン LEDランタン 充電式 1600ルーメン リモコン付き マグネット 吊るし 防水 明るい 暖色 最強 1000ルーメン以上 長時間 LEDランプ LEDライト アウトドア キャンプ 車中泊 夜釣り 防災グッズ			
family-camp-lantern	4	Soomloom 2Wayランタン Helio5000 スームルームランタン 最大300ルーメン 5000mAh LED ランタン 懐中電灯 2way キャンプライト USB Type-C充電 調節可能 キャンプランタン アウトドア 防災 防水レベルIPX4 LEDミニランタン アウトドア			
family-camp-lantern	5	LACITA 明るさが360度広がる LEDランタン 充電式 キャンプ ライト 吊り下げ 卓上 小型 軽量 電球色 防災 停電対策 懐中電灯 シーリングライト 明るい 長持ち ラチタ			
family-camp-mat	2	【27(水)迄全品クーポン】キャンピングマット エアマット 自動膨張 エアー ピロー付き 車中泊 冬用 エアーマット 防災用品 エアーマット インフレータブル マットレス アウトドア キャンプマット エアーベッド ベランピング おうちキャンプ ad011			
family-camp-mat	3	*15%OFFクーポン*【送料無料】防災士監修 リバーシブル キャンピングマット エアーマット アウトドア 用品 キャンプ 雑貨 インフレータブル 車中泊 エアー マットレス 自動膨張 レジャー 行楽 ハイキング 登山 花見 フェス 厚さ 5cm 防災 おうちキャンプ			
family-camp-tent	1	【TOMOUNT公式】 tomount テント ベルテント 5m ドーム型テント 通気 日除け 虫よけ tcテント 豪華型 ポリコットンテント 8〜10人用 ファミリーテント グランピング テント 薪ストーブ テント 大型 タープテント 防水 グループキャンプ			
family-camp-tent	2	BODEN（ボーデン）RATELWORKS ラーテルワークス キャンプ ファミリーキャンプ テント 2ルームテント ツールームテント ドームテント ドーム型テント ファミリーテント (RWS0111)			
family-camp-tent	3	【TOMOUNT公式】【新作】 TOMOUNT テント 2ルーム ツールームテント 日除け通気 インナー付き キャンプテント 2ルーム ファミリーテント 超大空間 トンネルテント 耐水圧2000mm オールシーズン テント 防水 585 x 315 x 195cm【TRT-KAKO】			
family-camp-tent	4	【TOMOUNT公式】TOMOUNT インフレータブルテント TC オックスフォード 素材別 エアーテント ポリコットン 大空間 ロッジ型テント キャンプテント 3～5人用 煙突穴付き ファミリーテント 簡単設営 アウトドアテント 日除け 遮熱 防水 虫よけ 初心者向け 320x250x 220cm			
family-camp-tent	5	WAQ Alpha TC アルファ TC/FT WAQ-TCFT1 ファミリー用テント ソロテント シェルター ティピテント ワンポールテント 【1年保証】			
family-summer-large-tent	1	【レンタル】ピルツ 19〔小川キャンパル〕【レンタルテント】【往復送料無料】 ファミリー キャンプ 宿泊 家族 春キャンプ 夏キャンプ 秋キャンプ 冬キャンプ 10人 大型テント ワンポール　簡単設営			
family-summer-large-tent	2	ノースピーク 韓国ブランドテント 2ルーム ACADIA - OLIVE SAND エアテント ファミリーテント 5人用 メッシュ UV コート 耐水圧4000mm インナーテント グランドシート タープポール付属 オリーブ アウトドア キャンプ			
family-summer-large-tent	3	ノースピーク Northpeak OCTA SHELL OLIVE GRAY 韓国ブランド ファミリーテント シェルター テント 10人用 メッシュ UV コート 耐水圧4000mm インナールーフテント オリーブ 12人			
family-summer-large-tent	4	ノースピーク Northpeak ATLANTIC OCEAN 2.0 OLIVE SAND 韓国ブランド 2ルーム ファミリー テント 4人用 メッシュ UV コート 耐水圧3000mm インナーテント グランドシート アルミフレーム オリーブ カラー			
family-summer-large-tent	5	ノースピーク 韓国ブランド テント 2ルーム ファミリーテント 4人用 メッシュ UV コート 耐水圧3000mm インナーテント グランドシート タープポール ホワイト カラー アウトドア キャンプ			
fire-tongs	1	スノーピーク 火ばさみ N-020 トング ステンレス 木製ハンドル 永久保証			
fire-tongs	2	DOD フツーノトング TG1-899-BK 火ばさみ 焚き火 トング			
fire-tongs	3	VENTLAX TAKIBI TONGS 焚火トング 火ばさみ 薪ばさみ			
fire-tongs	4	ZEN Camps 火ばさみ 薪バサミ 折りたたみトング 伸縮式 ステンレス コンパクト			
fire-tongs	5	Field to Summit 薪ばさみ 34cm OFHTONG34 木製ハンドル 火ばさみ 炭ばさみ			
forged-peg	1	エリッゼステーク 28cm 8本セット 黒カチオン電着塗装 MK-280K×8 S55C 楕円棒			
forged-peg	2	IWANO 鍛造ペグ 30cm 8本 日本製 カチオン電着塗装 サビに強い			
forged-peg	3	エリッゼステーク 28cm 5本セット 黒カチオン電着塗装 MK-280K×5 S55C 楕円棒			
forged-peg	4	REIDEN 鍛造ペグ セット 20cm〜30cm 4〜16本 袋付き 現役キャンパー監修			
forged-peg	5	鍛造ペグ 30cm 8本 ＋ ペグハンマー セット 木製ハンマー 発光テントロープ 収納袋付き			
gregory-backpack	1	GREGORY デイパック DAY PACK クラシック			
gregory-backpack	2	GREGORY イージー ピージー デイ EASY PEASY DAY 18L			
gregory-backpack	3	GREGORY キャンパスデイ M CAMPUS DAY M 22L クラシック			
gregory-backpack	4	GREGORY ルーヌ22 RHUNE 22L PC/タブレット収納スリーブ			
gregory-backpack	5	GREGORY カジュアルデイ V2 バックパック			
group-camp-tent	1	【正午~クーポン10%引】 楽天1位 法人価格有 特大 3×6m 3×9m ワンタッチ タープテント 3m 6m 簡単 テント イベント 大型 大人数 キャンプ アウトドア 大型テント 運動会 レジャー おもり 6人 着替え 重り ワンタッチタープ			
group-camp-tent	2	楽天1位 1年保証 2m / 3m タープテント ワンタッチ サイドシート 1枚 2枚 3mx3m 2m×2m 収納バッグ UV 耐水 ベンチレーション タープ テント サイドシート付 大型 テント 収納ケース コンパクト収納 日除け 日よけ 運動会 公園 庭 プール			
group-camp-tent	3	大型テント　イベント テント　運動会 テント ワンタッチ フリーライズ　HEXAGON(ヘキサゴン)シリーズ（アルミフレーム）　3m×6m　カラー： 5色 防災用 自治会 熱中症対策 マルシェ 待機所　待合所 学園祭　寄贈品　Free-Rise			
group-camp-tent	4	大型テント 6人用 5人用 4人用 家族 ドーム型 簡単 軽量 UVカット UPF50+ キャノピーテント キャンプ テント 防水 耐水圧 2000mm 防災 レジャー メッシュ テント 日よけ 海 山 通気 大人数 大型 PYKES PEAK パイクスピーク			
group-camp-tent	5	【楽天1位】テント 4人用 ドームテント 大型 5人用 6人用 キャンプテント UVカット キャノピー ポール 付 耐水圧 1,500mm以上 キャノピーテント フルクローズテント テント メッシュ 日よけ 組み立て式 FIELDOOR 1年保証 ★[送料無料]			
headlight-rechargeable	1	N-FORCE SR-01L 充電式ヘッドライト センサー点灯 LED 軽量 長時間			
headlight-rechargeable	2	relief10 LEDヘッドライト 充電式 3灯LED ワイド/スポット2in1 モーションセンサー付き 12か月保証			
headlight-rechargeable	3	ヘッドライト 充電式/電池式 5200ルーメン 高輝度 センサー点灯 USB 防水 防塵 軽量			
headlight-rechargeable	4	N-FORCE SC-300R/SC-400R 充電式ヘッドライト LED 防水 登山 釣り 防災			
headlight-rechargeable	5	Lepro ヘッドライト 充電式 USB-C 300ルーメン 実用点灯30時間 白＆赤点灯 防水 軽量 1年保証			
hexa-tarp	1	DOD いつかのタープ TT5-631-TN ヘキサタープ ポリエステル ポール ペグ ロープ付属 初心者向け			
hexa-tarp	2	FIELDOOR タープテント ヘキサタープ Mサイズ 440cm×470cm 六角形 UVカット 高耐水 4〜6人用			
hexa-tarp	3	VASTLAND TCヘキサタープ 420cm×420cm ポリコットン 難燃素材 ポール ペグ 自在ロープ 延長ベルト 収納袋付き オールインワンセット			
hexa-tarp	4	FIELDOOR タープテント ヘキサタープ Lサイズ 530cm×570cm 六角形 UVカット 高耐水 6〜8人用			
hexa-tarp	5	ポリコットン ヘキサタープ 焚火タープ 防水 軽量 5m延長ベルト付き 遮熱性 耐火性 サンシェード			
hot-sandwich-maker	1	VASTLAND ホットサンドメーカー シングル 直火・IH対応 着脱式 フッ素樹脂加工			
hot-sandwich-maker	2	チャムス ホットサンドウィッチクッカー CHUMS CH62-1039 シングル 直火			
hot-sandwich-maker	3	VASTLAND ホットサンドメーカー シングル 直火式 燕三条製			
hot-sandwich-maker	4	キャンピングムーン ホットサンドメーカー 直火式 シングル ケース付き コンパクト			
hot-sandwich-maker	5	グリルホットパン ホットサンドメーカー 直火 1枚用 着脱式 耳まで圧着			
inflatable-mat	1	Aiflycy インフレーターマット 厚手8/10cm 枕付き 幅75cm 自動膨張式 極厚 車中泊マット			
inflatable-mat	2	電動インフレーターマット 電動ポンプ内蔵 厚手10cm トリプルバルブ構造 自動膨張 車中泊			
inflatable-mat	3	OneTigris DREAMSTAR インフレータブルマット 厚手8cm R値6.3 自動膨張 超軽量 高反発ウレタン シングル 撥水加工			
inflatable-mat	4	PYKES PEAK インフレーターマット 8cm R値8.93 自動膨張式 車中泊マット			
inflatable-mat	5	Bears Rock キャンプマット 3cm シングル 自動膨張式 軽量コンパクト			
iwatani-stove	1	イワタニ カセットガス ジュニアコンパクトバーナー CB-JCB			
iwatani-stove	2	イワタニプリムス P-153 ウルトラバーナー シングルバーナー			
iwatani-stove	3	イワタニ カセットガス アウトドア トーチバーナーII CB-TC-ODORP			
kids-sleeping-bag	1	【Bears Rock】-6度 子ども用　小さめ　子ぐま寝袋　封筒型 ふんわり暖かい 3.5シーズン 洗える 寝袋 ふわ暖 キャンプ 防災 アウトドア 洗える寝袋 緊急用 夏用 防災用 軽量 -6℃ コンパクト 冬用 布団 防災グッズ 車中泊 ボーイスカウト 林間学校 野外活動 シュラフ MX-604J			
kids-sleeping-bag	2	寝袋 冬用 オール シーズン コンパクト 封筒型 寝袋 シュラフ 災害 寝袋 来客用 防災 寝袋 大きい サイズ 寝袋 子供用 キッズ ねぶくろん ねぶくろ 夏用 寝袋 マット 軽量 -10℃ キャンプ アウトドア丸洗い1.0kg 1.4kg 1.8kg			
kids-sleeping-bag	3	【数量限定★超目玉割引CP】寝袋 2人用 封筒型 冬用 洗える コンパクト アウトドア 寝具 ダブルサイズ 子供 添い寝 ねぶくろ かわいい 3kg キャンプ用品 車中泊 グッズ 防寒 おうちキャンプ 収納 防災グッズ 臨時 布団 新生活 ベランピング ad083			
kids-sleeping-bag	4	寝袋 インナーシュラフ 軽量 夏 薄手 インナーシーツ 封筒型 丸洗い可能 コンパクト 収納 シーツ 洗える 防災 緊急時 ボックスシーツ 防災 トラベルシーツ 緊急時 防災グッズ キャンプ用品 車中泊 山小屋泊 収納袋付き 送料無料			
kids-sleeping-bag	5	【4/30まで★15%OFFクーポン】KingCamp 寝袋 シュラフ 子供用 封筒型 快適温度7度 オールシーズン対応 夏用 軽量1.4KG 連結可能 コンパクト収納 防寒 保温 防災用 キャンプ 車中泊 アウトドア 収納パック付き			
lantern-stand	1	山崎実業 tower ランタンスタンド 伸縮 高さ調節 ランタンハンガー LEDランタン 北欧 おしゃれ モノトーン			
lantern-stand	2	VASTLAND ランタンスタンド ランタンハンガー 高さ75cm〜215cm アルミ製 収納バッグ付き			
lantern-stand	3	FUTURE FOX ランタンスタンド ランタンハンガー ランタンポール 南信州発アウトドアブランド			
lantern-stand	4	ランタンスタンド ランタンハンガー付き マルチツールスタンド テーブル ペグ キャンプ アウトドア			
lantern-stand	5	ランタンスタンド 卓上 ペグ付き 折りたたみ 2WAY ランタンハンガー 4段階高さ調節 クランプ式/打ち込み式 収納ケース付き			
large-tarp-recommend	1	タンスのゲン 特大3×6m ワンタッチタープテント サイドシート付 大型 収納ケース付 アウトドア イベント 運動会 日よけ・日除け			
large-tarp-recommend	2	FIELDOOR ワンタッチタープテント 3m×3m 頑丈スチールフレーム UVカット 撥水 日よけ 1年保証			
large-tarp-recommend	3	Coleman コールマン 13x13 シェルター キャノピー 大型 日除け テント ガゼボ			
large-tarp-recommend	4	FIELDOOR ヘキサタープ 大型 Lサイズ 530cm×570cm UVカット 高耐水 6〜8人用 ヘキサゴンタープ			
large-tarp-recommend	5	モダンデコ ワンタッチタープテント 3m 遮熱 遮光 UV99.9%カット 防水 軽量 アウトドア			
low-style-table	1	クイックキャンプ ミニ三つ折りテーブル 木目調 QC-3FT90 折りたたみ ローテーブル メッシュ 耐熱耐水			
low-style-table	2	LAD WEATHER 折りたたみテーブル 超軽量 アルミ製 ローテーブル コンパクト 収納袋付き			
low-style-table	3	FIELDOOR レジャーテーブル ロールテーブル 90cm×60cm 木製 ウッド ローテーブル			
low-style-table	4	FIELDOOR レジャーテーブル バンブー 竹製 60×100cm ロールテーブル 天然木			
low-style-table	5	アウトドアテーブル 幅60cm アルミ製 折りたたみ ローテーブル ロールテーブル 1年保証			
mestin-recommend	1	キャンピングムーン メスティン ラージ 3合 アルミ 直火 ふた・ハンドルカバー付 飯盒			
mestin-recommend	2	ラフマーケット 純正テフロン加工 ラージメスティン 3合 軽量コンパクト			
mestin-recommend	3	Field to Summit ライスクッカー 3合 OFCARC2 アルミ アルマイト 目盛付 ハンドル付			
mestin-recommend	4	TITAN MANIA(チタンマニア) メスティン 2合 チタン製 超軽量 800ml 蒸し網セット 目盛り付き 収納袋付き			
mestin-recommend	5	MR-250 Pro+ メスティン All in1セット レギュラー バリ取り済 湯切り穴 目盛付 5点セット シルバー			
mobile-battery-camp	1	モバイルバッテリー 大容量 23600mAh PD22.5W Type-C出入力 4本ケーブル内蔵 残量表示 LEDライト PSE認証済			
mobile-battery-camp	2	モバイルバッテリー 大容量 40000mAh 22.5W急速充電 3台同時充電 LCD残量表示 PSE認証			
mobile-battery-camp	3	モバイルバッテリー 大容量 22000mAh 3台同時充電 LCD残量表示 薄型 ケーブル内蔵 PSE認証			
mobile-battery-camp	4	モバイルバッテリー 大容量 40000mAh 22.5W ケーブル内蔵 4台同時充電 Type-C出入力 PD対応 PSE認証済			
mobile-battery-camp	5	モバイルバッテリー 5000mAh/10000mAh 小型 軽量 ケーブル内蔵 マット加工 PSE認証			
mountain-backpack-30l	1	【ドイツで年間7000個販売】NORDKAMM 登山バックパック 30L レインカバー ヘルメットホルダー付き 防水 耐水圧2000mm 軽量 大容量 防災 災害用 旅行 アウトドア キャンプ ザック リュック バッグ			
mountain-backpack-30l	2	【お買い物マラソン期間限定ポイント2倍】 バックパック 30L 登山 リュックサック 登山用リュック ザック メンズ レディース 軽量 通勤 通学 機内持ち込み レインカバー付き 防災バック 春山登山 旅行 背面通気 入学準備 新生活			
mountain-backpack-30l	3	登山リュック ザック 30L 軽量 コンパクト 背負いやすい 日帰り ハイキング トレッキング 低山 富士山 初心者OK 女性にも タウンユース 旅行 機内持ち込み Mendoza 30 アコンカグア			
mountain-backpack-30l	4	26春夏 MAMMUT マムート メンズ レディース (ユニセックス) Lithium 30 2530-03152 30L バックパック バッグ ザック リュックサック 登山 アウトドア キャンプ			
mountain-backpack-30l	5	正規品 登山 リュック 登山バッグ 30L 大容量 初心者向け プロ仕様 メンズ レディース バックパック ザック 多機能 防水 防雨 滑り止め 軽量 耐久性 頑丈 背面通気 疲れにくい 通勤 通学 機内持ち込み 防災バック 山登り 夏山登山 初詣登山 初日の出 旅行 レインカバー付き			
mountain-camp-mat	1	SALE 【 累計20000個販売 】車中泊 マット インフレーターマット インフレータブルマット テント マット 車中泊マット コット 56×177cm アウトドア 登山 連結可能 スエード 自動膨張 キャンプ マット マットレス エアーマット エアマット 1枚 樅　1年保証			
mountain-camp-mat	2	キャンプ マット キャンプ用品 [ アルミコーティングで熱を逃がさない オールシーズン使えるリバーシブル 凹凸で体圧を分散 ] テント アウトドア マット レジャーマット 寝袋 マット 防災 グッズ アウトドアマット 登山 登山用品 登山グッズ LAD WEATHER ラドウェザー			
mountain-camp-mat	3	VASTLAND インフレーターマット 厚さ 8cm			
mountain-camp-mat	4	キャンプ マット 車中泊 [ 極厚 10cm 撥水 1分で自動で膨らむ 22mmの大型バルブ 補修キット付き ] キャンプマット 車中泊マット マットレス エアーマット エアベッド エアマット ベッド 車 テント アウトドア 登山 キャンプ用品 防災 グッズ LAD WEATHER ラドウェザー			
mountain-camp-mat	5	【今だけ・18%OFF】キャンプマット 厚手 防災 エアー【CAMDOOR】エアーマット 高R値6.8 アウトドア 10cm-20°C 超軽量 連結可能 コンパクト キャンプ マット 登山 インフレーターマット 耐水加工 テント泊 防水 防災 マミー型 封筒型 《3sp03》			
mountain-camp-tent	1	「Tenplay公式」登山テント キャンプテント ソロテント ワンポールテント トレッキングポール 山岳 1人用 20Dナイロン超軽量1kg コンパクト 4シーズン 防水 通気 耐水圧5000mm 前室付き ピラミッド式 設営簡単			
mountain-camp-tent	2	【TOMOUNT公式】 TOMOUNT ソロテント 超軽量テント 1人用 20Dナイロン ドームテント 2ルームテント インナーテント付き バックパックテント 耐水圧3000mm 自立式 登山テント 自転車旅行 キャンプ アウトドア【Pagonlin Tent】			
mountain-camp-tent	3	【TOMOUNT公式】 TOMOUNT ソロテント 超軽量テント 1人用 2人用 ドームテント 20Dナイロン バックパックテント 二重層 耐水圧4000mm インナー付き 前室付き 日よけ 虫よけ 自立式 登山テント 自転車旅行 キャンプ アウトドアテント 2サイズあり【NY TENT】			
mountain-camp-tent	4	【送料無料】TRIWONDER 二重層 テント 1 2 3人用 アウトドア 防災用 キャンプ用品 3シーズン 登山テント 撥水加工 軽量 設営簡単 4色選択可能 (オレンジ - 1人用)			
mountain-camp-tent	5	カイラステント ZENITH 2〜3人用テント 吊下げ式 キャンプテント 登山テント 業務 軽量 ダブルエントランス コンパクト 高耐久性 2kg アウターのみで使用可能 リペアキット 送料無料			
mountain-tent-cheap	1	【楽天1位】テント ソロテント フィールドキャンプドーム 100 1人用 210x105cm 軽量 コンパクト収納 36x16cm 前室 メッシュ フライシート インナーテント ダブルウォール キャノピー ツーリング ドームテント アウトドア FIELDOOR 1年保証 ■[送料無料]			
mountain-tent-cheap	2	GEERTOP テント 2人用 軽量 防水 キャンプ サイクリング アウトドア 登山用 4シーズンに適用 簡単設営 140cm x 210cm アーミーグリーン イエロー			
mountain-tent-cheap	3	【SS先行セール！いち早くゲット！】 Naturehike テント ハイキング 1人用 20D ソロキャンプ 耐水圧3000/4000mm 超軽量 二重層 ダブルウォール 前室 プロフェッショナルテント コンパクト 自立式 アウトドア 登山 キャンピング 防災 設営簡単			
mountain-tent-cheap	4	★20％オフクーポンあり→15,600円★完売次第廃盤★送料無料 OneTigris Hillridge 軽量テント 登山用テント 2人用 通気性 防水防風 簡単設営 前室あり 結露対策 アップグレード版 3シーズン ULテント 自転車 バイク旅行 ハイキング キャンプ用			
mountain-tent-cheap	5	★20％オフクーポンあり→21,032円★完売次第廃盤★送料無料 OneTigris TETRAピラミッドテント 160cm インナー付き ポール付き 軽量 ワンポールテント ソロテント キャンプテント 登山 アウトドア 2人用 1人用 キャンプ旅行 ソロキャンプ			
mummy-sleeping-bag	1	Bears Rock -15度 マミー型 洗える寝袋 丸洗い センタージッパー 4シーズン対応 冬用			
mummy-sleeping-bag	2	HAWK GEAR(ホークギア) 寝袋 シュラフ マミー型 -15度耐寒 簡易防水 オールシーズン コンパクト			
mummy-sleeping-bag	3	HAWK GEAR(ホークギア) 寝袋 シュラフ 耐寒温度-15℃ マミー型 洗える オールシーズン コンパクト			
mummy-sleeping-bag	4	HAWK GEAR(ホークギア) 寝袋 毛布 シュラフ マミー型 洗える -15度耐寒 簡易防水 オールシーズン			
mummy-sleeping-bag	5	OneTigris シュラフ マミー型 寝袋 コンパクト 撥水 圧縮可能 快適温度8〜15℃ 軽量 洗える 3シーズン			
mysteryranch-backpack	1	ミステリーランチ クーリー30 Coulee 30 バックパック 30L 112814-001			
mysteryranch-backpack	2	ミステリーランチ ギャラゲーター S/M 20L			
mysteryranch-backpack	3	ミステリーランチ クーリー 40 COULEE 40 バックパック			
mysteryranch-backpack	4	ミステリーランチ ブリッツ 35 BLITZ 35 バックパック			
naturehike-mat	1	Naturehike 高R値 エアーマット R4.6/R5.8/R8.8 厚手8cm/12cm 超軽量 連接可能 インフレーターマット			
naturehike-mat	2	Naturehike キャンプマット 厚手5cm/10cm 自動膨張 インフレーターマット 無限連結可能 4シーズン			
naturehike-mat	3	Naturehike 高R値 エアーマット R6.5 サイドウォール 厚手10cm -25℃使用可能 空気入れ袋付き			
naturehike-mat	4	Naturehike 電動エアーベッド エアーマット 自動膨張 1/2/3人用 電動ポンプ USB充電式 折り畳み			
naturehike-mat	5	Naturehike エアーベッド 枕付き 厚さ25cm 1/2/3人用 耐荷重150kg 電動ポンプ USB充電式 高反発			
naturehike-tent	1	Naturehike Cloud up2 Pro UL ドームテント 超軽量 1〜2人用 20D/15D 二重層 耐水圧4000mm 3シーズン 前室あり 自立式			
naturehike-tent	2	Naturehike 軽量テント 1〜2人用 20D ナイロン 耐水圧4000mm 前室あり 専用グランドシート付 アルミポール			
naturehike-tent	3	Naturehike Dune7.6 2ルーム ドーム型テント アップグレード 煙突口付き 自立式 二重構造 前室 UVカット UPF50+ 耐水圧2000mm 2人用			
naturehike-tent	4	Naturehike ワンタッチテント Ti black ロッジ型テント 13平米 大型 ツールーム 2つ前室 3〜4人用 チタンブラックコーティング 二重層 自立式 耐水圧2000mm			
naturehike-tent	5	Naturehike ワンタッチテント ビレッジ13 Ti blackコーティング 前幕付き ロッジ型 ツールーム 2つ前室 3〜4人用 二重層 自立式 耐水圧2000mm			
one-pole-tent	1	テンマクデザイン サーカスTC DX+ ワンポールテント 2〜4人用 ポール付き 防水 防風 遮光			
one-pole-tent	2	OneTigris CONIFER ポリコットンT/C 煙突テント ワンポールテント 二股ポール 1〜2人用 焚火可 撥水			
one-pole-tent	3	WAQ Alpha TC アルファ TC ソロテント ティピテント シェルター 1年保証			
one-pole-tent	4	DOD ワンポールテントS T3-44-TN 6角形 ポリエステル 3人用 耐水圧2,000mm コンパクト			
one-pole-tent	5	ワンポールテント 軽量 UVカット メッシュ インナーシート 4人用 ポリエステル 耐水圧2,000mm 大型			
osprey-backpack	1	OSPREY デイライトプラス DAYLITE PLUS OS57176 バックパック			
osprey-backpack	2	OSPREY ストラトス 36 Stratos 36L バックパック			
osprey-backpack	3	OSPREY シラス 24 SIRRUS 24 レディース バックパック			
osprey-backpack	4	OSPREY フェアビュー40 トラベルパック FAIRVIEW 40 レディース バックパック			
portable-fridge	1	EENOUR ポータブル冷蔵庫 DB01 10L/18L/23L バッテリータイプ 車載 セカンド冷凍庫			
portable-fridge	2	車載冷蔵冷凍庫 18L -20℃〜20℃ 2WAY電源 DC12V/24V・AC100V 急速冷凍 静音			
portable-fridge	3	ポータブル冷凍庫 18L/22L/25L/30L コンプレッサー式 -22℃〜10℃ USB給電 12V/24V AC/DC対応 PSE認証			
portable-fridge	4	PowerArQ ICEBERG ポータブル冷蔵庫 29L/12L コンプレッサー式 -22℃ 2室			
portable-fridge	5	Re:Gear 車載冷蔵庫 9L/12L -20℃ AC100V/DC12V/24V シガーソケット対応			
portable-power-large	1	Jackery ポータブル電源 2000 New 2042Wh リン酸鉄 定格2200W UPS機能 アプリ遠隔操作 純正弦波			
portable-power-large	2	EcoFlow DELTA 3 Max 2048Wh AC出力2200W 急速充電 5年保証 リン酸鉄			
portable-power-large	3	Dabbsson 2000L 2048Wh 半固体リン酸鉄 2200W出力 大容量 軽量			
portable-power-large	4	EENOUR P2001PLUS 2048Wh 2400W リン酸鉄 UPS機能 急速充電 アプリ対応			
portable-power-large	5	ポータブル電源 2048Wh 2400W リン酸鉄 ソーラーパネル200W 3点セット UPS			
portable-power-vehicle-camp	1	EcoFlow ポータブル電源 リン酸鉄 長寿命 1hフル充電 大容量 RIVER 2 Max 512Wh 5年保証 小型 蓄電池 発電機 ポータブルバッテリー 急速充電 車中泊 アウトドア キャンプ 停電対策 防災グッズ エコフロー			
portable-power-vehicle-camp	2	ケンウッド BN-RK600-B ポータブル電源（KENWOOD ポータブルバッテリー 充電池 非常用 防災用 地震 停電 防災グッズ おすすめ キャンプ ブラック ポタ電 車中泊 BN-RB62-C同等品）（ラッピング不可）（デジタルライフ）			
portable-power-vehicle-camp	3	EcoFlow RIVER 2 Pro 768Wh + 160W ポータブル電源 ソーラーパネル セット 蓄電池 発電機 ポータブルバッテリー 急速充電 アプリ対応 車中泊 非常用電源 停電 台風 防災グッズ アウトドア キャンプ エコフロー			
portable-power-vehicle-camp	4	KYOCERA(京セラ) ポータブル電源 1601.5Wh 純正弦波インバーター搭載 DPS1800			
portable-power-vehicle-camp	5	EcoFlow ポータブル電源 リン酸鉄 長寿命 1hフル充電 RIVER 2 256Wh 5年保証 小型 蓄電池 発電機 ポータブル バッテリー 急速充電 アプリ対応 車中泊 AC出力300W アウトドア 台風 停電 防災グッズ キャンプ			
pup-tent	1	OneTigris SOLO HOMESTEAD ポリコットンTC パップテント 軍幕 煙突口あり ポール付き 1〜2人用 焚き火可			
pup-tent	2	TOMOUNT パップテント TC 軍幕 2人用 ポリコットン サイドウォール付き インナー付き 煙突穴付 4シーズン			
pup-tent	3	SoomLoom パップテント ノーマル/ビッグサイズ 軍幕 TC素材 ポリコットン ソロテント 防風防雨			
pup-tent	4	OneTigris ROC SHIELD ポリコットンTC 炎幕 パップテント 軍幕 煙突口 全面フルクローズ可 ポール付属 焚き火可			
pup-tent	5	GOGlamping G・G PUP 2.0 パップテント TC 1人用 軍幕 メッシュ/耐熱シート三角窓 焚き火可 薪ストーブ対応			
rectangle-sleeping-bag	1	Bears Rock 封筒型 寝袋 -6度 3.5シーズン 洗える ふわ暖 MX-604			
rectangle-sleeping-bag	2	Nuuca ヌーカスリープ 封筒型 寝袋 ISO国際基準 -10℃ 北欧デザイン 丸洗い			
rectangle-sleeping-bag	3	ねぶくろん 封筒型 寝袋 最大限界温度-15度 230T 1.8kg 撥水 洗える			
rectangle-sleeping-bag	4	AIFLYCY 封筒型 寝袋 オールシーズン 2人用 幅広 洗える 防水 3.5シーズン			
rectangle-sleeping-bag	5	封筒型 寝袋 選べる4タイプ 最大限界温度-15/-5/5度 連結可能 撥水 洗える			
secondary-combustion-bonfire	1	Field to Summit フレイムストーブMAX OFBMAX 二次燃焼 焚き火台 ステンレス304 キャリーバッグ付			
secondary-combustion-bonfire	2	Field to Summit フレイムストーブMAX MINI OFBMAXMI 二次燃焼 焚き火台 ステンレス キャリーバッグ付			
secondary-combustion-bonfire	3	二次燃焼型 焚き火台 ガラス窓 二層壁構造 五徳・収納袋付き 30×14×23.5cm			
secondary-combustion-bonfire	4	Soomloom ハーフユニット焚き火台 SparkJarr 卓上 二次燃焼 折りたたみ IGTテーブル対応			
secondary-combustion-bonfire	5	オクタゴンブラック 二次燃焼 無煙 焚き火台 高火力 ファイアピット			
sierra-cup	1	スノーピーク チタンシェラカップ E-104			
sierra-cup	2	シェラカップ 3個セット フック付き 計量メモリ付き アウトドア食器			
sierra-cup	3	キャンピングムーン 深型シェラカップ＋せいろ セット ステンレス 蒸し器 木製蓋付き			
sierra-cup	1	キャンピングムーン シリコンリッド シェラカップ用 蓋 注ぎ口付き			
sierra-cup	2	ユニフレーム コーヒーバネット sierra 667767 コーヒードリッパー 軽量 コンパクト			
sleeping-bag-season-guide	1	【数量限定★超目玉割引CP】【高評価】＼楽天168冠／最大限界温度-15度 防災士監修 非常用 1.45kg 寝袋 シュラフ オールシーズン 洗える コンパクト 封筒型 冬用 ねぶくろ キャンプ 車中泊 掛け布団 連結可能 軽量 防災用品 避難具 最強 来客 キャンプ用品 便利 グッズ			
sleeping-bag-season-guide	2	Nuuca 寝袋 防災 来客用 布団セット ヌーカスリープ【ISO国際基準 -10℃】 北欧デザイン シュラフ オールシーズン 春用 秋用 冬用 来客布団 布団 ふとん 客用布団 人気 おすすめ コンパクト 羽毛 封筒型 丸洗い 3シーズン 車中泊 仮眠 夜勤 自宅用 帰省 収納袋単体			
sleeping-bag-season-guide	3	【★激アツ価格＆600円クーポン 】 楽天1位 寝袋 防災 来客用 最大限界温度-15度 コンパクト オールシーズン ねぶくろん 230T 1.8kg 撥水 シュラフ 封筒型 軽量 洗える 収納 便利 トラック 車中泊 布団 ふとん 仮眠 地震 停電 キャンプ 夏用 シングル 送料無料			
sleeping-bag-season-guide	4	寝袋 －15℃ オール シーズン 【 アウトドア ランキング 1位獲得 】 シュラフ キャンプ シェラフ 封筒型 −15度 封筒型寝袋 封筒型シュラフ 封筒 洗える 丸洗い できる ワイドサイズ コンパクト 大きい ワイド 布団 代わり 車中泊 おしゃれ あったか 洗濯 部屋 室内 寝袋楽天			
sleeping-bag-season-guide	5	【クーポンで3824円〜】寝袋 冬用【最大幅90cm追加！】寝袋 オールシーズン シュラフ 封筒型 防災 来客用 AIFLYCY 洗える 布団 暖か1.1kg/1.4kg/1.8kg/2.2kg/3.0kg/3.5kg 軽量 ファミリー キャンプ 車中泊 防水 3.5シーズン 2人用 幅広 《3sd01》			
sleeping-bag-temp-guide		寝袋 コンパクト シュラフ 春夏向け 封筒型 洗える 丸洗い 災害 防災 キャンプ アウトドア ソロキャンプ 軽量 車中泊 収納袋付 ポリエステル 中綿 3シーズン			
sleeping-bag-temp-guide		寝袋 シュラフ 洗える コンパクト 軽量 防災 マミー型 封筒型 連結 防寒 大人 登山 キャンプ レジャー 車中泊 春 秋 冬 3シーズン AT02			
sleeping-bag-temp-guide		WAQ DD SLEEPINGBAG ファミリー用 両開きタイプ寝袋 3シーズン使用可能 快適使用温度0℃ 封筒型 収納袋一体式 1-4人用			
sleeping-bag-temp-guide		ISUKA イスカ パトロール ショート 寝袋 シュラフ 3シーズン 最低使用温度2℃ マミー型 軽量 コンパクト 車中泊 キャンプ 登山 アウトドア			
sleeping-bag-temperature-guide	3	Mt.happy 寝袋 マミー型 ダウン -25度 シュラフ 軽量 コンパクト 冬用 キャンプ 登山 アウトドア			
solar-panel-folding	1	Jackery SolarSaga 100 ソーラーパネル 100W 折りたたみ式 単結晶 IP65防水			
solar-panel-folding	2	PowerArQ Solar 120W ソーラーパネル 折りたたみ 防水IP65 防塵 耐熱 ETFE			
solar-panel-folding	3	TogoPower ソーラーパネル 120W 折りたたみ式 単結晶 ETFE 急速充電 スタンド付き			
solar-panel-folding	4	LACITA 81W ソーラーパネル ソーラーチャージャー 折りたたみ式			
solar-panel-folding	5	MOTTERU ソーラーパネル 24W USB2ポート 合計20W出力 スタンド付き 2年保証			
solo-camp-beginners-guide	1	【セール！ 30%OFF】POLeR ポーラー 1人用テント 1 MAN TENT 超軽量 2.2kg 102 x 216 x 81cm 初心者 組み立て簡単 ペグ ガイロープ リペアキット付属 コンパクト サーフ スケート フェス アウトドア キャンプ 家キャンプ ソロキャンプ 【正規取扱い】			
solo-camp-beginners-guide	2	MSR エムエスアール ドームテント エリクサー1 タン 37072 テント ドーム型テント ソロテント 1人用 ソロキャンプ 初心者 エントリーモデル			
solo-camp-beginners-guide	3	ソロキャンプ 入門編 ドームテント 初心者 一人用 二人用 小さい 小さめ コンパクト おしゃれ ソロテント 小型 軽量 簡単			
solo-camp-beginners-guide	4	【楽天1位】カラー ペグハンマー ペグケース 付き カラー 軽量 スチール キャンプハンマー スチール ヘッド アルミ テント キャンプ アウトドア バーベキュー ソロキャンプ 多機能 初心者 登山 ツーリングキャンプ 設営工具 高炭素鋼 ヘッド BBQ 夏休み ネコポス便で無料発送			
solo-camp-beginners-guide	5	OGAWA オガワ タッソT/C テント キャンプ キャンプ用品 アウトドア アウトドア用品 登山 ドーム 大人 子供 キッズ ソロ ソロキャンプ 1人 2人 デュオ 収納 快適 メッシュ 簡単 初心者 ベテラン ビギナー 災害 春 夏 秋 冬 サンドベージュ OG-2727			
solo-camp-cot	1	LOGOS/ロゴス Tradcanvas コンフォートベッド 73173089 フォールディングコット ソロキャンプ 折り畳みベッド/コット キャンプ アウトドア 車中泊 軽量 コンパクト収納			
solo-camp-cot	2	Coleman コンバータコット2 ラウンジャー 折り畳みベッド Converta Cot 折り畳みチェア 椅子 キャンプ バーベキュー リクライニング アウトドアベッド オーバーサイズ			
solo-camp-cot	3	DOD ワイドキャンピングベッド コット ブラック CB1-100-BK 折りたたみ レジャー アウトドア キャンプ BBQ			
stylish-camp-tent	1	5/6まで延長63%0FF！＼アレンジ自由自在の秘密基地／ GIMMICK (ギミック) パップテント m8 GM-TT3000 テント キャンプ アウトドア			
stylish-camp-tent	2	テント ワンタッチテント 完全遮光 ブラックコーティング フルクローズ 4人用 3人用 ワンタッチ おしゃれ ドームテント 折りたたみ 簡易テント 軽量 防水 キャンプ アウトドア ベランピング ソロキャンプ 公園			
stylish-camp-tent	3	ポップアップテント ワンタッチテント テント ポップアップ サンシェード おうちキャンプ 遮光 遮熱 海 海水浴 川 庭 公園 ベランピング ベランダ 室内 大人 子供 フルクローズ ピクニック 4人用 UVカット 持ち運び便利			
stylish-camp-tent	4	【MAX35％OFFクーポン配布中！GW応援】 Naturehike ワンタッチテント ロッジ型 テント 前室 Ti BLACK 小屋 2-4人用 UPF11000+ ポール付き キャンプ 自動 二重層 自立式 耐水圧2000mm 防風 防災 ファミリー グランピング 初心者向け パークテント			
stylish-camp-tent	5	ワンタッチテント フルクローズ 4人用 3人用 テント ワンタッチ ファミリー 公園 ドームテント おしゃれ ビーチテント 折りたたみ 簡易テント 簡単 軽量 uvカット キャンプ アウトドア レジャー バーベキュー ベランピング			
tarp-pole	1	VASTLAND タープポール テントポール アルミ 2本セット 280cm 直径33mm 8段階調節 収納バッグ付き			
tarp-pole	2	FIELDOOR アルミ製テントポール タープポール 2本セット 直径28mm 高さ89〜230cm スライド伸縮式 無段階調整			
tarp-pole	3	Soomloom タープポール テントポール アルミ製 2本セット 直径28mm 高さ60〜240cm 4段階調整 ビッグタープ対応			
tarp-pole	4	FIELDOOR アルミ製テントポール タープポール 2本セット 直径32mm 高さ80〜250cm スライド伸縮式 無段階調整			
tarp-pole	5	FUTURE FOX 伸縮ポール タープポール テントポール アルミ製 2本セット プッシュボタン式 目盛付き 収納袋付き			
uniflame-burner	1	ユニフレーム ツインバーナー US-1900 610305			
uniflame-burner	2	ユニフレーム テーブルトップバーナー US-D2 610107			
uniflame-burner	3	ユニフレーム セパレートバーナー US-S 610077			
vastland-tent	1	VASTLAND トンネルテント Mサイズ 5人用 ファミリーテント 前室 キャノピー メッシュドア スカート付き			
vastland-tent	2	VASTLAND 2ルームドームテント Mサイズ 5人用 簡単設営 シェルター ファミリーテント			
vastland-tent	3	VASTLAND トンネルテント Sサイズ 3人用 ファミリーテント 前室 キャノピー メッシュドア スカート付き			
vastland-tent	4	VASTLAND TCティピーテント ソロ 1人用 ポリコットン ワンポールテント 二又化キャップ 前室 スカート ベンチレーション付き			
vastland-tent	1	VASTLAND グランドシート テントシート 耐水圧5,000mm 無段階調節コード			
waq-chair	1	WAQ リクライニングローチェア WAQ-RLC1 折りたたみチェア アウトドアチェア			
waq-chair	2	WAQ フォールディングウッドチェア WAQ-FWC1 木製チェア コンパクトチェア 折りたたみ			
waq-chair	3	WAQ リクライニングローチェア ハイバック WAQ-RLC1HB アイアン ドリンクホルダー付き			
waq-chair	4	WAQ リラクシング コンフォートチェア リクライニングチェア 無段階調整 ハイタイプ ハイバック			
waq-chair	5	WAQ リクライニングローチェア 2脚セット WAQ-RLC2 アイアン ドリンクホルダー付き			
waterproof-backpack	1	絶対に濡れない 防水リュック メンズ 大容量 アウトドア対応 リフレクター付き			
waterproof-backpack	2	tousen 登山リュック 40〜60L 大容量 防水 軽量 多機能 バックパック			
waterproof-backpack	3	TaoTech 防水バッグ ドライバッグ 30L 2Way 多機能 完全防水			
waterproof-backpack	4	コールマン シールド30 リュック バックパック 30L 防水 撥水 2000037785			
waterproof-backpack	5	Mt.happy 防水リュック 25L ウォータープルーフバッグ 全8色			
winter-camp-gloves	1	ラドウェザー LAD WEATHER 防寒手袋 完全防水 3M高級中綿 スマートフォン対応 すべり止め			
winter-camp-gloves	2	ショーワグローブ テムレス 01WINTER 完全防水 防寒グローブ ブラック			
winter-camp-gloves	3	防寒手袋 スマホ対応 撥水 裏起毛 保温 防風 すべり止め 裏フリース			
winter-camp-gloves	4	SILVABOND 山羊革 耐熱手袋 キャンプ グローブ 本革 耐熱3層構造 焚き火 BBQ 防寒兼用			
winter-camp-gloves	5	ラドウェザー LAD WEATHER 完全防水 3M高級中綿 手袋 スマートフォン対応 すべり止め			
