slug	rank	id	score	name	rakuten_url	price	score_reason
camp-oil-stove	4	corona-sz-f32a	6	コロナ 対流形石油ストーブ SZ-F32A(CF)	https://item.rakuten.co.jp/corona-official/0134509000/	34800	型番+3(SZ-F32A) ブランド+2(corona) 公式店+1(corona-official)
camp-electric-heater	3	yamazen-dsf041	5	山善 あしもとあったかストーブ DS-F041(W) ホワイト 400W	https://item.rakuten.co.jp/e-kurashi/32802/	4280	型番+3(DS-F041) ブランド+2(yamazen)
camp-hot-carpet	2	yamazen-yzd-101fl	5	山善 ホットカーペット フローリング調 YZD-101FL 1畳 170×85cm 本体	https://item.rakuten.co.jp/e-kurashi/1440626/	12800	型番+3(YZD-101FL) ブランド+2(yamazen)
gas-lantern	4	gaslantern-rank-4	5	Coleman(コールマン) ルミエールランタン+純正LPガス燃料[Tタイプ] 205588+5103A230T	https://item.rakuten.co.jp/naturum/9904256/	5247	型番+3(5103A230T) ブランド+2(coleman)
headlight-rechargeable	1	nforce-sr01l	5	N-FORCE SR-01L 充電式ヘッドライト センサー点灯 LED 軽量 長時間	https://item.rakuten.co.jp/k-power/sq04_d/	2880	型番+3(SR-01L) ブランド+2(nforce)
soup-jar-camp	3	sj-thermos-jed400	5	サーモス 真空断熱スープジャー JED-400(0.4L)	https://item.rakuten.co.jp/rakuten24/405668/	3188	型番+3(JED-400) ブランド+2(thermos)
camp-air-pump	5	onetigris-ecoark-pump	3	OneTigris ECOARK 電動エアーポンプ 2400mAh	https://item.rakuten.co.jp/onetigris/ce-cqb02/	3608	ブランド+2(onetigris) 公式店+1(onetigris)
camp-electric-grill	2	iris-piha-a20b	3	アイリスオーヤマ ホットプレート 焼肉プレート2枚・たこ焼きプレート3枚・網焼き風プレート付き PIHA-A20B/PIHA-A30B/APA-139-B	https://item.rakuten.co.jp/kadenrand/560595/	7980	型番+3(PIHA-A20B) 複数型番-2(PIHA-A20B/PIHA-A30B/APA-139-B) ブランド+2(irisohyama)
camp-headlight-beginner	2	headlight-sr01l-sensor	3	【圧倒的な高評価レビュー1500件超】ヘッドライト 充電式ヘッドライト センサー点灯 ヘッドランプ LED 釣り 登山 アウトドア用 作業灯 軽量 長時間 SR-01L	https://item.rakuten.co.jp/k-power/sq04_d/	2880	型番+3(SR-01L)
camp-hot-carpet	4	hitachi-hhlu-s2020	3	日立 ホットカーペット HHLU-S2020 2畳 176×176cm 本体	https://item.rakuten.co.jp/shopworld/10139401/	14980	型番+3(HHLU-S2020)
camp-rainwear	5	rw-makku-as900	3	レインウェア カッパ レインコート 上下セット MAKKUマック レイントラックジャケット＆パンツ AS-900 AS-950 レディースサイズ有り おしゃれ 雨ガッパ 通学 通勤 自転車 バイク 釣り レインスーツ 雨がっぱ 合羽 アウトドア キャンプ 散歩	https://item.rakuten.co.jp/kanamono-no1/rain300/	5050	型番+3(AS-900) 複数型番-2(AS-900/AS-950) ブランド+2(makku)
camp-windscreen	4	windscreen-onetigris-tc	3	OneTigris ポリコットンTC 陣幕 前幕	https://item.rakuten.co.jp/onetigris/ce-qzm01-rg/	8390	ブランド+2(onetigris) 公式店+1(onetigris)
coleman-bonfire	4	coleman-firedisk-table	3	コールマン 焚き火台 セット ファイアーディスク+マルチファイアプレイステーブル 2000031235+VP160401J01	https://item.rakuten.co.jp/himaraya/000669346set5/	14077	型番+3(VP160401J01) セット品-2 ブランド+2(coleman)
coleman-two-burner	1	cb-coleman-set-table	3	コールマン ツーバーナーセット ツーバーナーストーブ 2+キッチンテーブル+純正LPガス燃料×2点 2000006707+2000031294+5103A470T Coleman	https://item.rakuten.co.jp/himaraya/000322553set1/	27848	型番+3(5103A470T) セット品-2 ブランド+2(coleman)
coleman-two-burner	2	cb-coleman-powerhouse-gasset	3	コールマン ツーバーナーセット パワーハウス LP ツーバーナーストーブ 2 + 純正LPガス燃料[Tタイプ]470g×2個 2000006707 + 5103A470TJAN Coleman	https://item.rakuten.co.jp/himaraya/0000322553set/	15707	型番+3(5103A470TJAN) セット品-2 ブランド+2(coleman)
coleman-two-burner	4	cb-coleman-red-gasset	3	コールマン ツーバーナーセット LPツーバーナーストーブレッド 純正LPガス燃料[Tタイプ]470g×2個 2000021950+5103A470T Coleman	https://item.rakuten.co.jp/himaraya/0000563892set/	14460	型番+3(5103A470T) セット品-2 ブランド+2(coleman)
compact-portable-power	3	bluetti-eb3a	3	BLUETTI EB3A 268Wh（130Wソーラーパネルセット）	https://item.rakuten.co.jp/bluettijapan/copybluettijapan_eb3a_b/	32900	ブランド+2(bluetti) 公式店+1(bluettijapan)
disaster-radio	4	greeshow-radio	3	Greeshow 防災ラジオ XLN-383（手回し＋ソーラー＋USB・生活防水）	https://item.rakuten.co.jp/keynice/xln-383/	3980	型番+3(XLN-383)
family-camp-tent	2	tent-f-rank-2	3	BODEN（ボーデン）RATELWORKS ラーテルワークス キャンプ ファミリーキャンプ テント 2ルームテント ツールームテント ドームテント ドーム型テント ファミリーテント (RWS0111)	https://item.rakuten.co.jp/marueidanboru/rws0111/	129800	型番+3(RWS0111)
fireproof-gloves	2	fg-zencamps	3	ZEN Camps 耐熱 手袋 グローブ 耐熱グローブ キャンプグローブ 焚き火グローブ 革手袋 作業手袋 耐火グローブ キャンプ アウトドア BBQ 焚き火 耐熱性	https://item.rakuten.co.jp/zen-camps/camping-glove/	3280	ブランド+2(zencamps) 公式店+1(zen-camps)
group-camp-table	1	rattan-garden-table-180	3	ラタン調 ガーデンテーブル 180cm アウトドアテーブル ダイニングテーブル ガーデン テーブル 折り畳み式 頑丈 大型180cm 防水 長テーブル ガーデンファニチャー 外テーブル ###ラタン机F002R###	https://item.rakuten.co.jp/otakaratuuhan/tz182/	6980	型番+3(F002R)
group-camp-table	4	folding-table-180x70	3	折りたたみテーブル 折りたたみベンチ 180cm アウトドアテーブル 折りたたみ 頑丈 大型 幅180×奥行70cm ガーデンテーブル ガーデン テーブル アウトドア ###机KM-F002###	https://item.rakuten.co.jp/otakaratuuhan/10005450/	5980	型番+3(KM-F002)
hexa-tarp	3	vastland-tc-hexa	3	VASTLAND TCヘキサタープ 420cm×420cm ポリコットン 難燃素材 ポール ペグ 自在ロープ 延長ベルト 収納袋付き オールインワンセット	https://item.rakuten.co.jp/vastland/vl0267-1/	15980	ブランド+2(vastland) 公式店+1(vastland)
hot-sandwich-maker	3	vastland-hsm-tsubame	3	VASTLAND ホットサンドメーカー シングル 直火式 燕三条製	https://item.rakuten.co.jp/vastland/vl0112-1/	2980	ブランド+2(vastland) 公式店+1(vastland)
hot-water-bottle	2	hagoogi-lxe01	3	Hagoogi 充電式湯たんぽ LXE-01（蓄熱式・4〜12H保温）	https://item.rakuten.co.jp/hagoogi/lxe-01/	2980	型番+3(LXE-01)
hot-water-bottle	4	mottole-mtlw001	3	mottole 充電式湯たんぽ MTL-W001（やわらかカバー付き）	https://item.rakuten.co.jp/mottole-shop/mtl-w001/	3070	型番+3(MTL-W001)
lantern-stand	2	vastland-stand	3	VASTLAND ランタンスタンド ランタンハンガー 高さ75cm〜215cm アルミ製 収納バッグ付き	https://item.rakuten.co.jp/vastland/2019-0202-1/	3780	ブランド+2(vastland) 公式店+1(vastland)
mountain-tent-cheap	3	naturehike-solo-tent	3	【SS先行セール！いち早くゲット！】 Naturehike テント ハイキング 1人用 20D ソロキャンプ 耐水圧3000/4000mm 超軽量 二重層 ダブルウォール 前室 プロフェッショナルテント コンパクト 自立式 アウトドア 登山 キャンピング 防災 設営簡単	https://item.rakuten.co.jp/naturehike-direct/nh18t010-t-3/	16990	ブランド+2(naturehike) 公式店+1(naturehike-direct)
naturehike-mat	1	naturehike-highr-air	3	Naturehike 高R値 エアーマット R4.6/R5.8/R8.8 厚手8cm/12cm 超軽量 連接可能 インフレーターマット	https://item.rakuten.co.jp/naturehike-direct/cnh22dz016-ty58y/	12490	ブランド+2(naturehike) 公式店+1(naturehike-direct)
naturehike-mat	3	naturehike-r65	3	Naturehike 高R値 エアーマット R6.5 サイドウォール 厚手10cm -25℃使用可能 空気入れ袋付き	https://item.rakuten.co.jp/naturehike-direct/cnk2450ws038/	19990	ブランド+2(naturehike) 公式店+1(naturehike-direct)
naturehike-mat	4	naturehike-airbed-electric	3	Naturehike 電動エアーベッド エアーマット 自動膨張 1/2/3人用 電動ポンプ USB充電式 折り畳み	https://item.rakuten.co.jp/naturehike-direct/cnh23dz10001/	7990	ブランド+2(naturehike) 公式店+1(naturehike-direct)
naturehike-tent	2	nh-light-1-2p	3	Naturehike 軽量テント 1〜2人用 20D ナイロン 耐水圧4000mm 前室あり 専用グランドシート付 アルミポール	https://item.rakuten.co.jp/naturehike-direct/nh17t140-j/	11992	ブランド+2(naturehike) 公式店+1(naturehike-direct)
one-pole-tent	3	waq-alpha-tc	3	WAQ Alpha TC アルファ TC ソロテント ティピテント シェルター 1年保証	https://item.rakuten.co.jp/waqoutdoor/waq-tct1/	17980	ブランド+2(waq) 公式店+1(waqoutdoor)
outdoor-coffee-mill	5	mill-atlas	3	アトラス コーヒーミル セラミック臼式 ACG	https://item.rakuten.co.jp/atlas-online/acg/	1998	ブランド+2(atlas) 公式店+1(atlas-online)
stylish-camp-tent	1	tent-s-rank-1	3	5/6まで延長63%0FF！＼アレンジ自由自在の秘密基地／ GIMMICK (ギミック) パップテント m8 GM-TT3000 テント キャンプ アウトドア	https://item.rakuten.co.jp/axes0317/gm-tt3000/	20000	型番+3(GM-TT3000)
tarp-pole	1	vastland-pole-33	3	VASTLAND タープポール テントポール アルミ 2本セット 280cm 直径33mm 8段階調節 収納バッグ付き	https://item.rakuten.co.jp/vastland/vl0025-1/	6480	ブランド+2(vastland) 公式店+1(vastland)
tc-tarp-takibi	2	vastland-tc-recta-l	3	VASTLAND TCレクタタープ スクエア型 Lサイズ 500cm×500cm	https://item.rakuten.co.jp/vastland/vl0300-1/	19980	ブランド+2(vastland) 公式店+1(vastland)
trekking-pole	4	thebestday-alumi-pole	3	TheBestDay A7075アルミ トレッキングポール 260g 2本セット	https://item.rakuten.co.jp/bestday/tbd-035955/	4980	型番+3(A7075)
waq-chair	3	waq-rlc1hb	3	WAQ リクライニングローチェア ハイバック WAQ-RLC1HB アイアン ドリンクホルダー付き	https://item.rakuten.co.jp/waqoutdoor/waq-rlc1hb/	9980	ブランド+2(waq) 公式店+1(waqoutdoor)
waq-chair	4	waq-rcc1	3	WAQ リラクシング コンフォートチェア リクライニングチェア 無段階調整 ハイタイプ ハイバック	https://item.rakuten.co.jp/waqoutdoor/waq-rcc1/	12800	ブランド+2(waq) 公式店+1(waqoutdoor)
waq-chair	5	waq-rlc2	3	WAQ リクライニングローチェア 2脚セット WAQ-RLC2 アイアン ドリンクホルダー付き	https://item.rakuten.co.jp/waqoutdoor/waq-rlc2/	17460	ブランド+2(waq) 公式店+1(waqoutdoor)
water-jug	3	wj-vastland	3	VASTLAND アイスコンテナ 1.9L 3.8L キャンプ用 氷入れ 水筒 保冷 真空断熱	https://item.rakuten.co.jp/vastland/vl0453-1/	3980	ブランド+2(vastland) 公式店+1(vastland)
attack-pack	1	karrimor-tatra20	2	カリマー タトラ20 KARRIMOR tatra20 501212 20L 腰ベルト付き ユニセックス	https://item.rakuten.co.jp/canpanera/k03014/	14850	ブランド+2(karrimor)
attack-pack	4	gregory-daypack-26l	2	グレゴリー デイパック DAY PACK 26L ブラック 12601 ユニセックス	https://item.rakuten.co.jp/glv/gre-0007-000/	15299	ブランド+2(gregory)
attack-pack	5	karrimor-cadet20	2	カリマー カデット20 KARRIMOR cadet20 501213 20L レディース・ジュニア向け	https://item.rakuten.co.jp/canpanera/k03199/	8800	ブランド+2(karrimor)
camp-air-pump	2	fielddoor-air-pump	2	FIELDOOR USB充電 携帯エアーポンプ 超小型 1400mAh	https://item.rakuten.co.jp/maxshare/a12403/	2970	ブランド+2(fieldoor)
camp-blanket	4	blanket-rank-4	2	Hilander(ハイランダー) 難燃ブランケット ハーフ グレー	https://item.rakuten.co.jp/naturum/7000394/	3580	ブランド+2(hilander)
camp-gift	4	gift-thermal-bottle	2	サーモス 水筒 2wayコップ付き 600/800ml	https://item.rakuten.co.jp/livingut/4580244681396/	4700	ブランド+2(thermos)
camp-grill-plate	1	grill-zeoor	2	【レビューを書いて500円OFFクーポン】 ZEOOR ゼオール グリルプレートスタンドM キャンプ バーベキュー アウトドア用品 ロゴス 焚き火台 LOGOS the ピラミッドTAKIBI M 専用 鉄板 五徳 焚火台 焚火 焚き火 ロストル 焼肉 炭火コンロ バーベキューグリル 焼き網	https://item.rakuten.co.jp/auc-teppan-hiroba/lo20-51/	4070	ブランド+2(logos)
coleman-sleeping-bag	4	coleman-sb-cozy2-set	2	コールマン 封筒型シュラフ コージーII/C5 オレンジ セット 2000034772 Coleman	https://item.rakuten.co.jp/himaraya/000846756set1/	12884	ブランド+2(coleman)
coleman-sleeping-bag	5	coleman-sb-northrim	2	【Coleman】コールマン ノースリム 寝袋 マミー型 シュラフ 大人用（グレー／ブラック／オレンジ／グリーン）	https://item.rakuten.co.jp/caramelcafe/cot1103goods032f-/	10780	ブランド+2(coleman)
cooler-box-day-camp	4	cool-rank-4	2	スプリングセール LOGOS/ロゴス 37411001 スタンダード トートリュック クーラー XL ブラック アウトドア キャンプ ピクニック ショッピング レジャー 保冷バッグ クーラーリュック ファミリー 保冷力抜群 デイキャンプ あす楽対応 お買い物マラソン 開催	https://item.rakuten.co.jp/auc-ainetshop/92442/	4092	ブランド+2(logos)
day-camp-cooler-box	3	cooler-rank-3	2	LOGOS ロゴス クーラーボックス 9L 小型 ハード 保冷 ミニクーラー アウトドア キャンプ バーベキュー ピクニック 釣り 運動会 ソロキャンプ デイキャンプ 軽量 コンパクト 81448054	https://item.rakuten.co.jp/baronessod/81448054/	4800	ブランド+2(logos)
family-camp-cot	2	logos-comfort-bed	2	ロゴス Tradcanvas コンフォートベッド 73173089 フォールディングコット	https://item.rakuten.co.jp/auc-ainetshop/71297/	13365	ブランド+2(logos)
group-camp-tent	5	tent-rank-5	2	【楽天1位】テント 4人用 ドームテント 大型 5人用 6人用 キャンプテント UVカット キャノピー ポール 付 耐水圧 1,500mm以上 キャノピーテント フルクローズテント テント メッシュ 日よけ 組み立て式 FIELDOOR 1年保証 ★[送料無料]	https://item.rakuten.co.jp/smile88/a13380/	17600	ブランド+2(fieldoor)
hanging-rack	1	fielddoor-hanger-m	2	FIELDOOR アウトドア ハンガーラック Mサイズ 超々ジュラルミン 軽量アルミ 折りたたみ 収納バッグ付き	https://item.rakuten.co.jp/maxshare/a15359/	4950	ブランド+2(fieldoor)
hexa-tarp	2	fieldoor-hexa-m	2	FIELDOOR タープテント ヘキサタープ Mサイズ 440cm×470cm 六角形 UVカット 高耐水 4〜6人用	https://item.rakuten.co.jp/maxshare/a12038/	4510	ブランド+2(fieldoor)
hexa-tarp	4	fieldoor-hexa-l	2	FIELDOOR タープテント ヘキサタープ Lサイズ 530cm×570cm 六角形 UVカット 高耐水 6〜8人用	https://item.rakuten.co.jp/smile88/a12040/	5940	ブランド+2(fieldoor)
large-tarp-recommend	2	fielddoor-onetouch-3x3	2	FIELDOOR ワンタッチタープテント 3m×3m 頑丈スチールフレーム UVカット 撥水 日よけ 1年保証	https://item.rakuten.co.jp/maxshare/a04309_sale/	8800	ブランド+2(fieldoor)
large-tarp-recommend	4	fielddoor-hexa-l	2	FIELDOOR ヘキサタープ 大型 Lサイズ 530cm×570cm UVカット 高耐水 6〜8人用 ヘキサゴンタープ	https://item.rakuten.co.jp/smile88/a12040/	5940	ブランド+2(fieldoor)
logos-sleeping-bag	5	logos-soft-warm	2	LOGOS ロゴス 丸洗いやわらか あったかシュラフ 夏用 冬用 オールシーズン 封筒型 連結可能	https://item.rakuten.co.jp/a-price/4981325534561/	9300	ブランド+2(logos)
mountain-camp-mat	2	mat-rank-2	2	キャンプ マット キャンプ用品 [ アルミコーティングで熱を逃がさない オールシーズン使えるリバーシブル 凹凸で体圧を分散 ] テント アウトドア マット レジャーマット 寝袋 マット 防災 グッズ アウトドアマット 登山 登山用品 登山グッズ LAD WEATHER ラドウェザー	https://item.rakuten.co.jp/vanilla-vague/ladsheet006/	2280	ブランド+2(ladweather)
mountain-tent-cheap	1	fieldoor-dome100	2	【楽天1位】テント ソロテント フィールドキャンプドーム 100 1人用 210x105cm 軽量 コンパクト収納 36x16cm 前室 メッシュ フライシート インナーテント ダブルウォール キャノピー ツーリング ドームテント アウトドア FIELDOOR 1年保証 ■[送料無料]	https://item.rakuten.co.jp/smile88/a18495/	8250	ブランド+2(fieldoor)
mummy-sleeping-bag	1	bearsrock-15	2	Bears Rock -15度 マミー型 洗える寝袋 丸洗い センタージッパー 4シーズン対応 冬用	https://item.rakuten.co.jp/gorilla55/fx-405/	10350	ブランド+2(bearsrock)
nanga-down-jacket	1	nanga-hinoc-limhood	2	NANGA（ナンガ） 別注HINOC ヒノック リムフード ダウンジャケット カーキ 2026年モデル 日本製	https://item.rakuten.co.jp/rococostore/010900-2-06/	64900	ブランド+2(nanga)
nanga-down-jacket	3	nanga-whitelabel-cardigan	2	NANGA WHITE LABEL（ナンガ ホワイトレーベル） ダウンカーディガン JET BLACK 別注 900FP グースダウン	https://item.rakuten.co.jp/moonloid/nwl-0005/	47300	ブランド+2(nanga)
nanga-down-jacket	4	nanga-whitelabel-type1	2	NANGA WHITE LABEL（ナンガ ホワイトレーベル） 最強ダウンジャケット タイプ1 JET BLACK 別注	https://item.rakuten.co.jp/moonloid/nwl-0001/	137500	ブランド+2(nanga)
one-touch-tent	1	fielddoor-onetouch-200	2	FIELDOOR ワンタッチテント 200cm 2〜4人用 遮光・遮熱UVカット スクエア型	https://item.rakuten.co.jp/maxshare/max-a09177/	7920	ブランド+2(fieldoor)
one-touch-tent	3	fielddoor-onetouch-hexagon	2	FIELDOOR ワンタッチテント ヘキサゴン型 3m×2.5m 4〜5人用 完全遮光	https://item.rakuten.co.jp/maxshare/a07578/	11990	ブランド+2(fieldoor)
outdoor-wagon	4	fieldoor-wagon	2	FIELDOOR アウトドアワゴン	https://item.rakuten.co.jp/smile88/a14444/	8910	ブランド+2(fieldoor)
pup-tent	3	soomloom-pup-tc	2	SoomLoom パップテント ノーマル/ビッグサイズ 軍幕 TC素材 ポリコットン ソロテント 防風防雨	https://item.rakuten.co.jp/yiprefer/outdoor-0640102/	8400	ブランド+2(soomloom)
screen-tarp	2	st-fieldoor-ot	2	【楽天1位】FIELDOOR テント スクリーンタープ スクリーンテント ワンタッチ 幅285×奥行285cm 日よけ ドームテント タープテント タープ キャノピー ポール2本付き 日よけテント 虫よけ 蚊帳 メッシュ 大型 サンシェード 組み立て 簡単 1年保証 ★[送料無料]	https://item.rakuten.co.jp/maxshare/a11938/	13860	ブランド+2(fieldoor)
stove-fan	2	fieldoor-5blade-16cm	2	FIELDOOR ストーブファン 5枚羽根 直径約16cm	https://item.rakuten.co.jp/maxshare/a08438/	4510	ブランド+2(fieldoor)
tarp-pole	2	fielddoor-pole-28	2	FIELDOOR アルミ製テントポール タープポール 2本セット 直径28mm 高さ89〜230cm スライド伸縮式 無段階調整	https://item.rakuten.co.jp/smile88/a18851/	3300	ブランド+2(fieldoor)
tarp-pole	3	soomloom-pole-28	2	Soomloom タープポール テントポール アルミ製 2本セット 直径28mm 高さ60〜240cm 4段階調整 ビッグタープ対応	https://item.rakuten.co.jp/yiprefer/outdoor-012/	4464	ブランド+2(soomloom)
tarp-pole	4	fielddoor-pole-32	2	FIELDOOR アルミ製テントポール タープポール 2本セット 直径32mm 高さ80〜250cm スライド伸縮式 無段階調整	https://item.rakuten.co.jp/smile88/a13774/	3960	ブランド+2(fieldoor)
winter-camp-gloves	5	lad-weather-alt	2	ラドウェザー LAD WEATHER 完全防水 3M高級中綿 手袋 スマートフォン対応 すべり止め	https://item.rakuten.co.jp/emix/ladgloves009/	1480	ブランド+2(ladweather)
winter-camp-guide	12	wg-thermal-bottle	2	サーモス 水筒 2wayコップ付き 600/800ml	https://item.rakuten.co.jp/livingut/4580244681396/	4700	ブランド+2(thermos)
mestin-recommend	5	mr250-mestin-set	1	MR-250 Pro+ メスティン All in1セット レギュラー バリ取り済 湯切り穴 目盛付 5点セット シルバー	https://item.rakuten.co.jp/ohstore/2b61kqcpr6/	2880	型番+3(MR-250) セット品-2
coleman-bonfire	3	coleman-firedisk-sheet	0	コールマン 焚き火台 2点セット ファイアーディスク+ファイアープレイスシート 2000031235+2000037303	https://item.rakuten.co.jp/himaraya/000669346set2/	9690	セット品-2 ブランド+2(coleman)
day-camp-starter-set	1	starter-rank-1	0	【楽天1位】キャンプ お買い得 4点セット （ファミリーテント+タープ+シート+ポール） 4人〜6人用 大型 キャンプテント ドームテント キャノピーテント フルクローズ 組み立て簡単 入門 初心者 エントリー アウトドア キャンプ FIELDOOR 1年保証 ■[送料無料]	https://item.rakuten.co.jp/smile88/a18347/	27830	セット品-2 ブランド+2(fieldoor)
day-camp-starter-set	2	starter-rank-2	0	キャンプ お買い得 4点セット （ファミリーテント+タープ+シート+ポール） 4人〜6人用 大型 キャンプテント ドームテント キャノピーテント フルクローズテント テント 組み立て簡単 入門 初心者 エントリー アウトドア キャンプ FIELDOOR ●[送料無料]	https://item.rakuten.co.jp/happy11/a18347/	27830	セット品-2 ブランド+2(fieldoor)
gas-lantern	1	gaslantern-rank-1	0	Coleman(コールマン) 2500ノーススターLPガスランタン 最大1543ルーメン+ガス燃料+マントル【お得な3点セット】 レッド 2000015521	https://item.rakuten.co.jp/naturum/2570772/	11342	セット品-2 ブランド+2(coleman)
alcohol-stove	3	al-gotoku-set	-3	アルコールストーブ 五徳セット（収納袋付き）	https://item.rakuten.co.jp/umbrelland/co768/	1880	汎用語のみ-3
alcohol-stove	4	al-bottle-set	-3	アルコールストーブ バーナー（燃料ボトル付き）	https://item.rakuten.co.jp/suports-kuiyouo/skittle1/	1390	汎用語のみ-3
backpack-large	1	tousen-40-60l	-3	tousen 登山リュック 40〜60L 大容量 バックパック 防水 軽量 多機能 キャンプ用リュック	https://item.rakuten.co.jp/tousenmizumoto/c-666-1/	3852	汎用語のみ-3
backpack-large	2	tousen-65l	-3	tousen 登山リュック 65L 大容量 防災リュック バックパック 防水 軽量 多機能	https://item.rakuten.co.jp/tousenmizumoto/c-666/	3680	汎用語のみ-3
backpack-large	4	kuriaafew-65l	-3	登山リュック 65L 大容量 防水 軽量 多機能 トレッキング キャンプ用リュック 防災バッグ	https://item.rakuten.co.jp/kuriaafew/as-bag818/	3980	汎用語のみ-3
backpack-rain-cover	1	lama-raincover-2set	-3	LAMA Store リュックカバー 2枚セット 耐水圧3500mm	https://item.rakuten.co.jp/la-ma/a100009/	1380	汎用語のみ-3
backpack-rain-cover	2	hachihachi-raincover-l	-3	八八爽快 ザックカバー Lサイズ（40L対応）収納袋付き	https://item.rakuten.co.jp/88so-kai/100878/	1080	汎用語のみ-3
backpack-rain-cover	3	reverb-raincover-big	-3	リバーブセレクト ザックカバー ビッグサイズ（50L以上・1年保証）	https://item.rakuten.co.jp/travel-depart/outdoor-7/	1580	汎用語のみ-3
backpack-rain-cover	4	daichu-raincover-allrange	-3	雑貨ストアDAICHU リュックカバー 15L〜100L対応	https://item.rakuten.co.jp/nagapo/20230207-backpack-cover/	1000	汎用語のみ-3
backpack-rain-cover	5	mthappy-raincover-compact	-3	Mt.happy 無地カバー Sサイズ（20〜30L対応）	https://item.rakuten.co.jp/mthappy/0003-012/	690	汎用語のみ-3
bonfire-stand-solo	3	mysticridge-solo-takibi	-3	焚火台 コンパクト ソロ 折りたたみ式 ステンレス ミニ 五徳付き 軽量（Mystic Ridge）	https://item.rakuten.co.jp/mystic-r/takibi1/	2980	汎用語のみ-3
bonfire-tripod	1	civillife-tripod-alu	-3	Civil Life トライポッド 焚き火三脚 アルミ製（ブラック／シルバー）	https://item.rakuten.co.jp/civil-life/j-0630-1/	1480	汎用語のみ-3
bonfire-tripod	3	fukulife-tripod-25kg	-3	トライポッド ファイヤースタンド 耐荷重25kg（7段階高さ調節・収納袋付き）	https://item.rakuten.co.jp/fukulife/190265/	4290	汎用語のみ-3
bonfire-tripod	5	patri-tripod-handy	-3	トライポッド ハンディ バーベキューコンロ（三脚・吊り下げ式）	https://item.rakuten.co.jp/patri/ad137/	1580	汎用語のみ-3
camp-air-pump	1	flextail-tiny-pump-x	-3	FLEXTAIL タイニーポンプX ランタン付き	https://item.rakuten.co.jp/esports/6000000019186/	3980	汎用語のみ-3
camp-air-pump	4	flextail-max-pump-2-pro	-3	FLEXTAIL マックスポンプ2プロ Max Pump 2 Pro	https://item.rakuten.co.jp/esports/6000000019183/	3480	汎用語のみ-3
camp-blanket	5	blanket-rank-5	-3	南米産アルパカ ウールブランケット 110×190cm（柄3）	https://item.rakuten.co.jp/camplus/blanket1/	13800	汎用語のみ-3
camp-coffee-dripper	2	stainless-mesh-dripper	-3	ステンレス製 メッシュ二重構造 ペーパーレスドリッパー	https://item.rakuten.co.jp/longlife-global/cd21761/	1980	汎用語のみ-3
camp-coffee-dripper	4	thin-stainless-filter	-3	折りたためる薄型ステンレス コーヒーフィルター	https://item.rakuten.co.jp/kurazo/coffeefilter01/	1000	汎用語のみ-3
camp-coffee-dripper	5	fold-stainless-stand	-3	折りたたみ ステンレス コーヒードリッパースタンド R.A.N.	https://item.rakuten.co.jp/soho-accessories/sy-drp-sus-049-1/	1980	汎用語のみ-3
camp-cooler-soft	2	soft-cooler-30l	-3	ソフトクーラーボックス 30L 5層断熱 3WAY 折りたたみ コンパクト 軽量 保冷バッグ	https://item.rakuten.co.jp/shop-west/coolb30l/	3980	汎用語のみ-3
camp-cooler-soft	4	soft-cooler-40l	-3	40L ソフトクーラーボックス 底板付き 900Dクーラーバッグ 多層断熱 撥水 折りたたみ 軽量	https://item.rakuten.co.jp/goodgoods-center/40lkurabox/	4980	汎用語のみ-3
camp-cooler-soft	5	square-soft-9l	-3	スクエア型 ソフトクーラーボックス 9L 保冷バッグ ランチバッグ 折りたたみ 軽量 コンパクト	https://item.rakuten.co.jp/macks-i/coolerbag-square-01/	2180	汎用語のみ-3
camp-cutlery	2	cl-stainless-set	-3	ステンレス カトラリーセット（楽天1位）	https://item.rakuten.co.jp/jstudio/10000105/	1980	汎用語のみ-3
camp-cutlery	4	cl-tritan-fork	-3	トライタン製 折れないフォーク 5本組	https://item.rakuten.co.jp/waabbit/fork_4p/	1980	汎用語のみ-3
camp-dust-stand	3	southlight-trashbox-60l	-3	South Light トラッシュボックス ポップアップ キャンプ用ゴミ箱 60L 蓋付き	https://item.rakuten.co.jp/nihontaro/mzk-ot0003/	4380	汎用語のみ-3
camp-dust-stand	4	trashbox-30l	-3	トラッシュボックス 30L アウトドア ゴミ箱 折りたたみ ポップアップ式 蓋付き	https://item.rakuten.co.jp/selectshop-one/gg084/	1980	汎用語のみ-3
camp-dust-stand	5	trashbox-90l	-3	ゴミ箱 折りたたみ 90L トラッシュボックス アウトドア 大容量 ポップアップ式 分別	https://item.rakuten.co.jp/selectshop-one/gg087/	2480	汎用語のみ-3
camp-electric-heater	4	atrise-panel-heater	-3	atRise パネルヒーター 折りたたみ式 160W ブランケット・リモコン付き	https://item.rakuten.co.jp/auc-risecreation/y0721/	7980	汎用語のみ-3
camp-electric-heater	5	moderndeco-ceramic	-3	モダンデコ セラミックファンヒーター 人感センサー付き 600W/1200W切替 2.3kg	https://item.rakuten.co.jp/dondon/mdht-001/	5999	汎用語のみ-3
camp-fan-summer	1	fan-soppy	-3	充電式扇風機 卓上 吊り下げ サーキュレーター コードレス アウトドア扇風機 静音 強力送風 キャンプ 20000mAh大容量 自動首振り 風量最大100段階 LEDライト タイマー 車中泊	https://item.rakuten.co.jp/soppy/j302171/	5280	汎用語のみ-3
camp-fan-summer	3	fan-icarry	-3	i.Carry コードレス扇風機 直径30cm DCモーター 強力 首振り 充電式 リモコン 折りたたみファン タイマー 風量8段階 コンパクト収納 10800mAhバッテリー内蔵 アウトドア キャンプ	https://item.rakuten.co.jp/japaemo/17-fan8/	12800	汎用語のみ-3
camp-fan-summer	4	fan-pse	-3	アウトドア 扇風機 自動首振り 充電式 DCモーター 軽量 低騒音 リモコン付き タイマー 風量4段階調節 LEDライト 卓上 スタンド式 壁掛け 吊り下げ 20000mAh PSE認証済み	https://item.rakuten.co.jp/variety-world/electric-fan/	7780	汎用語のみ-3
camp-fan-summer	5	fan-marz	-3	扇風機 DCモーター サーキュレーター コードレス 折りたたみ扇風機 首振り リモコン付き キャンプ 充電式 自動首振り 10800mAh 静音 コンパクト ポータブル 熱中症対策 防災	https://item.rakuten.co.jp/marz-shop/independencefan001/	6480	汎用語のみ-3
camp-hammock	1	adepeche-3way-set	-3	a.depeche 自立式ハンモック 3way 5点セット SHP-3WHMK ハンモックチェア スタンド 折りたたみ	https://item.rakuten.co.jp/a-depeche/020-shp-3whmk/	20790	汎用語のみ-3
camp-hammock	4	marz-3way-long	-3	marz 自立式ハンモック 3way ロング ハンモックチェア スタンド 折りたたみ	https://item.rakuten.co.jp/marz-shop/hammock-001/	8980	汎用語のみ-3
camp-headlight-beginner	4	headlight-6200lm	-3	【楽天1位・コスパ最強】 ヘッドライト 6200ルーメン 最新型 高輝度 充電式 LED ヘッドランプ 軽量 防水 防塵 停電対策 登山 釣り キャンプ アウトドア用 ランニング 夜間 明るい コンパクト 長時間点灯 地震 地震対策 防災 災害対策 LEDヘッド	https://item.rakuten.co.jp/hrktonya/yj-t105/	2799	汎用語のみ-3
camp-lighting-guide	5	solar-lantern-1800lm	-3	★楽天1位★72H限定P15倍→2,505円★ledランタン ソーラーランタン USB 充電式 ランタン 高輝度 災害用 1800ルーメン ソーラーパネル 防災対策 アウトドア 屋外 キャンプ ソーラー ライト 折り畳み式 5000mAh 調光 間接照明 おしゃれ 軽量 防水 登山 夜釣り 地震 母の日	https://item.rakuten.co.jp/aideall/s-yyd-rt101-bk/	2900	汎用語のみ-3
camp-oil-stove	5	generic-convection-8800	-3	対流型石油ストーブ 小型（電源不要・収納袋付き）	https://item.rakuten.co.jp/r--r-/koun051-2/	8800	汎用語のみ-3
camp-pillow	1	komkom-air-pillow	-3	Kom&Kom キャンプ枕 エアピロー コットンカバー付き 超軽量 収納袋付き 車中泊	https://item.rakuten.co.jp/kom-kom/r0620210400-ggobb/	2180	汎用語のみ-3
camp-pillow	4	grandoor-urethane-pillow	-3	GRANDOOR アウトドア枕 ウレタン 通気性 軽量 収納袋付き 登山	https://item.rakuten.co.jp/grandoor/es-wbqd-o7ur/	3980	汎用語のみ-3
camp-pillow	5	origintree-air-pillow	-3	OriginTree キャンプ枕 エアーピロー 空気枕 高さ調節可能 人間工学デザイン 軽量 車中泊	https://item.rakuten.co.jp/tmartr/b0d4yxf3vz/	1980	汎用語のみ-3
camp-rice-cooker	4	car-rice-cooker-ee289	-3	車載用炊飯器 DC12V/DC24V兼用 2合炊き 早炊き・保温機能付き	https://item.rakuten.co.jp/ashop/ee289/	5980	汎用語のみ-3
camp-sleeping-mat	5	r893-inflater-mat	-3	【R値8.93】キャンプ マット キャンプマット アウトドアマット 車中泊 エアーマット エアマット マットレス 8cm 防災 キャンプ 車中泊マット 自動膨張式 コンパクト インフレーターマット レジャー エアーベッド 防災 マット	https://item.rakuten.co.jp/pykespeak/p0207ifmst/	5980	汎用語のみ-3
camp-smoker	5	sm-cocktail-smoker	-3	カクテルスモーカー（スモークガン）	https://item.rakuten.co.jp/modern-culture-store/cocktailsmoker/	2980	汎用語のみ-3
camp-windscreen	3	windscreen-dreambrother-compact	-3	dream-brother 焚き火陣幕 コンパクト（コットン）	https://item.rakuten.co.jp/dream-brother/screen-01/	4690	汎用語のみ-3
car-shade	1	liberesta-umbrella-shade	-3	LIBER-E 傘式サンシェード 車 フロント用	https://item.rakuten.co.jp/liberesta/ray-g05/	2680	汎用語のみ-3
car-shade	2	hariti-magnet-curtain	-3	Hariti マグネットカーテン 2枚入り（M/L）車用サンシェード	https://item.rakuten.co.jp/babykids-hrt/h155/	1480	汎用語のみ-3
car-shade	4	autorder-front-shade	-3	autorder 汎用フロントサンシェード（XS〜6サイズ展開）	https://item.rakuten.co.jp/autorder/au743744/	1780	汎用語のみ-3
co-checker	1	co-checker-jsm-rank1	-3	一酸化炭素チェッカー キャンプ用（日本語音声・楽天ランキング1位モデル）	https://item.rakuten.co.jp/maxtop/ga0rcaa3al/	2384	汎用語のみ-3
co-checker	2	co-checker-next-light	-3	一酸化炭素チェッカー 乾電池式（軽量コンパクト・換気アラーム）	https://item.rakuten.co.jp/next-online/10000164/	1980	汎用語のみ-3
co-checker	3	co-checker-wake-alarm	-3	一酸化炭素 警報器 COアラーム（シンプル表示）	https://item.rakuten.co.jp/wake/co-alarm/	2378	汎用語のみ-3
co-checker	4	co-checker-ptkey-cert	-3	一酸化炭素チェッカー（防災製品等推奨品認証モデル）	https://item.rakuten.co.jp/ptandkey/b08xxb664d/	2780	汎用語のみ-3
cooler-stand	5	cs-isai-fold	-3	I-SAI クーラーボックススタンド 折りたたみ(耐荷重100kg)	https://item.rakuten.co.jp/jc-trading0109/jc-20250905001/	2384	汎用語のみ-3
day-camp-cooler-box	2	cooler-rank-2	-3	【10%OFFクーポン使える】ローグ クーラーボックス 小型 18L ROGUE Ice Cooler ローグ 防災 レジャー キャンプ ピクニック 運動会 アウトドア 釣り ソロキャンプ スポーツ観戦 海水浴 ハードクーラー おしゃれ 持ち運び 断熱 保冷 カーキ キャンプギア 玄人	https://item.rakuten.co.jp/716select/rougue002/	37400	汎用語のみ-3
day-camp-grill	1	grill-rank-1	-3	ファイヤーピット 焚き火台 テーブル 囲炉裏テーブル バーベキュー 囲炉裏 焼肉 テーブル bbqコンロ bbqテーブル bbqグリル 自宅 庭 大人数 耐熱性 囲炉裏 おしゃれ 焚き火台 グリル キャンプ用	https://item.rakuten.co.jp/mimmim-zakka/by-18/	14999	汎用語のみ-3
day-camp-grill	2	grill-rank-2	-3	焚き火台 コンパクト 折りたたみ式 ソロ バーベキューコンロ ミニ焚き火台 bbqコンロ アウトドア 軽量 小型 ファイアグリル bbqグリル ステンレス製 キャンプ用品 ファミリーキャンプ キャンプギア	https://item.rakuten.co.jp/plusiine/bonfire02/	3680	汎用語のみ-3
day-camp-grill	3	grill-rank-3	-3	【クーポンで最大2000円OFF】 焚き火台 コンパクト バーベキューコンロ 収納ケース付 3フォーク 五徳付き ステンレス製 折りたたみ ソロ 焚火台 アウトドア バーベキューグリル	https://item.rakuten.co.jp/lost-g/od-012/	1980	汎用語のみ-3
day-camp-led-lantern	3	lantern2-rank-3	-3	【激アツ価格＆クーポン⇒2,280円】 楽天1位 ランタン 電池式 usb充電式 ライト 2in1給電方法 高輝度 キャンプランタン フラッシュライト ledランタン キャンプ 折り畳み式 コンパクト Vantozon ギフト 黒/グレー 送料無料	https://item.rakuten.co.jp/artpiece/lantan/	2780	汎用語のみ-3
day-camp-led-lantern	4	lantern2-rank-4	-3	◆200円OFFで最安2780円◆LED ランタン ライト 充電式 折りたたみ式 高輝度 5000mAh 明るい おしゃれ 防水 軽量 便利 懐中電灯 アウトドア ハンディライト USB 吊り下げ 防塵 ミニ 屋外 キャンプ 停電 釣り 登山 野外 長時間 防災用 かわいい コンパクト	https://item.rakuten.co.jp/gmy-japan/lyd-m26/	2980	汎用語のみ-3
day-camp-led-lantern	5	lantern2-rank-5	-3	★楽天1位★母の日限定クーポンで2,450円&P5倍★ledランタン ソーラーランタン USB 充電式 ランタン 高輝度 災害用 1800ルーメン ソーラーパネル 防災対策 アウトドア 屋外 キャンプ ソーラー ライト 折り畳み式 5000mAh 調光 間接照明 おしゃれ 軽量 防水 登山 夜釣り 地震	https://item.rakuten.co.jp/aideall/s-yyd-rt101-bk/	2900	汎用語のみ-3
day-camp-tarp-cheap	3	tarp-rank-3	-3	[6%OFFクーポン／10時まで] タープテント 2.5m ワンタッチタープテント テント 遮熱 遮光 UV99.9%カット アウトドア 簡単 大型 軽量 日よけ 日除け UVカット 防水 レジャー キャンプ バーベキュー イベント用 運動会 花見 ソロキャンプ	https://item.rakuten.co.jp/dondon/sjt25/	8999	汎用語のみ-3
day-camp-tarp-cheap	4	tarp-rank-4	-3	☆シルバーコーティングタイプ 通常価格より2000円OFF！☆【楽天1位】 ワンタッチタープ 2.5m UVカット 遮光 遮熱 タープテント サイドシート付き ブラックコーティング シルバーコーティング 日よけ 体感マイナス 設営60秒 1人で設営 3〜4人用 軽量 ファミリー 庭遊び	https://item.rakuten.co.jp/esports/9501310090022/	9980	汎用語のみ-3
day-camp-tent	1	tent-rank-1	-3	春夏 ワンタッチテント 公園 4人用 2〜4人用 2人用 3人用 2M 着替え フルクローズ テント 200×320cm デイキャンプ 大きめ UVカット ポップアップテント サンシェード キャンプ 海 簡易 コンパクト 軽量 アウトドア キャンプ おしゃれ 柄 無地	https://item.rakuten.co.jp/noone/onetouchtent200-2/	3980	汎用語のみ-3
day-camp-tent	3	tent-rank-3	-3	＼30%OFF在庫限り／and wander ポップアップテント[UVカット 遮光 日よけ ワンタッチテント ピクニック デイキャンプ 収納バック付き アウトドア 野外フェス おうちキャンプ べランピング テント プレイヤード BBQ エアバギーコラボ POPUP TENT]	https://item.rakuten.co.jp/dogcart/000000004987405/	16940	汎用語のみ-3
disaster-radio	1	bosaishi-radio-5800	-3	防災士監修 多機能防災ラジオ 5800mAh（AM/FM・ワイドFM対応）	https://item.rakuten.co.jp/torreya-shop/100000025/	7280	汎用語のみ-3
family-camp-chair	1	chair-f-rank-1	-3	＼サンキュー39％OFFクーポン実施中／アウトドアチェア 折りたたみ 椅子 チェア 2脚 4脚 セット木目 ローチェア 簡単組立 キャンプ イス アウトドア 背もたれ付 バーベキュー ファミリー 公園 運動会 レジャー 屋外 室内 おしゃれ 送料無料	https://item.rakuten.co.jp/visionshop/out-yz003/	5980	汎用語のみ-3
family-camp-chair	3	chair-f-rank-3	-3	【2脚セット】アウトドアチェア キャンプチェア ハイタイプ キャンプ椅子 軽量 キャンプ アウトドア バーベキュー キャンプ用品 レジャー 運動会 椅子 チェア 収納 折りたたみ コンパクト ファミリー 屋外 CC-HIGH	https://item.rakuten.co.jp/ga-living/1909593/	4480	汎用語のみ-3
family-camp-chair	5	chair-f-rank-5	-3	アウトドアチェア 折りたたみ 椅子 チェア ローチェア 簡単組立 キャンプ イス アウトドア 背もたれ付 バーベキュー ファミリー 公園 運動会 レジャー 屋外 室内 おしゃれ 送料無料 軽量 フォールディングチェア 折りたたみ椅子 キャンプチェア	https://item.rakuten.co.jp/novasangyo/dclyzdy/	6920	汎用語のみ-3
family-camp-cot	3	gussuri-air-cot	-3	Gussuri エアーマットコット DOEARTH 極厚10cm 耐荷重150kg ワンタッチ60秒	https://item.rakuten.co.jp/monotoki/100000397-wes/	23800	汎用語のみ-3
family-camp-cot	5	yurafuwa-hammock	-3	ゆらふわモック ハンモックベッド コット 自立 折りたたみ	https://item.rakuten.co.jp/ajia-shop/ou03022/	19000	汎用語のみ-3
family-camp-tent	4	tent-f-rank-4	-3	【TOMOUNT公式】TOMOUNT インフレータブルテント TC オックスフォード 素材別 エアーテント ポリコットン 大空間 ロッジ型テント キャンプテント 3～5人用 煙突穴付き ファミリーテント 簡単設営 アウトドアテント 日除け 遮熱 防水 虫よけ 初心者向け 320x250x 220cm	https://item.rakuten.co.jp/tomount/8p-airtent/	65999	汎用語のみ-3
family-summer-large-tent	1	tent-rank-1	-3	【レンタル】ピルツ 19〔小川キャンパル〕【レンタルテント】【往復送料無料】 ファミリー キャンプ 宿泊 家族 春キャンプ 夏キャンプ 秋キャンプ 冬キャンプ 10人 大型テント ワンポール　簡単設営	https://item.rakuten.co.jp/cotocoto/tent005/	19800	汎用語のみ-3
family-summer-large-tent	3	tent-rank-3	-3	ノースピーク Northpeak OCTA SHELL OLIVE GRAY 韓国ブランド ファミリーテント シェルター テント 10人用 メッシュ UV コート 耐水圧4000mm インナールーフテント オリーブ 12人	https://item.rakuten.co.jp/auc-topsense/10006176/	61200	汎用語のみ-3
family-summer-large-tent	4	tent-rank-4	-3	ノースピーク Northpeak ATLANTIC OCEAN 2.0 OLIVE SAND 韓国ブランド 2ルーム ファミリー テント 4人用 メッシュ UV コート 耐水圧3000mm インナーテント グランドシート アルミフレーム オリーブ カラー	https://item.rakuten.co.jp/auc-topsense/10006174/	48000	汎用語のみ-3
field-rack	2	chillcamping-lockrack	-3	ChillCamping ロック機能付き フィールドラック（単品）	https://item.rakuten.co.jp/kaitekicreate/011/	4980	汎用語のみ-3
field-rack	4	campingmoon-3tier	-3	キャンピングムーン フィールドラック 3段 ケースセット	https://item.rakuten.co.jp/iwiss/bs-t-233-3tp/	8000	汎用語のみ-3
field-rack	5	pykespeak-camprack	-3	PYKES PEAK キャンプラック（2〜4段対応）	https://item.rakuten.co.jp/pykespeak/p0143sr3bg/	2480	汎用語のみ-3
fire-tongs	3	ventlax-takibi-tongs	-3	VENTLAX TAKIBI TONGS 焚火トング 火ばさみ 薪ばさみ	https://item.rakuten.co.jp/ventlax/10000009/	4980	汎用語のみ-3
fireproof-gloves	1	fg-komkom	-3	【ランキング1位入賞】耐火グローブ BBQ バーベキュー 耐熱グローブ 耐熱手袋 キャンプ 手袋 キャンプグローブ 革手袋 作業用手袋 防寒手袋 キャンプ キャンプ用品 アウトドア 23~24cm 作業用 焚火 焚き火 送料無料	https://item.rakuten.co.jp/kom-kom/r1309191500a/	1550	汎用語のみ-3
fireproof-gloves	3	fg-tran	-3	《雑誌掲載◆2万個突破》★楽天1位3冠★TRAN 耐熱グローブ キャンプ グローブ 手袋 キャンプ手袋 耐熱手袋 作業用手袋 camp outdoor 本革 レザー 防火手袋 作業用 防寒 バーベキュー アウトドア 耐火 焚火 焚き火 BBQ バーベキュー 無骨 カラビナ ギフト プレゼント gift	https://item.rakuten.co.jp/larutan/n005/	1480	汎用語のみ-3
fireproof-gloves	5	fg-longleather	-3	【楽天ランキング1位獲得】 耐熱グローブ 耐火グローブ 耐熱手袋 キャンプ 料理用 レザー ロング 手袋 牛革 本革 耐熱 防火 防炎 アウトドア BBQ バーベキュー 焚き火 薪 ストーブ ガーデニング 溶接 火傷防止 高耐久 作業用グローブ 男女兼用 防寒	https://item.rakuten.co.jp/mystic-r/tglobe2/	2280	汎用語のみ-3
folding-cutting-board	4	yoshiki-bamboo-set-l	-3	良木工房(YOSHIKI) 竹製 包丁まな板セット Lサイズ	https://item.rakuten.co.jp/takemicorp/yoshiki_023/	4298	汎用語のみ-3
forged-peg	4	reiden-set	-3	REIDEN 鍛造ペグ セット 20cm〜30cm 4〜16本 袋付き 現役キャンパー監修	https://item.rakuten.co.jp/lebenwood/lbw-11001-1-4/	1152	汎用語のみ-3
gas-lantern	5	gaslantern-rank-5	-3	キャンピングムーン CAMPINGMOON ガスランタン ガスキャンドル ランタン ガスランプ キャンプ	https://item.rakuten.co.jp/iwiss/bs-t-1s/	4260	汎用語のみ-3
gear-storage-box	2	chill-camping-container-l	-3	Chill Camping ソフトコンテナ ツールボックス Lサイズ	https://item.rakuten.co.jp/kaitekicreate/004/	5780	汎用語のみ-3
gear-storage-box	3	risu-tc-stacking	-3	RISU TC トランクカーゴ スタッキングタイプ（20〜30L）	https://item.rakuten.co.jp/risu-proshop/17561-2/	3480	汎用語のみ-3
group-camp-tent	3	tent-rank-3	-3	大型テント　イベント テント　運動会 テント ワンタッチ フリーライズ　HEXAGON(ヘキサゴン)シリーズ（アルミフレーム）　3m×6m　カラー： 5色 防災用 自治会 熱中症対策 マルシェ 待機所　待合所 学園祭　寄贈品　Free-Rise	https://item.rakuten.co.jp/free-rise/fr-std36/	118580	汎用語のみ-3
guy-rope-recommend	1	dailycompass-tentrope-8	-3	テントロープ ガイロープ 8本セット 5mm×4m（反射材入り・自在金具8個付）	https://item.rakuten.co.jp/dailycompass/k292_tentrope_8/	1680	汎用語のみ-3
guy-rope-recommend	3	muranokajiya-tgr-4jset	-3	村の鍛冶屋 蓄光反射ガイロープ TGR-4Jset 5mm×4m 4本（自在金具付）	https://item.rakuten.co.jp/yminfo/10020522/	2750	汎用語のみ-3
guy-rope-recommend	5	unicona-guyrope-3mm-4	-3	UNICONA ガイロープ テントロープ 4本セット 3mm×4m（反射材入り・自在金具付）	https://item.rakuten.co.jp/unicona/uc-0170/	1000	汎用語のみ-3
hanging-rack	2	ichifuji-hanging-rack	-3	ICHIFUJI ハンギングラック ランタンスタンド 物干しフック付 アルミ合金 折りたたみ 専用収納袋付き	https://item.rakuten.co.jp/ichifujiec/nk044/	3680	汎用語のみ-3
hanging-rack	5	maveek-hanging-rack	-3	MAVEEK ハンギングラック ランタンスタンド 物干しフック付 アルミ合金 折り畳み 超軽量 収納便利	https://item.rakuten.co.jp/maveek/xjkms02005-zwj-l/	4450	汎用語のみ-3
headlight-rechargeable	3	5200lm-headlight	-3	ヘッドライト 充電式/電池式 5200ルーメン 高輝度 センサー点灯 USB 防水 防塵 軽量	https://item.rakuten.co.jp/gmy-japan/m057/	1950	汎用語のみ-3
hexa-tarp	5	polycotton-takibi-tarp	-3	ポリコットン ヘキサタープ 焚火タープ 防水 軽量 5m延長ベルト付き 遮熱性 耐火性 サンシェード	https://item.rakuten.co.jp/xinqianchao/rk0042/	6820	汎用語のみ-3
hot-sandwich-maker	5	grill-hotpan-single	-3	グリルホットパン ホットサンドメーカー 直火 1枚用 着脱式 耳まで圧着	https://item.rakuten.co.jp/e-smart/hac2897/	1980	汎用語のみ-3
hot-water-bottle	5	sleepplus-danloop	-3	スリーププラス 充電式ソフト湯たんぽ 暖ループ（カバー付き）	https://item.rakuten.co.jp/futon-outlet/10002239/	2300	汎用語のみ-3
infinity-chair	2	sidetable-recliner	-3	サイドテーブル付 折りたたみ式リクライニングチェア	https://item.rakuten.co.jp/gl-shopping/reclining-chair/	6780	汎用語のみ-3
infinity-chair	4	headrest-infinity	-3	インフィニティチェア ヘッドレスト付 1人掛け	https://item.rakuten.co.jp/visionshop/out-yz001/	6980	汎用語のみ-3
insulated-tumbler	5	zakkanet-cancooler-350	-3	缶ホルダークーラー 350ml 真空断熱二重構造（エントリーモデル）	https://item.rakuten.co.jp/zakkanetonline-trans/ts-1655/	880	汎用語のみ-3
lantern-stand	1	yamazaki-tower	-3	山崎実業 tower ランタンスタンド 伸縮 高さ調節 ランタンハンガー LEDランタン 北欧 おしゃれ モノトーン	https://item.rakuten.co.jp/roomy/ymz23jul06h07/	4950	汎用語のみ-3
lantern-stand	4	multitool-stand	-3	ランタンスタンド ランタンハンガー付き マルチツールスタンド テーブル ペグ キャンプ アウトドア	https://item.rakuten.co.jp/ichifujiec/nk047/	2480	汎用語のみ-3
lantern-stand	5	tabletop-2way	-3	ランタンスタンド 卓上 ペグ付き 折りたたみ 2WAY ランタンハンガー 4段階高さ調節 クランプ式/打ち込み式 収納ケース付き	https://item.rakuten.co.jp/mitomi8/190261-190264/	2250	汎用語のみ-3
large-tarp-recommend	1	tansu-tarp-3x6	-3	タンスのゲン 特大3×6m ワンタッチタープテント サイドシート付 大型 収納ケース付 アウトドア イベント 運動会 日よけ・日除け	https://item.rakuten.co.jp/tansu/1900002000/	25999	汎用語のみ-3
large-tarp-recommend	5	moderndeco-onetouch-3m	-3	モダンデコ ワンタッチタープテント 3m 遮熱 遮光 UV99.9%カット 防水 軽量 アウトドア	https://item.rakuten.co.jp/dondon/sjt30/	10499	汎用語のみ-3
log-carrier	1	canvas-log-tote	-3	薪バッグ ログキャリー 帆布 大容量 焚き火 トート	https://item.rakuten.co.jp/mystic-r/logc2/	2980	汎用語のみ-3
log-carrier	3	value-log-tote	-3	薪 トートバッグ ログキャリー 大容量 薪運び	https://item.rakuten.co.jp/farson/000000125014/	2000	汎用語のみ-3
log-carrier	4	yoler-waterproof	-3	YOLER 薪バッグ 防水帆布 大容量 薪ケース	https://item.rakuten.co.jp/yoler/yr-fwbag/	3390	汎用語のみ-3
log-carrier	5	zukk-leather	-3	ZUKK 薪バッグ 本革×極厚帆布 ログキャリー	https://item.rakuten.co.jp/zukk-camp/pb-log-carrier/	5800	汎用語のみ-3
low-style-chair	2	lc-yocabito-wood	-3	YOCABITO ウッドローチェア テーブル付(難燃加工)	https://item.rakuten.co.jp/esports/9721310090010/	9980	汎用語のみ-3
mestin-recommend	2	laughmarket-teflon-mestin	-3	ラフマーケット 純正テフロン加工 ラージメスティン 3合 軽量コンパクト	https://item.rakuten.co.jp/laugh-market/la-tef-mes/	3280	汎用語のみ-3
mobile-battery-camp	2	hiyori-40000	-3	モバイルバッテリー 大容量 40000mAh 22.5W急速充電 3台同時充電 LCD残量表示 PSE認証	https://item.rakuten.co.jp/japan-hiyori/hiyori-n7/	2380	汎用語のみ-3
mobile-battery-camp	3	breakthrough-22000	-3	モバイルバッテリー 大容量 22000mAh 3台同時充電 LCD残量表示 薄型 ケーブル内蔵 PSE認証	https://item.rakuten.co.jp/breakthrough23/b20-1/	2380	汎用語のみ-3
mobile-battery-camp	4	livelylife-40000	-3	モバイルバッテリー 大容量 40000mAh 22.5W ケーブル内蔵 4台同時充電 Type-C出入力 PD対応 PSE認証済	https://item.rakuten.co.jp/livelylife/c302364-1/	3180	汎用語のみ-3
mountain-backpack-30l	5	bp-rank-5	-3	正規品 登山 リュック 登山バッグ 30L 大容量 初心者向け プロ仕様 メンズ レディース バックパック ザック 多機能 防水 防雨 滑り止め 軽量 耐久性 頑丈 背面通気 疲れにくい 通勤 通学 機内持ち込み 防災バック 山登り 夏山登山 初詣登山 初日の出 旅行 レインカバー付き	https://item.rakuten.co.jp/marle-tokyo/spr01/	6590	汎用語のみ-3
mountain-camp-mat	1	mat-rank-1	-3	SALE 【 累計20000個販売 】車中泊 マット インフレーターマット インフレータブルマット テント マット 車中泊マット コット 56×177cm アウトドア 登山 連結可能 スエード 自動膨張 キャンプ マット マットレス エアーマット エアマット 1枚 樅　1年保証	https://item.rakuten.co.jp/groovy-gbt/26972/	5922	汎用語のみ-3
mountain-camp-tent	2	mountain-tent-rank-2	-3	【TOMOUNT公式】 TOMOUNT ソロテント 超軽量テント 1人用 20Dナイロン ドームテント 2ルームテント インナーテント付き バックパックテント 耐水圧3000mm 自立式 登山テント 自転車旅行 キャンプ アウトドア【Pagonlin Tent】	https://item.rakuten.co.jp/tomount/pagonlin/	23900	汎用語のみ-3
mountain-camp-tent	3	mountain-tent-rank-3	-3	【TOMOUNT公式】 TOMOUNT ソロテント 超軽量テント 1人用 2人用 ドームテント 20Dナイロン バックパックテント 二重層 耐水圧4000mm インナー付き 前室付き 日よけ 虫よけ 自立式 登山テント 自転車旅行 キャンプ アウトドアテント 2サイズあり【NY TENT】	https://item.rakuten.co.jp/tomount/nytent/	19999	汎用語のみ-3
mountain-camp-tent	4	mountain-tent-rank-4	-3	【送料無料】TRIWONDER 二重層 テント 1 2 3人用 アウトドア 防災用 キャンプ用品 3シーズン 登山テント 撥水加工 軽量 設営簡単 4色選択可能 (オレンジ - 1人用)	https://item.rakuten.co.jp/plays23/b07w8l59sh/	11928	汎用語のみ-3
mountain-camp-tent	5	mountain-tent-rank-5	-3	カイラステント ZENITH 2〜3人用テント 吊下げ式 キャンプテント 登山テント 業務 軽量 ダブルエントランス コンパクト 高耐久性 2kg アウターのみで使用可能 リペアキット 送料無料	https://item.rakuten.co.jp/kailas/10000012/	26400	汎用語のみ-3
mummy-sleeping-bag	2	hawkgear-3852	-3	HAWK GEAR(ホークギア) 寝袋 シュラフ マミー型 -15度耐寒 簡易防水 オールシーズン コンパクト	https://item.rakuten.co.jp/selectshoptks/schlafsack01/	3852	汎用語のみ-3
mummy-sleeping-bag	3	hawkgear-2500	-3	HAWK GEAR(ホークギア) 寝袋 シュラフ 耐寒温度-15℃ マミー型 洗える オールシーズン コンパクト	https://item.rakuten.co.jp/ymbstore/schlaf20200308-02/	2500	汎用語のみ-3
mummy-sleeping-bag	4	hawkgear-4280	-3	HAWK GEAR(ホークギア) 寝袋 毛布 シュラフ マミー型 洗える -15度耐寒 簡易防水 オールシーズン	https://item.rakuten.co.jp/mamesshop/schlafsack01/	4280	汎用語のみ-3
northface-backpack	2	nf-vault	-3	ザ・ノース・フェイス VAULT リュック	https://item.rakuten.co.jp/mb/nf0a3vy2/	9300	汎用語のみ-3
northface-backpack	5	nf-borealis	-3	ザ・ノース・フェイス ボレアリス BOREALIS II	https://item.rakuten.co.jp/yeppuda/10000637/	14750	汎用語のみ-3
one-pole-tent	5	onepole-family-4p	-3	ワンポールテント 軽量 UVカット メッシュ インナーシート 4人用 ポリエステル 耐水圧2,000mm 大型	https://item.rakuten.co.jp/dondon/szt04/	7980	汎用語のみ-3
one-touch-tent	2	moderndeco-onetouch-fullclose	-3	モダンデコ ワンタッチテント 完全遮光ブラックコーティング フルクローズ 3〜4人用	https://item.rakuten.co.jp/dondon/lxt02/	6998	汎用語のみ-3
outdoor-coffee-mill	4	mill-sukizuki	-3	ミニ手挽きコーヒーミル（掃除ブラシ付き）	https://item.rakuten.co.jp/sukizuki/rkt-kfjmini/	2980	汎用語のみ-3
outdoor-wagon	3	lysin-wagon-e230	-3	ライシン アウトドアワゴン Eシリーズ（最大230L）	https://item.rakuten.co.jp/lysin/ls-yx-z02b/	13800	汎用語のみ-3
outdoor-wagon	5	tansu-renew-wagon	-3	タンスのゲン RENEW ノーパンクワイドタイヤ キャリーワゴン	https://item.rakuten.co.jp/tansu/45600000/	7999	汎用語のみ-3
peg-hammer	1	ellisse-ultimate-hammer	-3	村の鍛冶屋 エリッゼステーク アルティメットハンマー	https://item.rakuten.co.jp/yminfo/10040001/	6600	汎用語のみ-3
peg-hammer	3	reiden-peg-hammer	-3	REIDEN ペグハンマー（現役キャンパー監修）	https://item.rakuten.co.jp/lebenwood/lbw-11002/	1690	汎用語のみ-3
peg-hammer	5	dfresh-peg-hammer-360g	-3	ペグハンマー 軽量360g 炭素鋼ヘッド ペグ抜き付き	https://item.rakuten.co.jp/d-fresh/d0022_peg_hammer/	1680	汎用語のみ-3
portable-cooler-aircon	2	tansu-spot-cooler	-3	タンスのゲン スポットクーラー 断熱ダクトカバー・窓パネル付	https://item.rakuten.co.jp/tansu/7980000000/	29999	汎用語のみ-3
portable-cooler-aircon	3	eenour-spot-cooler	-3	EENOUR スポットクーラー（アウトドア対応モデル）	https://item.rakuten.co.jp/e-techpowershop/1810225001/	69990	汎用語のみ-3
portable-cooler-aircon	5	quads-spot-cooler	-3	QUADS 自動ルーバー スポットクーラー 2.3kw	https://item.rakuten.co.jp/quads/qs518/	24800	汎用語のみ-3
portable-electric-kettle	1	dc12v-car-kettle-450	-3	車載電気ケトル DC12V/24V 450ml（30〜100℃・保温対応）	https://item.rakuten.co.jp/meiyiduoshop/3113220051211/	4280	汎用語のみ-3
portable-electric-kettle	2	silicone-folding-kettle-600	-3	折りたたみ電気ケトル 600ml シリコン製（空焚き防止）	https://item.rakuten.co.jp/shimachan-store/bw5116/	2280	汎用語のみ-3
pup-tent	2	tomount-pup-tc	-3	TOMOUNT パップテント TC 軍幕 2人用 ポリコットン サイドウォール付き インナー付き 煙突穴付 4シーズン	https://item.rakuten.co.jp/tomount/10000076/	18999	汎用語のみ-3
pup-tent	5	goglamping-gg-pup	-3	GOGlamping G・G PUP 2.0 パップテント TC 1人用 軍幕 メッシュ/耐熱シート三角窓 焚き火可 薪ストーブ対応	https://item.rakuten.co.jp/goglamping/nmt1-341/	17982	汎用語のみ-3
rectangle-sleeping-bag	2	nuuca-sleep	-3	Nuuca ヌーカスリープ 封筒型 寝袋 ISO国際基準 -10℃ 北欧デザイン 丸洗い	https://item.rakuten.co.jp/nuuca/10000003/	3000	汎用語のみ-3
rectangle-sleeping-bag	3	nebukuron	-3	ねぶくろん 封筒型 寝袋 最大限界温度-15度 230T 1.8kg 撥水 洗える	https://item.rakuten.co.jp/artpiece/sd/	2230	汎用語のみ-3
rectangle-sleeping-bag	4	aiflycy-2nin	-3	AIFLYCY 封筒型 寝袋 オールシーズン 2人用 幅広 洗える 防水 3.5シーズン	https://item.rakuten.co.jp/luxim647/3sd01/	3780	汎用語のみ-3
rectangle-sleeping-bag	5	erabu-4type	-3	封筒型 寝袋 選べる4タイプ 最大限界温度-15/-5/5度 連結可能 撥水 洗える	https://item.rakuten.co.jp/weiwei/odsbps/	1750	汎用語のみ-3
screen-tarp	3	st-yoca-3m	-3	スクリーンタープ ワンタッチテント タープテント 3m×3m 遮光 遮熱 断熱 日よけ 日陰 ブラックコーティング シルバーコーティング UVカットク ール 涼しい 簡単設営 90秒設営 運動会 ファミリー 広々空間 フルメッシュ フルクローズ 虫対策 [180日間製品保証］	https://item.rakuten.co.jp/esports/9501310090063/	25980	汎用語のみ-3
screen-tarp	4	st-yoca-wide	-3	ワイドスクリーンタープ ワンタッチテント タープテント 4m×2.8m 遮光 遮熱 断熱 日除け 日陰 シルバーコーティング ブラックコーティング UVカットク ール COOL 涼しい 簡単設営 90秒設営 運動会 ファミリー 広々空間 フルメッシュ フルクローズ 虫対策[180日間製品保証］	https://item.rakuten.co.jp/esports/9501310090062/	19980	汎用語のみ-3
screen-tarp	5	st-yoca-25	-3	ワンタッチタープ 2.5m ワンタッチテント 遮光 遮熱 UVカット タープテント プール テント サイドシート ブラックコーティング シルバーコーティング 日よけ 設営60秒 簡単設営 3〜4人用 軽量 ファミリー 運動会 庭遊び サンシェード イベント バーベキュー ビーチ 日陰	https://item.rakuten.co.jp/esports/9501310090022/	10780	汎用語のみ-3
sierra-cup	2	sierra-3set	-3	シェラカップ 3個セット フック付き 計量メモリ付き アウトドア食器	https://item.rakuten.co.jp/alice-zk/od297/	1029	汎用語のみ-3
sleeping-bag-liner	3	liner-rank-3	-3	寝袋 インナーシュラフ 防災士監修 封筒型 フリース ブランケット シーツ ひざかけ 洗える	https://item.rakuten.co.jp/patri/ad196/	1599	汎用語のみ-3
sleeping-bag-liner	5	liner-rank-5	-3	インナーシュラフ 毛布 寝袋 インナー シュラフ ブランケット アウトドア 車中泊 洗える	https://item.rakuten.co.jp/weiwei/odsbfl/	1880	汎用語のみ-3
solar-lantern	1	aideall-solar-1800	-3	aideall 折りたたみソーラーランタン 1800ルーメン 5000mAh（ブラック）	https://item.rakuten.co.jp/aideall/s-yyd-rt101-bk/	2610	汎用語のみ-3
solar-lantern	2	solar-lantern-6000mah	-3	2WAY充電ソーラーランタン 6000mAh（無段階調光・スマホ給電対応）	https://item.rakuten.co.jp/mjmjstore/mj-solarlantern/	5280	汎用語のみ-3
solar-lantern	4	solar-lantern-12led	-3	LED ソーラーランタン 12灯（手回し充電・スタンドライト兼用）	https://item.rakuten.co.jp/utsunomiya/kkltn0321/	2829	汎用語のみ-3
solar-panel-folding	3	togopower-120	-3	TogoPower ソーラーパネル 120W 折りたたみ式 単結晶 ETFE 急速充電 スタンド付き	https://item.rakuten.co.jp/togopower/tps-120/	16800	汎用語のみ-3
solar-panel-folding	5	motteru-24w	-3	MOTTERU ソーラーパネル 24W USB2ポート 合計20W出力 スタンド付き 2年保証	https://item.rakuten.co.jp/motteru/mot-solar24/	8980	汎用語のみ-3
soup-jar-camp	5	sj-deandeluca-300	-3	DEAN&DELUCA スープポット 300ml ホワイト/グレー	https://item.rakuten.co.jp/deandeluca/dd0005/	2970	汎用語のみ-3
stylish-camp-tent	5	tent-s-rank-5	-3	ワンタッチテント フルクローズ 4人用 3人用 テント ワンタッチ ファミリー 公園 ドームテント おしゃれ ビーチテント 折りたたみ 簡易テント 簡単 軽量 uvカット キャンプ アウトドア レジャー バーベキュー ベランピング	https://item.rakuten.co.jp/kagulabo/lxt02-1/	7999	汎用語のみ-3
takibi-table	4	yoler-mesh	-3	YOLER 焚き火テーブル マルチスタンド メッシュ	https://item.rakuten.co.jp/yoler/yr-mt306/	3890	汎用語のみ-3
tc-tarp-takibi	4	goglamping-hengen-tc	-3	GOGlamping HENGEN+ スクエアタープTC 正方形タープ ポリコットン	https://item.rakuten.co.jp/goglamping/hengen/	8082	汎用語のみ-3
tc-tarp-takibi	5	unigear-hexa-tc	-3	Unigear ヘキサタープ TCポリコットン 320×290cm 延長ベルト付き	https://item.rakuten.co.jp/xinqianchao/rk0042/	6880	汎用語のみ-3
tent-waterproof-spray	1	saphir-super-water-repellent	-3	SAPHIR 超撥水スプレー 300ml 撥水効果3ヶ月 衣類 靴 バッグ アウトドア テント キャンプ用品	https://item.rakuten.co.jp/primeavenue/8810002000/	2970	汎用語のみ-3
tent-waterproof-spray	5	kaminaga-waterproof-spray-2set	-3	カミナガ防水スプレー 420ml×2本セット 送料無料 テント スキー スノボ 皮革製品	https://item.rakuten.co.jp/kurashikaiteki-shop/10000565/	2530	汎用語のみ-3
tent-wood-stove	2	honma-clock1-glass	-3	ホンマ製作所 時計1型 薪ストーブ ガラス窓付き	https://item.rakuten.co.jp/yamakishi/35773184/	8980	汎用語のみ-3
titanium-mug	5	tm-pykespeak-junchitan	-3	PYKES PEAK 純チタンマグ 日本製	https://item.rakuten.co.jp/pykespeak/p0135tm301/	1000	汎用語のみ-3
trekking-pole	2	hikinglife-carbon-pole	-3	HikingLife カーボン折りたたみトレッキングポール 2本セット レギュラーサイズ	https://item.rakuten.co.jp/hikinglife/hl-c-009/	8980	汎用語のみ-3
water-jug	2	wj-allegia	-3	【楽天1位】アレジア アイスコンテナ ジャグ アウトドア 真空 ボトル 1.8L 3.5L 氷 持ち運び 長時間 保冷 HOTも対応 ステンレス キャンプ 氷入れ AR-VICB ALLEGiA	https://item.rakuten.co.jp/a-and-r-shop/p0002340/	5980	汎用語のみ-3
water-jug	5	wj-livingut	-3	ウォータータンク 3タイプ 10L 12L 20L コック付き （ 水 タンク 防災グッズ ウォータージャグ 給水タンク 給水 ポリタンク 防災用品 アウトドア キャンプ 持ち運び ウォッシャブルタンク 水タンク 水缶 ）	https://item.rakuten.co.jp/livingut/228188/	2180	汎用語のみ-3
waterproof-backpack	2	tousen-daiyouryou	-3	tousen 登山リュック 40〜60L 大容量 防水 軽量 多機能 バックパック	https://item.rakuten.co.jp/tousenmizumoto/c-666-1/	3852	汎用語のみ-3
waterproof-backpack	5	mthappy-25l	-3	Mt.happy 防水リュック 25L ウォータープルーフバッグ 全8色	https://item.rakuten.co.jp/mthappy/0003-045/	2290	汎用語のみ-3
winter-camp-gloves	3	boukan-uragebana	-3	防寒手袋 スマホ対応 撥水 裏起毛 保温 防風 すべり止め 裏フリース	https://item.rakuten.co.jp/askrtech/fhst/	2050	汎用語のみ-3
winter-camp-gloves	4	silvabond-leather	-3	SILVABOND 山羊革 耐熱手袋 キャンプ グローブ 本革 耐熱3層構造 焚き火 BBQ 防寒兼用	https://item.rakuten.co.jp/silvabond/compass1743670513/	2680	汎用語のみ-3
winter-camp-guide	6	wg-elec-blanket	-3	電気毛布 ひざ掛け 30000mAhバッテリー付き 掛け着る両用 ヒーター7枚内蔵 3段階調温 USB/DC 丸洗い可	https://item.rakuten.co.jp/kirinkokusai/d02/	5980	汎用語のみ-3
winter-camp-guide	13	wg-co-checker	-3	一酸化炭素チェッカー キャンプ用（日本語音声・楽天ランキング1位モデル）	https://item.rakuten.co.jp/maxtop/ga0rcaa3al/	2384	汎用語のみ-3
winter-camp-tent	5	goglamping-gg-pup2	-3	GOGlamping G・G PUP 2.0 パップテントTC 1人用	https://item.rakuten.co.jp/goglamping/nmt1-341/	17982	汎用語のみ-3
camp-cutlery	1	cl-cesabeams-set	-5	cesa beams カトラリー＆食器セット	https://item.rakuten.co.jp/leangel-online/cj5-1000/	2998	セット品-2 汎用語のみ-3
camp-windscreen	5	windscreen-dreambrother-2set	-5	dream-brother 焚き火陣幕＋焚き火シート 2点セット	https://item.rakuten.co.jp/dream-brother/screen01-2set/	5980	セット品-2 汎用語のみ-3
forged-peg	5	peg-hammer-set	-5	鍛造ペグ 30cm 8本 ＋ ペグハンマー セット 木製ハンマー 発光テントロープ 収納袋付き	https://item.rakuten.co.jp/nda-style/10000013/	3490	セット品-2 汎用語のみ-3
