no-amazon	backpack-rain-cover	lama-raincover-2set		2026-09-10	汎用OEM品・ブランド不明のためAmazon検索対象外
no-amazon	backpack-rain-cover	hachihachi-raincover-l		2026-09-10	汎用OEM品・ブランド不明のためAmazon検索対象外
no-amazon	backpack-rain-cover	reverb-raincover-big		2026-09-10	汎用OEM品・ブランド不明のためAmazon検索対象外
no-amazon	backpack-rain-cover	daichu-raincover-allrange		2026-09-10	汎用OEM品・ブランド不明のためAmazon検索対象外
no-amazon	backpack-rain-cover	mthappy-raincover-compact		2026-09-10	汎用OEM品・ブランド不明のためAmazon検索対象外
set	insulated-tumbler	thermos-jdu-351-black	B0GL5Q2HHC	2026-09-10	source=rakuten・型番/色一致
set	insulated-tumbler	thermos-jdu-501-black	B0GL5TZZBC	2026-09-10	source=rakuten・型番/色一致
set	insulated-tumbler	hydroflask-coolercup-12oz-white	B091PN2633	2026-09-10	source=rakuten・容量/色一致
set	insulated-tumbler	atlas-awch-350-500-navy	B08747KL4Y	2026-09-10	source=rakuten・型番/色一致
no-amazon	insulated-tumbler	zakkanet-cancooler-350		2026-09-10	ノーブランド品・型番なしで同定不可
no-amazon	deuter-backpack	deuter-orcha		2026-09-10	色3色(ブラック/アイビー/インク)が同価格で実売色を確定できず
no-amazon	deuter-backpack	deuter-race-air		2026-09-10	色5色が同価格で実売色を確定できず
no-amazon	deuter-backpack	deuter-lugano		2026-09-10	色3色(ブラック/レッドウッド/アトランティック)が同価格で実売色を確定できず
no-amazon	deuter-backpack	deuter-aircontact-core		2026-09-10	楽天商品ページが削除済み(404)で実売仕様を確認不可
no-amazon	gregory-backpack	gregory-daypack		2026-09-10	カラー7色が同価格(¥29,700等)で実売色を確定できず、品番09J-024はブランド直営店の管理番号でAmazon側型番との対応も確認不可
set	gregory-backpack	gregory-easypeasy	B0H98SWLBS	2026-09-10	型番103868 1041完全一致・ブラック・重量550g一致
set	gregory-backpack	gregory-casualday	B0FRS95WJQ	2026-09-10	型番1444331041完全一致・ブラック・寸法(41.5x29x15cm)一致
no-amazon	naturehike-mat	naturehike-highr-air		2026-09-10	R値/色/サイズの3軸バリエーションで記事nameが単一仕様(R4.6/R5.8/R8.8併記)に確定できず、価格帯(¥9,368〜16,118)からも一意の組み合わせを特定できない
no-amazon	naturehike-mat	naturehike-inflatable		2026-09-10	厚さ5cm/10cm・カラー4種(グリーン/ベージュ/枕付き2種)のバリエーションで記事nameが単一仕様に確定できず
no-amazon	naturehike-mat	naturehike-r65		2026-09-10	楽天側はサイズM(¥19,990一致・460g)に確定できたが、Amazon類似品(B0DKSTJL29)はブランド表記が「windhike」でNaturehike正規品と確認できず、該当サイズの出品構成も一致しないため不採用
no-amazon	naturehike-mat	naturehike-airbed-electric		2026-09-10	厚さ25/38/45cm×1/2/3人用の9通りバリエーションで記事nameが単一仕様に確定できず
no-amazon	naturehike-mat	naturehike-airbed-25cm		2026-09-10	記事価格¥10,990が現在の楽天価格(一人用¥8,243/二人用¥9,743)のいずれとも一致せず、サイズを一意に確定できない
no-amazon	coleman-two-burner	cb-coleman-set-table		2026-09-10	本体+キッチンテーブル+純正LPガス2本のフルセット品でAmazonに同一構成の出品なし(本体単体のみ流通)
no-amazon	coleman-two-burner	cb-coleman-powerhouse-gasset		2026-09-10	本体+純正LPガス2本セット品でAmazonに同一構成の出品なし(本体単体のみ流通)
no-amazon	coleman-two-burner	cb-coleman-red-gasset		2026-09-10	本体(レッド)+純正LPガス2本セット品でAmazonに同一構成の出品なし(本体単体のみ流通)
no-amazon	coleman-sleeping-bag	coleman-sb-cozy2-set		2026-09-10	コージーII/C5の2個セット品で単体構成と異なり、Amazonに同一の2個セット出品を確認できず
no-amazon	coleman-sleeping-bag	coleman-sb-northrim		2026-09-10	カラー4系統(グレー/ブラック/オレンジ/グリーン、うちアウトレット違いも含め6選択肢)が同価格で実売色を確定できず、コストコ経由の並行輸入品とみられAmazon出品も未確認
set	soup-jar-camp	sj-iris-sfj300	B07RLCX6JS	2026-09-11	型番(SFJ-300)・色(ネイビー)一致
set	soup-jar-camp	sj-zojirushi-swla40	B0FJXMKF34	2026-09-11	型番(SW-LA40)・容量(400ml)・色(クラウドグレー)一致
no-amazon	soup-jar-camp	sj-thermos-jed400		2026-09-11	Amazon側は型番違いのJED-401(後継色)のみ確認、JED-400の同一型番出品なしのため保守側で見送り
no-amazon	soup-jar-camp	sj-atlas-afp301		2026-09-11	Amazon側はARFP-351(350ml)のみ確認、容量(310ml)が一致せず保守側で見送り
no-amazon	soup-jar-camp	sj-deandeluca-300		2026-09-11	Amazon検索で該当品を確認できず
set	low-style-chair	lc-waq-rlc1	B0FDGBVQ8N	2026-09-11	型番(WAQ-RLC1)・色(CHARCOAL)一致
no-amazon	low-style-chair	lc-yocabito-wood		2026-09-11	Amazon検索で該当品を確認できず(楽天専売の可能性)
set	low-style-chair	lc-snowpeak-lv091	B018XJXPHE	2026-09-11	型番(LV-091)・色(ブラウン)一致
set	low-style-chair	lc-bundok-bd111	B08Z6WVTL8	2026-09-11	型番(BD-111)・色(カーキ)一致
set	low-style-chair	lc-campingmoon-f1003c	B06Y3WWX2S	2026-09-11	品名(焚き火チェア ローチェア ロースタイルチェア 帆布生地)・価格近似(¥8,680/¥8,689)で一致と判断
set	cooler-stand	cs-fieldoor-alu	B0BXKW8DFF	2026-09-11	ブランド(FIELDOOR)・スペック(耐荷重150kg・3段階調整・アルミ)一致
set	cooler-stand	cs-fieldoor-wood	B07YMSPXV7	2026-09-11	ブランド(FIELDOOR)・スペック(耐荷重150kg・木製)一致
set	cooler-stand	cs-uniflame-611616	B06W9FQF9L	2026-09-11	型番(611616)・色(ブラック)一致
set	cooler-stand	cs-swaggear-fold	B0DXZ1X3X9	2026-09-11	ブランド(SWAG GEAR)・スペック(耐荷重100kg・折りたたみ式)一致
no-amazon	cooler-stand	cs-isai-fold		2026-09-11	Amazon検索で該当品を確認できず
set	coleman-lantern	coleman-northstar	B08CZRB714	2026-09-11	型番(2000015521)・色(レッド)一致
set	coleman-lantern	coleman-hanging-elight	B08P57HNCJ	2026-09-11	型番(2000037352)一致・商品画像でレッド確認
no-amazon	coleman-lantern	coleman-lumiere		2026-09-11	記事は純正LPガス燃料セット同梱(205588)だが、Amazon該当品(B004IWR45A)はガス別売り単体のみで構成不一致
set	coleman-lantern	coleman-rechargeable	B09HGQW8RM	2026-09-11	型番(2000038857)完全一致
set	coleman-lantern	coleman-rugged-packaway	B08P577J2W	2026-09-11	型番(2000036871)一致・商品画像でレッド確認
set	coleman-tent	coleman-bc-crossdome	B08QS2P24F	2026-09-11	型番(2000038429)完全一致・グリーン
set	coleman-tent	coleman-touring-dome-st	B08P5811G7	2026-09-11	ST(1~2人用)バリエーション一致・型番2000038141
set	coleman-tent	coleman-popup-shade	B0DKNHT235	2026-09-11	型番(2218354)・サイズ260x190x110cm・定員3-4人・重量4.5kg一致
set	coleman-tent	coleman-quickup-shade	B0DKN6KFBQ	2026-09-11	型番(2218703)・サイズ200x150x125cm・定員2-3人・重量2.7kg一致・画像でシルバー確認
no-amazon	coleman-bonfire	coleman-firedisk-sheet		2026-09-11	本体+ファイアープレイスシートのセット品でAmazonに同一構成の出品なし(本体単体のみ流通)
no-amazon	coleman-bonfire	coleman-firedisk-table		2026-09-11	本体+マルチファイアプレイステーブルのセット品でAmazonに同一構成の出品なし(本体単体のみ流通)
no-amazon	coleman-chair	coleman-infinity-grey		2026-09-11	型番2000033139は複数色展開だが楽天の色選択UIが同期取得できず実売色を確認できず
no-amazon	coleman-chair	coleman-chair-set		2026-09-11	デッキチェア+ベンチの2点セット品でAmazonに同一構成の出品なし(単品のみ流通)
set	dod-chair	dod-good-rack-sofa	B078S61SMD	2026-09-11	型番(CS2-500-BK)完全一致・ブラック
set	dod-chair	dod-sugoiss	B08K2GG9CS	2026-09-11	型番(C1-774-TN)完全一致・タン
no-amazon	dod-table	dod-stealthx-mini		2026-09-11	Amazon検索で正規品を確認できず、並行輸入品のみ該当のため不採用
no-amazon	dod-table	dod-goodluck		2026-09-11	楽天側はブラック(BK)¥13,200で確定したが、Amazon出品はカーキ(KH)のみでブラックの出品を確認できず
set	dod-tarp	dod-okla-tarp	B07NNSF1D7	2026-09-11	型番(TT8-583-TN)一致・サイズ510x510cm・重量4.2kg一致・タン
set	dod-tarp	dod-itsukano-tarp	B07VF37G57	2026-09-11	型番(TT5-631-TN)完全一致・タン
set	dod-tarp	dod-beetle-tarp	B07YB46ZLK	2026-09-11	型番(TT5-655-TN)完全一致
set	dod-tarp	dod-big-tarp-pole	B01N8XAGUC	2026-09-11	楽天価格(¥4,180=レッド)一致・型番XP5-507
no-amazon	dod-tent	dod-onetouch-m		2026-09-11	Amazon側はテント単体(T3-673-KH)の型番一致品を確認できず、タープ/ポール同梱セット品のみ流通のため不採用
no-amazon	nanga-down-jacket	nanga-hinoc-limhood		2026-09-14	別注2026年モデル(日本製)でAmazon側に該当出品なし
set	nanga-down-jacket	nanga-aurora-mens	B0CK9NHXYZ	2026-09-14	型番(ND2341-1A301)・色(モカグレー)・価格一致
no-amazon	nanga-down-jacket	nanga-whitelabel-cardigan		2026-09-14	MOONLOID別注品(NWL2615)でAmazon側に該当出品なし
no-amazon	nanga-down-jacket	nanga-whitelabel-type1		2026-09-14	MOONLOID別注品(NWL2601)でAmazon側に該当出品なし
set	nanga-down-jacket	nanga-aurora-ladies	B0DJNTY9WD	2026-09-14	型番(2442-1A005-A)・価格一致
no-amazon	tent-waterproof-spray	saphir-super-water-repellent		2026-09-14	消耗品スプレーで型番なし・一致出品を確定できず
set	tent-waterproof-spray	logos-power-waterproof-spray	B0CNX4HCPX	2026-09-14	型番(84960001)完全一致
set	tent-waterproof-spray	yazawa-waterproof-spray	B00KBNUSI0	2026-09-14	ブランド・容量(420ml)・単品構成一致
set	tent-waterproof-spray	evoon-neotect	B0B38QLNP1	2026-09-14	商品名(NEOTECT 300ml)完全一致
no-amazon	tent-waterproof-spray	kaminaga-waterproof-spray-2set		2026-09-14	Amazon側は1本入りのみでパック数・世代不一致
