slug	rank	id	judged_task	reason
camp-hot-carpet	2	yamazen-yzd-101fl	campkit-20260921-16	2026-08に型番変更 YZC-109FL→YZD-101FL。新型番はAmazon未追従、旧型は取扱不可
headlight-rechargeable	1	nforce-sr01l	campkit-20260921-16	AmazonのN-FORCEはSR-02（充電池非同梱）のみ。SR-01Lの出品なし
camp-headlight-beginner	2	headlight-sr01l-sensor	campkit-20260921-16	headlight-rechargeable #1 と同一商品（SR-01L・同一楽天ページ）
camp-windscreen	4	windscreen-onetigris-tc	campkit-20260921-16	同一品 B0BWDLF3F3 が在庫切れ・再入荷予定なし
naturehike-mat	1	naturehike-highr-air	campkit-20260921-16	既定SKU不定（R値×色×サイズの多軸）。価格一致するR4.6はAmazon在庫切れ
camp-rainwear	5	rw-makku-as900	campkit-20260921-15	構成違い（同一商品を特定できず）
mountain-tent-cheap	1	fieldoor-dome100	campkit-20260921-15	FIELDOOR ライト版なし／在庫切れ
mountain-tent-cheap	3	naturehike-solo-tent	campkit-20260921-15	楽天SKU nh18t010-t-3 が404（廃番疑い）
camp-oil-stove	4	corona-sz-f32a	campkit-20260921-17	コロナストア限定モデル SZ-F32A(CF) は Amazon 出品なし（Amazon はキャプテンスタッグ×コロナのコラボ別型番 SZ-32CS のみ）。※カードの楽天URL 0134509000 は桁落ちで404（正: 01345090000）→ article-fix-backlog に積んだ
gas-lantern	4	gaslantern-rank-4	campkit-20260921-17	楽天はルミエールランタン+LPガス230T のセット（205588+5103A230T）。Amazon はランタン単品 205588（B004IWR45A・LPガス別売り）のみで構成違い
camp-electric-grill	2	iris-piha-a20b	campkit-20260921-17	同型番 PIHA-A20B は B0H2YRT3QR にあるが購入ボックス無し（カート不可・「すべての出品を見る」のみ）。3枚版 PIHA-A30B(B0H2YVFRXC)・通常モデル IHA-A20-B は別型番。再入荷したら B0H2YRT3QR を再検討
camp-hot-carpet	4	hitachi-hhlu-s2020	campkit-20260921-17	日立 HHLU-S2020 は Amazon 出品なし（日立製ホットカーペット自体が検索でヒットせず）
coleman-bonfire	4	coleman-firedisk-table	campkit-20260921-17	楽天はファイアーディスク+マルチファイアプレイステーブルのセット（2000031235+VP160401J01）。Amazon はファイアーディスク単品 B01LT5ES1Q のみで構成違い
coleman-two-burner	1	cb-coleman-set-table	campkit-20260921-17	楽天はツーバーナー+キッチンテーブル+LPガス470T×2 のセット（2000006707+2000031294+5103A470T）。Amazon は各単品（B004IWR3Z6／B01N9SLIIE／B00I78H1UE 等）のみで構成違い
coleman-two-burner	2	cb-coleman-powerhouse-gasset	campkit-20260921-17	楽天はツーバーナー+LPガス470T×2 のセット（2000006707+5103A470T）。Amazon はツーバーナー単品 B004IWR3Z6（LPガス別売り）のみで構成違い
family-camp-tent	2	tent-f-rank-2	campkit-20260921-18	RATELWORKS BODEN RWS0111 は Amazon 出品なし（RATELWORKS 公式出品は WAL LIGHT BF(B0H6NWYKF2)/VOGEL(B0H4ZBHNXH)/ヴァルテント2(B09NC9FJFJ)/テーブル・小物のみ。「RWS0111」「ラーテルワークス BODEN」等9語で検索）
fireproof-gloves	2	fg-zencamps	campkit-20260921-18	ZEN Camps 耐熱グローブは Amazon 出品なし（ZEN Camps 出品は焚き火シート/アッシュカリー/アイスジャグ等のみ）。楽天の「メーカー型番」も camping-glove で実型番ではなく、M/L/XL の多サイズSKU
group-camp-table	1	rattan-garden-table-180	campkit-20260921-18	お宝ワールドの無名OEM品（楽天 attributes ブランド名=-/メーカー型番=-、KM-F002R-BK/BR・LW-A40 は店舗管理番号）。Amazon の類似ラタン調180cmテーブル（三栄コーポレーション等）と同一品を特定できない
group-camp-table	4	folding-table-180x70	campkit-20260921-18	お宝ワールドの無名OEM品（ブランド名=-/メーカー型番=-、KM-F002 は店舗管理番号。SKU一覧は テーブル+ベンチ2個 KM-002ETB/ベンチ単品 KM-F015AB のみで「テーブルのみ」は無し）。Amazon の類似HDPE折りたたみテーブル（DesertFox XN008 等）と同一品を特定できない
hot-sandwich-maker	3	vastland-hsm-tsubame	campkit-20260921-18	同型番 VL0112（VASTLAND 直火式 燕三条製）は B08NVMWZ67 にあるが「現在在庫切れ・再入荷予定なし」で購入ボックス無し。B09Z2JCM6Q(¥1,980) は IH対応・着脱式の別モデル VL0250。再入荷したら B08NVMWZ67 を再検討
hot-water-bottle	2	hagoogi-lxe01	campkit-20260921-18	HAGOOGI 名義の湯たんぽ出品なし。同一写真の YUSIDO 名義 B0DCK58L5J 等はモデル名 LXE-8008-01-GY/型番 LXE-8008 で、楽天の LXE-01-xx とブランド・型番が不一致
naturehike-tent	2	nh-light-1-2p	campkit-20260921-19	楽天URL naturehike-direct/nh17t140-j が HTTP404（2回実取得・廃番確定扱い）。指示どおり Amazon 照合せず article-fix-backlog に discontinued_404 で起票。商品差し替え後は本行を削除して再照合すること
stylish-camp-tent	1	tent-s-rank-1	campkit-20260921-19	楽天URL axes0317/gm-tt3000 が HTTP404（2回実取得・廃番/出品終了）。naturehike-tent #2 と同じ扱いで article-fix-backlog に discontinued_404 で起票。参考: Amazon 検索「GIMMICK パップテント GM-TT3000」もヒットなし。商品差し替え後は本行を削除して再照合すること
tarp-pole	1	vastland-pole-33	campkit-20260921-19	同一品 VASTLAND タープポール 33mm（親 B07PRFMDM1 → 子 B08LFWG6PP・メーカー型番 VL0122=ブラック・¥6,499）は「現在在庫切れ・再入荷予定なし」で購入ボックス無し。ゴールド(VL0025・カード画像の色)の子ASINは存在しない。楽天側も全3色 isSoldOut のため article-fix-backlog に out_of_stock で起票。再入荷したら B08LFWG6PP（黒）を再検討
trekking-pole	4	thebestday-alumi-pole	campkit-20260921-19	楽天SKU属性 ブランド=SENUN/メーカー型番=SENUN-955（A7075 は合金規格で型番ではない＝スコア誤検知）。SENUN(SENUNJAPAN) の Amazon 出品は 3Kカーボン193g（B0GQXYWYCH/B0GYH6K45D・SENUN-045920）とカーボン168g伸縮（B0HGXQ27Y6）のみで A7075 アルミ260g折りたたみの出品なし
waq-chair	4	waq-rcc1	campkit-20260921-19	楽天URL waqoutdoor/waq-rcc1 が HTTP404（2回実取得・同店の waq-rlc2 は200で店舗は稼働中＝出品終了/廃番）。naturehike-tent #2 と同じ扱いで article-fix-backlog に discontinued_404 で起票。参考: Amazon にも RCC1 の出品なし（WAQ-RLC1 B0CGVN1DVG／Reclining Mid Chair B0HHN1X7X5 のみ）。商品差し替え後は本行を削除して再照合すること
waq-chair	5	waq-rlc2	campkit-20260921-20	楽天waqoutdoor(公式)は2脚セット WAQ-RLC2(SKU15件・各¥17,460・メーカー型番 waq-rlc2)。Amazon の WAQ Reclining Low Chair は単品 WAQ-RLC1(親 B0HFJL1W3C・B0CGVN1DVG 等 各¥8,980)のみで2脚セットの出品なし＝構成違い(楽天セット↔Amazon単品の逆向き適用はしない)。Amazon に2脚セットが出品されたら再検討
attack-pack	4	gregory-daypack-26l	campkit-20260921-20	楽天glv ブラック SKU GRE-9425-000/メーカー型番 651691041 ¥15,299。Amazon は同型番の出品が B01C1KFKEM(第三者 ¥41,800・型番欄なし)のみで価格・販売元とも不一致、公式ファミリー B0H7QRTSZL(65169)にブラック変種なし、B0DF2CMWNT/B07YQGCPC2/B0BP6WGVFP は並行輸入品、B00I024M3G は旧モデル(09J*29024)、B08TH8FNN9「ブラック JP」は 1410161041 ¥29,700 で別型番＝同一商品を特定できない
camp-air-pump	2	fielddoor-air-pump	campkit-20260921-20	FIELDOOR 携帯エアーポンプ 超小型 1400mAh 120g LEDランタン付(楽天maxshare 黒 a12403 ¥2,970・楽天属性の型番欄は「USB充電式電動エアーポンプ」で実型番なし)は Amazon 出品なし。FIELDOOR(グッズアベニュー)の出品は 5000mAh 310g(B081679F36)/ウルトラライト バッテリーレス(B0GXYT29CV・B0H61MS6HM)/コンセント式(B00C0MQLK4)/電池式(B00B5NJ4DK)のみ
camp-blanket	4	blanket-rank-4	campkit-20260921-20	Hilander(ナチュラムPB) 難燃ブランケット ハーフ(楽天naturum グレー 7001621/メーカー型番 N-013-GY ¥3,580)は Amazon 出品なし(Hilander 名義は難燃チェアカバー B0FRRR8FJV のみ。「ハイランダー 難燃ブランケット ハーフ」「Hilander ハイランダー ブランケット」「ハイランダー N-013」で検索)
coleman-sleeping-bag	4	coleman-sb-cozy2-set	campkit-20260921-20	楽天himaraya は コージーII/C5 オレンジ 2000034772 の「2個セット」¥12,884。Amazon は単品 B07HRKNWWT(メーカー型番 2000034772・¥5,926)のみで2個セットの出品なし＝構成違い
coleman-sleeping-bag	5	coleman-sb-northrim	campkit-20260921-20	楽天caramelcafe はコストコ商品の転売でメーカー型番欄が色ごとにコストコ商品番号(569148/51994/2229070)、name に色なし。Amazon は並行輸入品 B0FQHM8G1W/B0FQH4PCQ8 と第三者 B0CJX6HMN8(型番欄なし)のみで、メーカー型番の文字列一致が取れず同一商品を特定できない
day-camp-cooler-box	3	cooler-rank-3	campkit-20260921-21	同型番 B0BSH3CJ97(LOGOS アウトドアクーラー S・メーカー型番 81448054・9L・31×25×29cm・1.2kg 完全一致・親 B0B3MKKGND)は「すべての出品を見る」のみで購入ボックス無し(unqualifiedBuyBox・表示価格¥3,784は第三者出品)。楽天 baronessod(単一SKU)も sold-out(再入荷通知のみ)のため article-fix-backlog に out_of_stock で起票。B0BSH3CJ97 に購入ボックスが戻ったら再検討
family-camp-cot	2	logos-comfort-bed	campkit-20260921-21	同型番 B07NBHCBHT(ロゴス Tradcanvas コンフォートベッド・メーカー型番 73173089・ベージュ・205×72×34cm・6.4kg 完全一致)は「すべての出品を見る」のみで購入ボックス無し(unqualifiedBuyBox・表示価格¥6,973は第三者出品)。検索「ロゴス コンフォートベッド 73173089」で他に同型番の出品なし(73173140 デザインコンフォートベッド B083WR9JSY は別型番)。楽天 auc-ainetshop は在庫あり ¥13,365。B07NBHCBHT に購入ボックスが戻ったら再検討
group-camp-tent	5	tent-rank-5	campkit-20260921-21	campkit-20260921-14 の判定(同一商品 B089D5L5QF フィールドキャンプドーム300 フライシート付が在庫切れ)を再照合したが、引き続き「在庫切れです。再入荷予定は立っておりません。」(outOfStock)。検索「FIELDOOR フィールドキャンプドーム300」「フィールドキャンプドーム300」でヒットするのはワンタッチテント300(B081RKMZM4/B0B68M969C/B08B1M2K7L)とドーム100/200用フライシートのみで、ドーム300本体の現行出品なし。楽天 smile88 側も全8SKU(4色×本体のみ/グランドシートセット) sold-out のため article-fix-backlog に out_of_stock で起票。商品差し替え後は本行を削除して再照合すること
hexa-tarp	2	fieldoor-hexa-m	campkit-20260921-21	色不一致。カードURL maxshare/a12038 の実リンク先SKUは「ライトグレー：標準タイプ／タープ＆スチールポール2組セット」¥6,050(qty0。カード価格¥4,510は本体のみの価格)。Amazon の FIELDOOR ヘキサタープ M(グッズアベニュー)は 本体のみ親 B0B8SJ9XKP(カーキ B07QL6YZ58/ライトベージュ B09TSSD8ML)・スチールポールセット親 B0B8SG1LZD(カーキ B077VPPCDS/ライトベージュ B09TSQCN72)のみで、ライトグレーの子ASINが存在しない(検索「FIELDOOR ヘキサタープ Mサイズ ライトグレー」でも無し)。カード画像もライトグレーのため画像優先でも同じ。楽天側もライトグレーは本体/スチール/アルミの全SKU qty0 → article-fix-backlog に out_of_stock で起票。カードの色をライトベージュへ差し替えれば B09TSQCN72(セット)/B09TSSD8ML(本体) で設置可
hexa-tarp	4	fieldoor-hexa-l	campkit-20260921-21	色不一致。カードURL smile88/a12040 の実リンク先SKUは「ライトグレー：標準タイプ／タープ＆スチールポール2組セット」¥8,470(qty0。カード価格¥5,940は旧価格)。Amazon の FIELDOOR ヘキサタープ L スチールポールセット親 B0B8SKY2TV は ライトベージュ B09TSSFQF3/カーキ B077VLY1PP/ダークブラウン B07RQ4G88L のみ、本体のみも ライトベージュ B09TSRJNRY/カーキ B07QMLJKMV/ダークブラウン B07QLLCQCF のみでライトグレー無し。楽天側もライトグレーLは本体/スチール/アルミの全SKU qty0 → article-fix-backlog に out_of_stock で起票。large-tarp-recommend #4 と同一商品
large-tarp-recommend	4	fielddoor-hexa-l	campkit-20260921-21	hexa-tarp #4 と同一楽天URL(smile88/a12040)・同一SKU(ライトグレー：標準タイプ／タープ＆スチールポール2組セット ¥8,470・qty0)。Amazon に FIELDOOR ヘキサタープ L のライトグレー子ASINが存在しない(ライトベージュ/カーキ/ダークブラウンのみ)ため色不一致で空欄。詳細は hexa-tarp #4 の行を参照
pup-tent	3	soomloom-pup-tc	campkit-20260921-22	楽天URL yiprefer/outdoor-0640102 が HTTP404（2回実取得。同店 NeverChange の outdoor-012 は200で店舗は稼働中＝ページ削除/URL変更）。Amazon 照合は未実施（生死チェックで落ちたため）。article-fix-backlog に discontinued_404 で起票済み。商品差し替え後は本行を削除して再照合すること
screen-tarp	2	st-fieldoor-ot	campkit-20260921-22	構成違い。楽天 maxshare/a11938 は FIELDOOR ワンタッチスクリーンテント 285×285cm の統合ページ(9SKU)で、カード価格¥13,860＝「標準タイプ／テント本体のみ」(ダークブラウン a16859＝セレクタ先頭値／カーキ a16860・両方 qty0)。Amazon のワンタッチ版(グッズアベニュー)は 親 B07DLJDNYC に「本体(ダークブラウン)＆日よけシート2枚セット」B0861XRCWS(¥17,200＝楽天 a16862 相当)と「日よけシート1枚」B07LF5XVT6 しか無く、本体のみの子ASINが存在しない。B0D4P8VRK4(型番 a07237)は遮光高耐水タイプ グレー＋日よけシート2枚(¥19,700)で型・構成とも別。検索「FIELDOOR ワンタッチスクリーンテント」「FIELDOOR スクリーンテント 285 ワンタッチ 本体」で出る B07SNQ6C1Y(¥10,500 本体ブラウン)は組立式スクリーンテント(収納時 幅67cm・親 B072KQ6LW6)で別商品(ワンタッチ版は収納時 幅122cm)。Amazon に本体のみが出品されたら再照合
winter-camp-gloves	5	lad-weather-alt	campkit-20260921-23	同一記事内の重複。#5 は #1(lad-weather-main・vanilla-vague/ladgloves009・amazonAsin=B09MQ8PWMJ 設置済み)と同じ商品(LAD WEATHER 完全防水 3M中綿 手袋・楽天SKU属性 メーカー型番=ladgloves009・S/M/L/XL 各¥1,480・qty1,000超)を別店舗 emix で載せたカードで、記事本文も「第1位と同じ…別ショップで取り扱う一双」と明記。Amazon の同一品は親 B09MQ8FT7X の1ファミリーだけで、現在生きている子ASINは L の B09MQ8Z9XC(dp メーカー型番 ladgloves009 完全一致・¥1,980・在庫あり・LAD WEATHER 公式・Amazon出荷)のみ(#1 の B09MQ8PWMJ も同ファミリーの子ASINで、開くと B09MQ8Z9XC の L が表示され購入可)。#5 に設置すると同一記事の2カードが同じ Amazon ページへ向く=verify-deploy 3c(同一記事内 ASIN 重複)の趣旨に反するため空欄(別の子ASIN文字列 B09MQ8Z9XC を入れれば検査は通るが名目回避になるので採らない)。article-fix-backlog に product_swap(記事内重複)で起票済み。#5 を別商品へ差し替えたら本行を削除して再照合すること
coleman-two-burner	4	cb-coleman-red-gasset	campkit-20260921-23	構成違い。楽天 himaraya/0000563892set は「パワーハウスLPツーバーナーストーブII レッド 2000021950 + 純正LPガス燃料[Tタイプ]470g 5103A470T×2個」のセット(単一SKU・楽天SKU属性 メーカー型番=2000021950+5103A470T・現行¥14,685・qty4)。Amazon 検索「コールマン ツーバーナー 2000021950 ガス セット」「2000021950」「コールマン ツーバーナー ガス燃料付き セット」「Coleman LPツーバーナーストーブ レッド」で出るのは 本体単品 B00SLOACVE(dp メーカー型番 2000021950・レッド・¥10,963・Amazon.co.jp・親 B0CYBMY5BH。バターナッツ B0BG46WHT8=2000038474)と ガス単品/まとめ売り(470g 2個組 B011KG4XP0 ほか)のみで、本体＋ガス2本のセット出品なし(ロードトリップLXE-J II＆ガス×2 特別セット B00NOSMBBQ は別商品)。楽天セット↔Amazon単品の逆向きには単体ASINを当てない(20 の基準)。#1・#2 と同じ類型。Amazon に同一構成のセットが出品されたら再照合
day-camp-starter-set	1	starter-rank-1	campkit-20260921-23	構成違い(楽天独自の3点以上セット)。楽天 smile88/a18347 は FIELDOOR「キャンプ お買い得 4点セット」=フィールドキャンプドーム300(300×500×180cm・7.5kg)+ヘキサタープL(530×570cm・2.8kg)+グランドシート+スチールポール(φ2.5×246cm)のセット・4SKU(ライトベージュ a05338/ライトグレー a18347/ボルドー a18348/ダークブラウン a18349・各¥27,830・全色 qty0/isSoldOut)。楽天SKU属性 メーカー型番=フィールドキャンプドーム300(実型番なし)。Amazon 検索「FIELDOOR 4点セット テント タープ シート ポール」「FIELDOOR フィールドキャンプドーム300 セット」「FIELDOOR キャンプ お買い得 4点セット ファミリーテント」で 4点セットの出品なし(ヒットは単品のタープ/ポール/ワンタッチタープ・ワンタッチテント300 B0B68M969C/B08B1M2K7L・キャンプドーム100 等)。ベースのフィールドキャンプドーム300 単品も Amazon 検索に出ず(group-camp-tent #5 で B089D5L5QF 在庫切れ・再入荷予定なしを確認済み)。楽天も全色 sold-out のため article-fix-backlog に out_of_stock(A)で起票。商品差し替え後は本行を削除して再照合すること
day-camp-starter-set	2	starter-rank-2	campkit-20260921-23	構成違い(楽天独自の3点以上セット)。楽天 happy11/a18347 は #1(smile88/a18347)と同一の FIELDOOR 4点セット(同じ品番 a05338/a18347/a18348/a18349・各¥27,830・全色 qty0/isSoldOut)を FIELDOOR 系列の別店舗(プランB)で載せたカードで、#1 と同じ理由で Amazon に対応するセットが無い(検索語・結果は #1 の行を参照)。#1・#2 が同一商品の別店舗という記事内重複でもある。楽天も全色 sold-out のため article-fix-backlog に out_of_stock(A)で起票。商品差し替え後は本行を削除して再照合すること
gas-lantern	1	gaslantern-rank-1	campkit-20260921-23	構成違い。楽天 naturum/2570772 は「2500ノーススターLPガスランタン レッド 2000015521 + 純正LPガス燃料(Tタイプ)470g 5103A470T + マントル95型 95102J」のナチュラム独自3点セット(単一SKU・現行¥10,846・qty1)。Amazon 検索「コールマン ノーススター 2500 ガス マントル セット」「コールマン 2000015521」「コールマン 2500ノーススター LPガスランタン 3点セット」で出るのは 本体単品 B00I03IDXA(dp メーカー型番 2000015521・レッド・¥7,945・Amazon.co.jp・親 B0CYBL1J66。グリーン B00I03IDX0=2000015520)と ガス2個組 B011KG4XP0・マントル単品のみで、本体＋ガス＋マントルのセット出品なし。楽天セット↔Amazon単品の逆向きには単体ASINを当てない(20 の基準)。#4(ルミエール+ガス)と同じ類型。Amazon に同一構成のセットが出品されたら再照合
