backpack-rain-cover	LAMA Store リュックカバー 2枚セット 耐水圧3500mm	https://item.rakuten.co.jp/la-ma/a100009/?rafcid=wsc_i_is_ea4b84f0-cfca-4a84-b96e-a8423bbc252f			汎用OEM品(ブランド・型番なし)のためAmazon検索未実施・no-amazon(保守側)2026-09-10
backpack-rain-cover	八八爽快 ザックカバー Lサイズ（40L対応）収納袋付き	https://item.rakuten.co.jp/88so-kai/100878/?rafcid=wsc_i_is_ea4b84f0-cfca-4a84-b96e-a8423bbc252f			汎用OEM品(ブランド・型番なし)のためAmazon検索未実施・no-amazon(保守側)2026-09-10
backpack-rain-cover	リバーブセレクト ザックカバー ビッグサイズ（50L以上・1年保証）	https://item.rakuten.co.jp/travel-depart/outdoor-7/?rafcid=wsc_i_is_ea4b84f0-cfca-4a84-b96e-a8423bbc252f			汎用OEM品(ブランド・型番なし)のためAmazon検索未実施・no-amazon(保守側)2026-09-10
backpack-rain-cover	雑貨ストアDAICHU リュックカバー 15L〜100L対応	https://item.rakuten.co.jp/nagapo/20230207-backpack-cover/?rafcid=wsc_i_is_ea4b84f0-cfca-4a84-b96e-a8423bbc252f			汎用OEM品(ブランド・型番なし)のためAmazon検索未実施・no-amazon(保守側)2026-09-10
backpack-rain-cover	Mt.happy 無地カバー Sサイズ（20〜30L対応）	https://item.rakuten.co.jp/mthappy/0003-012/?rafcid=wsc_i_is_ea4b84f0-cfca-4a84-b96e-a8423bbc252f			汎用OEM品(ブランド・型番なし)のためAmazon検索未実施・no-amazon(保守側)2026-09-10
insulated-tumbler	サーモス 保冷缶ホルダー 350ml缶用 JDU-351 ブラック	https://item.rakuten.co.jp/ra-must/0996850/?rafcid=wsc_i_is_ea4b84f0-cfca-4a84-b96e-a8423bbc252f	https://www.amazon.co.jp/dp/B0GL5Q2HHC		ASIN取得済(amazonAsin設置) 型番(JDU-351)・色(ブラック)一致で確認 2026-09-10
insulated-tumbler	サーモス 保冷缶ホルダー 500ml缶用 JDU-501 ブラック	https://item.rakuten.co.jp/ra-must/0996876/?rafcid=wsc_i_is_ea4b84f0-cfca-4a84-b96e-a8423bbc252f	https://www.amazon.co.jp/dp/B0GL5TZZBC		ASIN取得済(amazonAsin設置) 型番(JDU-501)・色(ブラック)一致で確認 2026-09-10
insulated-tumbler	ハイドロフラスク Cooler Cup クーラーカップ 12oz（354ml）ホワイト	https://item.rakuten.co.jp/plywood/26852124/?rafcid=wsc_i_is_ea4b84f0-cfca-4a84-b96e-a8423bbc252f	https://www.amazon.co.jp/dp/B091PN2633		ASIN取得済(amazonAsin設置) 12oz・ホワイト一致で確認 2026-09-10
insulated-tumbler	アトラス 缶ホルダー AWCH-350/500 ネイビー	https://item.rakuten.co.jp/atlas-online/awch-350/?rafcid=wsc_i_is_ea4b84f0-cfca-4a84-b96e-a8423bbc252f	https://www.amazon.co.jp/dp/B08747KL4Y		ASIN取得済(amazonAsin設置) 型番(AWCH-350-500NV)・色(ネイビー)一致で確認 2026-09-10
insulated-tumbler	缶ホルダークーラー 350ml 真空断熱二重構造（エントリーモデル）	https://item.rakuten.co.jp/zakkanetonline-trans/ts-1655/?rafcid=wsc_i_is_ea4b84f0-cfca-4a84-b96e-a8423bbc252f			汎用OEM品(ブランド・型番なし)のためAmazon検索未実施・no-amazon(保守側)2026-09-10
deuter-backpack	ドイター オルチャ 25 DEUTER デイパック	https://item.rakuten.co.jp/yugakujin/d6810124/			no-amazon(色3色同価格で実売色確定不可)2026-09-10
deuter-backpack	ドイター レース エアー 14+3 自転車 リュック	https://item.rakuten.co.jp/yugakujin/d3204423/			no-amazon(色5色同価格で実売色確定不可)2026-09-10
deuter-backpack	ドイター ルガーノ 20 DEUTER デイパック	https://item.rakuten.co.jp/yugakujin/d6810024/			no-amazon(色3色同価格で実売色確定不可)2026-09-10
deuter-backpack	ドイター エアコンタクト コア 60+10 登山リュック	https://item.rakuten.co.jp/move/d3350524/			no-amazon(楽天商品ページ削除済み404)2026-09-10
gregory-backpack	GREGORY デイパック DAY PACK クラシック	https://item.rakuten.co.jp/gregory-japan/09j-024/			no-amazon(色7色同価格で実売色確定不可)2026-09-10
gregory-backpack	GREGORY イージー ピージー デイ EASY PEASY DAY 18L	https://item.rakuten.co.jp/glv/gre-0049-000/	https://www.amazon.co.jp/dp/B0H98SWLBS		set(型番完全一致)2026-09-10
gregory-backpack	GREGORY カジュアルデイ V2 バックパック	https://item.rakuten.co.jp/alpen/7200575802/	https://www.amazon.co.jp/dp/B0FRS95WJQ		set(型番完全一致)2026-09-10
naturehike-mat	Naturehike 高R値 エアーマット R4.6/R5.8/R8.8 厚手8cm/12cm 超軽量 連接可能 インフレーターマット	https://item.rakuten.co.jp/naturehike-direct/cnh22dz016-ty58y/			no-amazon(R値/色/サイズ3軸で仕様確定不可)2026-09-10
naturehike-mat	Naturehike キャンプマット 厚手5cm/10cm 自動膨張 インフレーターマット 無限連結可能 4シーズン	https://item.rakuten.co.jp/naturehike-direct/nh20dz03/			no-amazon(厚さ/カラー4種で仕様確定不可)2026-09-10
naturehike-mat	Naturehike 高R値 エアーマット R6.5 サイドウォール 厚手10cm -25℃使用可能 空気入れ袋付き	https://item.rakuten.co.jp/naturehike-direct/cnk2450ws038/			no-amazon(Amazon類似品はブランド表記windikeで別ブランドの疑い)2026-09-10
naturehike-mat	Naturehike 電動エアーベッド エアーマット 自動膨張 1/2/3人用 電動ポンプ USB充電式 折り畳み	https://item.rakuten.co.jp/naturehike-direct/cnh23dz10001/			no-amazon(厚さ×人数9通りで仕様確定不可)2026-09-10
naturehike-mat	Naturehike エアーベッド 枕付き 厚さ25cm 1/2/3人用 耐荷重150kg 電動ポンプ USB充電式 高反発	https://item.rakuten.co.jp/naturehike-direct/cnk2450ws040/			no-amazon(記事価格が現行の1/2人用価格と不一致で確定不可)2026-09-10
coleman-two-burner	コールマン ツーバーナーセット ツーバーナーストーブ2+キッチンテーブル+純正LPガス燃料×2点	https://item.rakuten.co.jp/himaraya/000322553set1/			no-amazon(本体+テーブル+ガスのフルセットでAmazon構成一致なし)2026-09-10
coleman-two-burner	コールマン ツーバーナーセット パワーハウスLPツーバーナーストーブ2+純正LPガス燃料×2個	https://item.rakuten.co.jp/himaraya/0000322553set/			no-amazon(本体+ガスセットでAmazon構成一致なし)2026-09-10
coleman-two-burner	コールマン ツーバーナーセット LPツーバーナーストーブレッド+純正LPガス燃料×2個	https://item.rakuten.co.jp/himaraya/0000563892set/			no-amazon(本体+ガスセットでAmazon構成一致なし)2026-09-10
coleman-sleeping-bag	コールマン 封筒型シュラフ コージーII/C5 オレンジ セット 2000034772	https://item.rakuten.co.jp/himaraya/000846756set1/			no-amazon(2個セット品でAmazon構成一致なし)2026-09-10
coleman-sleeping-bag	【Coleman】コールマン ノースリム 寝袋 マミー型 シュラフ 大人用	https://item.rakuten.co.jp/caramelcafe/cot1103goods032f-/			no-amazon(色4系統同価格で実売色確定不可・並行輸入の疑い)2026-09-10
soup-jar-camp	アイリスオーヤマ 真空断熱スープジャー SFJ-300 ネイビー(300ml)	https://item.rakuten.co.jp/e-kitchen/573431/?rafcid=wsc_i_is_ea4b84f0-cfca-4a84-b96e-a8423bbc252f	https://www.amazon.co.jp/dp/B07RLCX6JS		set(型番(SFJ-300)・色(ネイビー)一致)2026-09-11
soup-jar-camp	象印 スープジャー SW-LA40 クラウドグレー(400ml)	https://item.rakuten.co.jp/shopworld/141510-141517/?rafcid=wsc_i_is_ea4b84f0-cfca-4a84-b96e-a8423bbc252f	https://www.amazon.co.jp/dp/B0FJXMKF34		set(型番(SW-LA40)・容量(400ml)・色(クラウドグレー)一致)2026-09-11
soup-jar-camp	サーモス 真空断熱スープジャー JED-400(0.4L)	https://item.rakuten.co.jp/rakuten24/405668/?rafcid=wsc_i_is_ea4b84f0-cfca-4a84-b96e-a8423bbc252f			no-amazon(Amazon側は型番違いのJED-401(後継色)のみ確認、JED-400の同一型番出品なしのため保守側で見送り)2026-09-11
soup-jar-camp	アトラス フードポット AFP-301 マットブラック(310ml)	https://item.rakuten.co.jp/atlas-online/afp-301/?rafcid=wsc_i_is_ea4b84f0-cfca-4a84-b96e-a8423bbc252f			no-amazon(Amazon側はARFP-351(350ml)のみ確認、容量(310ml)が一致せず保守側で見送り)2026-09-11
soup-jar-camp	DEAN&DELUCA スープポット 300ml ホワイト/グレー	https://item.rakuten.co.jp/deandeluca/dd0005/?rafcid=wsc_i_is_ea4b84f0-cfca-4a84-b96e-a8423bbc252f			no-amazon(Amazon検索で該当品を確認できず)2026-09-11
low-style-chair	WAQ Reclining Low Chair リクライニングローチェア WAQ-RLC1 チャコール	https://item.rakuten.co.jp/waqoutdoor/waq-rlc1/?rafcid=wsc_i_is_ea4b84f0-cfca-4a84-b96e-a8423bbc252f	https://www.amazon.co.jp/dp/B0FDGBVQ8N		set(型番(WAQ-RLC1)・色(CHARCOAL)一致)2026-09-11
low-style-chair	YOCABITO ウッドローチェア テーブル付(難燃加工)	https://item.rakuten.co.jp/esports/9721310090010/?rafcid=wsc_i_is_ea4b84f0-cfca-4a84-b96e-a8423bbc252f			no-amazon(Amazon検索で該当品を確認できず(楽天専売の可能性))2026-09-11
low-style-chair	スノーピーク ローチェア30 LV-091 ブラウン	https://item.rakuten.co.jp/kompas/10028815/?rafcid=wsc_i_is_ea4b84f0-cfca-4a84-b96e-a8423bbc252f	https://www.amazon.co.jp/dp/B018XJXPHE		set(型番(LV-091)・色(ブラウン)一致)2026-09-11
low-style-chair	BUNDOK 焚き火チェア BD-111	https://item.rakuten.co.jp/jism/4955985196612-36-37031-n/?rafcid=wsc_i_is_ea4b84f0-cfca-4a84-b96e-a8423bbc252f	https://www.amazon.co.jp/dp/B08Z6WVTL8		set(型番(BD-111)・色(カーキ)一致)2026-09-11
low-style-chair	キャンピングムーン 焚き火チェア ローチェア(帆布生地) F-1003C	https://item.rakuten.co.jp/iwiss/bs-f-1003c/?rafcid=wsc_i_is_ea4b84f0-cfca-4a84-b96e-a8423bbc252f	https://www.amazon.co.jp/dp/B06Y3WWX2S		set(品名(焚き火チェア ローチェア ロースタイルチェア 帆布生地)・価格近似(¥8,680/¥8,689)で一致と判断)2026-09-11
cooler-stand	FIELDOOR クーラースタンド アルミ製 3段階高さ調節(耐荷重150kg)	https://item.rakuten.co.jp/maxshare/a19007/?rafcid=wsc_i_is_ea4b84f0-cfca-4a84-b96e-a8423bbc252f	https://www.amazon.co.jp/dp/B0BXKW8DFF		set(ブランド(FIELDOOR)・スペック(耐荷重150kg・3段階調整・アルミ)一致)2026-09-11
cooler-stand	FIELDOOR クーラースタンド 木製(耐荷重150kg)	https://item.rakuten.co.jp/maxshare/a15598/?rafcid=wsc_i_is_ea4b84f0-cfca-4a84-b96e-a8423bbc252f	https://www.amazon.co.jp/dp/B07YMSPXV7		set(ブランド(FIELDOOR)・スペック(耐荷重150kg・木製)一致)2026-09-11
cooler-stand	ユニフレーム フィールドラック ブラック 611616	https://item.rakuten.co.jp/himaraya/0000000697422/?rafcid=wsc_i_is_ea4b84f0-cfca-4a84-b96e-a8423bbc252f	https://www.amazon.co.jp/dp/B06W9FQF9L		set(型番(611616)・色(ブラック)一致)2026-09-11
cooler-stand	SWAG GEAR クーラーボックススタンド 折りたたみ(耐荷重100kg)	https://item.rakuten.co.jp/hermanherman/t542/?rafcid=wsc_i_is_ea4b84f0-cfca-4a84-b96e-a8423bbc252f	https://www.amazon.co.jp/dp/B0DXZ1X3X9		set(ブランド(SWAG GEAR)・スペック(耐荷重100kg・折りたたみ式)一致)2026-09-11
cooler-stand	I-SAI クーラーボックススタンド 折りたたみ(耐荷重100kg)	https://item.rakuten.co.jp/jc-trading0109/jc-20250905001/?rafcid=wsc_i_is_ea4b84f0-cfca-4a84-b96e-a8423bbc252f			no-amazon(Amazon検索で該当品を確認できず)2026-09-11
coleman-lantern	コールマン 2500ノーススター LPガスランタン レッド 2000015521	https://hb.afl.rakuten.co.jp/hgc/g00r8v1n.20yyl9f9.g00r8v1n.20yym856/?pc=https%3A%2F%2Fitem.rakuten.co.jp%2Fstore-megasports%2F36819357%2F&m=http%3A%2F%2Fm.rakuten.co.jp%2Fstore-megasports%2Fi%2F10069010%2F&rafcid=wsc_i_is_ea4b84f0-cfca-4a84-b96e-a8423bbc252f	https://www.amazon.co.jp/dp/B08CZRB714		set(型番(2000015521)・色(レッド)一致)2026-09-11
coleman-lantern	コールマン ハンギング Eライト 充電式 LEDランタン 2000037352	https://hb.afl.rakuten.co.jp/hgc/g00r3jpn.20yyl044.g00r3jpn.20yym29c/?pc=https%3A%2F%2Fitem.rakuten.co.jp%2Fhimaraya%2F0000000972440%2F&m=http%3A%2F%2Fm.rakuten.co.jp%2Fhimaraya%2Fi%2F10467798%2F&rafcid=wsc_i_is_ea4b84f0-cfca-4a84-b96e-a8423bbc252f	https://www.amazon.co.jp/dp/B08P57HNCJ		set(型番(2000037352)一致・商品画像でレッド確認)2026-09-11
coleman-lantern	コールマン ルミエールランタン 純正LPガス燃料セット 205588	https://hb.afl.rakuten.co.jp/hgc/g00pn5fn.20yyl0a5.g00pn5fn.20yym15a/?pc=https%3A%2F%2Fitem.rakuten.co.jp%2Fnaturum%2F9904256%2F&m=http%3A%2F%2Fm.rakuten.co.jp%2Fnaturum%2Fi%2F15474469%2F&rafcid=wsc_i_is_ea4b84f0-cfca-4a84-b96e-a8423bbc252f			no-amazon(記事は純正LPガス燃料セット同梱だが、Amazon該当品はガス別売り単体のみで構成不一致)2026-09-11
coleman-lantern	コールマン リチャージャブルランタン 充電式 LED 2000038857	https://hb.afl.rakuten.co.jp/hgc/g00r3jpn.20yyl044.g00r3jpn.20yym29c/?pc=https%3A%2F%2Fitem.rakuten.co.jp%2Fhimaraya%2F0000001028971%2F&m=http%3A%2F%2Fm.rakuten.co.jp%2Fhimaraya%2Fi%2F10495077%2F&rafcid=wsc_i_is_ea4b84f0-cfca-4a84-b96e-a8423bbc252f	https://www.amazon.co.jp/dp/B09HGQW8RM		set(型番(2000038857)完全一致)2026-09-11
coleman-lantern	コールマン ラギッド パッカウェイランタン 電池式 LED 2000036871	https://hb.afl.rakuten.co.jp/hgc/g00rdjon.20yyl3d7.g00rdjon.20yymd6e/?pc=https%3A%2F%2Fitem.rakuten.co.jp%2Flbreath%2F107688221011%2F&m=http%3A%2F%2Fm.rakuten.co.jp%2Flbreath%2Fi%2F13788582%2F&rafcid=wsc_i_is_ea4b84f0-cfca-4a84-b96e-a8423bbc252f	https://www.amazon.co.jp/dp/B08P577J2W		set(型番(2000036871)一致・商品画像でレッド確認)2026-09-11
coleman-tent	コールマン BCクロスドーム/270 ファミリーテント ドームテント 4人用 5人用 2000038429	https://hb.afl.rakuten.co.jp/hgc/g00rdjon.20yyl3d7.g00rdjon.20yymd6e/?pc=https%3A%2F%2Fitem.rakuten.co.jp%2Flbreath%2F107688211011%2F&m=http%3A%2F%2Fm.rakuten.co.jp%2Flbreath%2Fi%2F13788591%2F&rafcid=wsc_i_is_ea4b84f0-cfca-4a84-b96e-a8423bbc252f	https://www.amazon.co.jp/dp/B08QS2P24F		set(型番(2000038429)完全一致・グリーン)2026-09-11
coleman-tent	コールマン ツーリングドームST 一人用 2人用 ソロテント ドームテント 2000038141	https://hb.afl.rakuten.co.jp/hgc/g00pw1en.20yylf71.g00pw1en.20yym3bc/?pc=https%3A%2F%2Fitem.rakuten.co.jp%2Falpen%2F7005103511%2F&m=http%3A%2F%2Fm.rakuten.co.jp%2Falpen%2Fi%2F10352301%2F&rafcid=wsc_i_is_ea4b84f0-cfca-4a84-b96e-a8423bbc252f	https://www.amazon.co.jp/dp/B08P5811G7		set(ST(1~2人用)バリエーション一致)2026-09-11
coleman-tent	コールマン ポップアップシェード ダークルーム 2218354 サンシェード	https://hb.afl.rakuten.co.jp/hgc/g00pw1en.20yylf71.g00pw1en.20yym3bc/?pc=https%3A%2F%2Fitem.rakuten.co.jp%2Falpen%2F7010107045%2F&m=http%3A%2F%2Fm.rakuten.co.jp%2Falpen%2Fi%2F10479952%2F&rafcid=wsc_i_is_ea4b84f0-cfca-4a84-b96e-a8423bbc252f	https://www.amazon.co.jp/dp/B0DKNHT235		set(サイズ260x190x110cm・定員3-4人・重量4.5kg一致)2026-09-11
coleman-tent	コールマン クイックアップシェード ダークルーム 2218703 サンシェード	https://hb.afl.rakuten.co.jp/hgc/g00pw1en.20yylf71.g00pw1en.20yym3bc/?pc=https%3A%2F%2Fitem.rakuten.co.jp%2Falpen%2F7010107035%2F&m=http%3A%2F%2Fm.rakuten.co.jp%2Falpen%2Fi%2F10479924%2F&rafcid=wsc_i_is_ea4b84f0-cfca-4a84-b96e-a8423bbc252f	https://www.amazon.co.jp/dp/B0DKN6KFBQ		set(サイズ200x150x125cm・定員2-3人・重量2.7kg一致・シルバー)2026-09-11
coleman-bonfire	コールマン 焚き火台 2点セット ファイアーディスク+ファイアープレイスシート 2000031235+2000037303	https://hb.afl.rakuten.co.jp/hgc/g00r3jpn.20yyl044.g00r3jpn.20yym29c/?pc=https%3A%2F%2Fitem.rakuten.co.jp%2Fhimaraya%2F000669346set2%2F&m=http%3A%2F%2Fm.rakuten.co.jp%2Fhimaraya%2Fi%2F10471591%2F&rafcid=wsc_i_is_ea4b84f0-cfca-4a84-b96e-a8423bbc252f			no-amazon(本体+シートのセット品でAmazonに同一構成の出品なし)2026-09-11
coleman-bonfire	コールマン 焚き火台 セット ファイアーディスク+マルチファイアプレイステーブル 2000031235+VP160401J01	https://hb.afl.rakuten.co.jp/hgc/g00r3jpn.20yyl044.g00r3jpn.20yym29c/?pc=https%3A%2F%2Fitem.rakuten.co.jp%2Fhimaraya%2F000669346set5%2F&m=http%3A%2F%2Fm.rakuten.co.jp%2Fhimaraya%2Fi%2F10471547%2F&rafcid=wsc_i_is_ea4b84f0-cfca-4a84-b96e-a8423bbc252f			no-amazon(本体+テーブルのセット品でAmazonに同一構成の出品なし)2026-09-11
coleman-chair	コールマン インフィニティチェア 2000033139	https://hb.afl.rakuten.co.jp/hgc/g00r8v1n.20yyl9f9.g00r8v1n.20yym856/?pc=https%3A%2F%2Fitem.rakuten.co.jp%2Fstore-megasports%2F58968520%2F&m=http%3A%2F%2Fm.rakuten.co.jp%2Fstore-megasports%2Fi%2F10278303%2F&rafcid=wsc_i_is_ea4b84f0-cfca-4a84-b96e-a8423bbc252f			no-amazon(複数色展開で楽天の色選択UIから実売色を確認できず)2026-09-11
coleman-chair	コールマン アウトドアチェア2点セット サイドテーブル付デッキチェア オリーブ 2000033809	https://hb.afl.rakuten.co.jp/hgc/g00r3jpn.20yyl044.g00r3jpn.20yym29c/?pc=https%3A%2F%2Fitem.rakuten.co.jp%2Fhimaraya%2F000822729set1%2F&m=http%3A%2F%2Fm.rakuten.co.jp%2Fhimaraya%2Fi%2F10404868%2F&rafcid=wsc_i_is_ea4b84f0-cfca-4a84-b96e-a8423bbc252f			no-amazon(デッキチェア+ベンチの2点セット品でAmazonに同一構成の出品なし)2026-09-11
dod-chair	DOD グッドラックソファ CS2-500 2人掛け ワンタッチ 車載棚 耐荷重150kg（BK/TN/KH カラー展開）	https://hb.afl.rakuten.co.jp/hgc/g00qn68n.20yyl9c7.g00qn68n.20yymf0f/?pc=https%3A%2F%2Fitem.rakuten.co.jp%2Fa-price%2F4589946138955%2F&m=http%3A%2F%2Fm.rakuten.co.jp%2Fa-price%2Fi%2F10650977%2F&rafcid=wsc_i_is_ea4b84f0-cfca-4a84-b96e-a8423bbc252f	https://www.amazon.co.jp/dp/B078S61SMD		set(型番(CS2-500-BK)完全一致・ブラック)2026-09-11
dod-chair	DOD スゴイッス C1-774-TN 高さ調整 角度調整 耐荷重100kg 1人用チェア	https://hb.afl.rakuten.co.jp/hgc/g00qn68n.20yyl9c7.g00qn68n.20yymf0f/?pc=https%3A%2F%2Fitem.rakuten.co.jp%2Fa-price%2F4589946145977%2F&m=http%3A%2F%2Fm.rakuten.co.jp%2Fa-price%2Fi%2F11032243%2F&rafcid=wsc_i_is_ea4b84f0-cfca-4a84-b96e-a8423bbc252f	https://www.amazon.co.jp/dp/B08K2GG9CS		set(型番(C1-774-TN)完全一致・タン)2026-09-11
dod-table	DOD ステルスエックスミニ GM1-598-BK	https://hb.afl.rakuten.co.jp/hgc/g00qn68n.20yyl9c7.g00qn68n.20yymf0f/?pc=https%3A%2F%2Fitem.rakuten.co.jp%2Fa-price%2F4589946140415%2F&m=http%3A%2F%2Fm.rakuten.co.jp%2Fa-price%2Fi%2F10678062%2F&rafcid=wsc_i_is_ea4b84f0-cfca-4a84-b96e-a8423bbc252f			no-amazon(正規品を確認できず、並行輸入品のみ該当)2026-09-11
dod-table	DOD グッドラックテーブル TB4-685	https://hb.afl.rakuten.co.jp/hgc/g00qn68n.20yyl9c7.g00qn68n.20yymf0f/?pc=https%3A%2F%2Fitem.rakuten.co.jp%2Fa-price%2F4589946144390%2F&m=http%3A%2F%2Fm.rakuten.co.jp%2Fa-price%2Fi%2F10813189%2F&rafcid=wsc_i_is_ea4b84f0-cfca-4a84-b96e-a8423bbc252f			no-amazon(楽天はブラック確定だがAmazonはカーキのみで不一致)2026-09-11
dod-tarp	DOD オクラタープ TT8-583-TN ポリコットン 難燃 オクタタープ	https://hb.afl.rakuten.co.jp/hgc/g00qn68n.20yyl9c7.g00qn68n.20yymf0f/?pc=https%3A%2F%2Fitem.rakuten.co.jp%2Fa-price%2F4589946139280%2F&m=http%3A%2F%2Fm.rakuten.co.jp%2Fa-price%2Fi%2F10799519%2F&rafcid=wsc_i_is_ea4b84f0-cfca-4a84-b96e-a8423bbc252f	https://www.amazon.co.jp/dp/B07NNSF1D7		set(型番(TT8-583-TN)一致・サイズ510x510cm一致)2026-09-11
dod-tarp	DOD いつかのタープ TT5-631-TN タン ヘキサタープ	https://hb.afl.rakuten.co.jp/hgc/g00pn5fn.20yyl0a5.g00pn5fn.20yym15a/?pc=https%3A%2F%2Fitem.rakuten.co.jp%2Fnaturum%2F2995523%2F&m=http%3A%2F%2Fm.rakuten.co.jp%2Fnaturum%2Fi%2F17336205%2F&rafcid=wsc_i_is_ea4b84f0-cfca-4a84-b96e-a8423bbc252f	https://www.amazon.co.jp/dp/B07VF37G57		set(型番(TT5-631-TN)完全一致)2026-09-11
dod-tarp	DOD ビートルタープ TT5-655-TN ポリエステル 7角形	https://hb.afl.rakuten.co.jp/hgc/g00qn68n.20yyl9c7.g00qn68n.20yymf0f/?pc=https%3A%2F%2Fitem.rakuten.co.jp%2Fa-price%2F4589946142792%2F&m=http%3A%2F%2Fm.rakuten.co.jp%2Fa-price%2Fi%2F10799513%2F&rafcid=wsc_i_is_ea4b84f0-cfca-4a84-b96e-a8423bbc252f	https://www.amazon.co.jp/dp/B07YB46ZLK		set(型番(TT5-655-TN)完全一致)2026-09-11
dod-tarp	DOD ビッグタープポール XP5-507 タープ ポール	https://hb.afl.rakuten.co.jp/hgc/g00qn68n.20yyl9c7.g00qn68n.20yymf0f/?pc=https%3A%2F%2Fitem.rakuten.co.jp%2Fa-price%2F4589946135053%2F&m=http%3A%2F%2Fm.rakuten.co.jp%2Fa-price%2Fi%2F10525868%2F&rafcid=wsc_i_is_ea4b84f0-cfca-4a84-b96e-a8423bbc252f	https://www.amazon.co.jp/dp/B01N8XAGUC		set(楽天価格一致・レッド)2026-09-11
dod-tent	DOD ザ・ワンタッチテントM T3-673-KH ワンタッチテント ポリエステル	https://hb.afl.rakuten.co.jp/hgc/g00qn68n.20yyl9c7.g00qn68n.20yymf0f/?pc=https%3A%2F%2Fitem.rakuten.co.jp%2Fa-price%2F4589946141979%2F&m=http%3A%2F%2Fm.rakuten.co.jp%2Fa-price%2Fi%2F10799488%2F&rafcid=wsc_i_is_ea4b84f0-cfca-4a84-b96e-a8423bbc252f			no-amazon(テント単体の型番一致品を確認できず、セット品のみ流通)2026-09-11
nanga-down-jacket	NANGA（ナンガ） 別注HINOC ヒノック リムフード ダウンジャケット カーキ	https://item.rakuten.co.jp/rococostore/010900-2-06/?rafcid=wsc_i_is_ea4b84f0-cfca-4a84-b96e-a8423bbc252f			MOONLOID/ROCOCO別注の2026年新モデルでAmazon側に該当出品なし・no-amazon(保守側)2026-09-14
nanga-down-jacket	NANGA（ナンガ） オーロラ ダウンジャケット メンズ モカグレー	https://item.rakuten.co.jp/rococostore/010899-2-06/?rafcid=wsc_i_is_ea4b84f0-cfca-4a84-b96e-a8423bbc252f	https://www.amazon.co.jp/dp/B0CK9NHXYZ		ASIN取得済(amazonAsin設置) 型番(ND2341-1A301)・色(モカグレー)・価格(¥49,500)一致で確認 2026-09-14
nanga-down-jacket	NANGA WHITE LABEL ダウンカーディガン JET BLACK	https://item.rakuten.co.jp/moonloid/nwl-0005/?rafcid=wsc_i_is_ea4b84f0-cfca-4a84-b96e-a8423bbc252f			MOONLOID別注品(NWL2615)でAmazon側に該当出品なし・no-amazon(保守側)2026-09-14
nanga-down-jacket	NANGA WHITE LABEL 最強ダウンジャケット タイプ1 JET BLACK	https://item.rakuten.co.jp/moonloid/nwl-0001/?rafcid=wsc_i_is_ea4b84f0-cfca-4a84-b96e-a8423bbc252f			MOONLOID別注品(NWL2601)でAmazon側に該当出品なし・no-amazon(保守側)2026-09-14
nanga-down-jacket	NANGA（ナンガ） オーロラ ダウンジャケット レディース ブラック	https://item.rakuten.co.jp/daigochi/12912/?rafcid=wsc_i_is_ea4b84f0-cfca-4a84-b96e-a8423bbc252f	https://www.amazon.co.jp/dp/B0DJNTY9WD		ASIN取得済(amazonAsin設置) 型番(2442-1A005-A)・価格(¥46,200)一致で確認 2026-09-14
tent-waterproof-spray	SAPHIR 超撥水スプレー 300ml	https://item.rakuten.co.jp/primeavenue/8810002000/?rafcid=wsc_i_is_ea4b84f0-cfca-4a84-b96e-a8423bbc252f			消耗品スプレーで型番なし・容量/価格が一致するAmazon出品を確定できず no-amazon(保守側)2026-09-14
tent-waterproof-spray	LOGOS（ロゴス） 強力防水スプレー 420ml 84960001	https://item.rakuten.co.jp/himaraya/0000000325015/?rafcid=wsc_i_is_ea4b84f0-cfca-4a84-b96e-a8423bbc252f	https://www.amazon.co.jp/dp/B0CNX4HCPX		ASIN取得済(amazonAsin設置) 型番(84960001)完全一致で確認 2026-09-14
tent-waterproof-spray	YAZAWA 防水スプレー 420ml 1本	https://item.rakuten.co.jp/yazawa/4947237830160/?rafcid=wsc_i_is_ea4b84f0-cfca-4a84-b96e-a8423bbc252f	https://www.amazon.co.jp/dp/B00KBNUSI0		ASIN取得済(amazonAsin設置) ブランド・容量(420ml)・単品構成一致で確認 2026-09-14
tent-waterproof-spray	Evoon 防水スプレー NEOTECT 300ml	https://item.rakuten.co.jp/evoon/neotect300/?rafcid=wsc_i_is_ea4b84f0-cfca-4a84-b96e-a8423bbc252f	https://www.amazon.co.jp/dp/B0B38QLNP1		ASIN取得済(amazonAsin設置) 商品名(NEOTECT 300ml)完全一致で確認 2026-09-14
tent-waterproof-spray	カミナガ防水スプレー 420ml×2本セット	https://item.rakuten.co.jp/kurashikaiteki-shop/10000565/?rafcid=wsc_i_is_ea4b84f0-cfca-4a84-b96e-a8423bbc252f			Amazon側は「Newカミナガ」1本入りのみでパック数・世代不一致のため no-amazon(保守側)2026-09-14
bluetti-power	BLUETTI ポータブル電源 EB3A 268Wh ＋ 130Wソーラーパネル セット	https://item.rakuten.co.jp/bluettijapan/copybluettijapan_eb3a_b/?rafcid=wsc_i_is_ea4b84f0-cfca-4a84-b96e-a8423bbc252f			楽天は130Wパネルセット(選択式)だがAmazonはEB3A単体または100Wパネルセットのみで構成不一致 no-amazon(保守側)2026-09-14
compact-portable-power	BLUETTI EB3A 268Wh（130Wソーラーパネルセット）	https://item.rakuten.co.jp/bluettijapan/copybluettijapan_eb3a_b/?rafcid=wsc_i_is_ea4b84f0-cfca-4a84-b96e-a8423bbc252f			楽天は130Wパネルセット(選択式)だがAmazonはEB3A単体または100Wパネルセットのみで構成不一致 no-amazon(保守側)2026-09-14
snowpeak-tent	スノーピーク アメニティドームM スターターセット（マット・シート付）	https://item.rakuten.co.jp/m-outdoor/set-020/?rafcid=wsc_i_is_ea4b84f0-cfca-4a84-b96e-a8423bbc252f			店舗独自の本体+マットシートセットでAmazonに同一構成の出品なし no-amazon(保守側)2026-09-14
titanium-cooker	スノーピーク チタントレック900 SCS-008T ソロ クッカー コッヘル	https://item.rakuten.co.jp/mitsuyoshi/scs-008t-snowpeak/			型番SCS-008T完全一致品なし、価格一致品は仕様が全く異なる別商品 no-amazon(保守側)2026-09-14
uniflame-fire-grill	ユニフレーム ファイアグリル＋収納ケース 2点セット 683040+683187	https://item.rakuten.co.jp/naturum/2298957/?rafcid=wsc_i_is_ea4b84f0-cfca-4a84-b96e-a8423bbc252f	https://www.amazon.co.jp/dp/B00CXKVK0Y		ASIN取得済(amazonAsin設置) 型番(683040+683187)完全一致で確認 2026-09-14
oil-lantern	VASTLAND オイルランタン	https://item.rakuten.co.jp/vastland/vl0246-1/?rafcid=wsc_i_is_ea4b84f0-cfca-4a84-b96e-a8423bbc252f	https://www.amazon.co.jp/dp/B09SH943YZ		ASIN取得済(amazonAsin設置) 寸法・燃焼時間・容量完全一致(Sサイズ)で確認 2026-09-14
solo-camp-cot	Coleman コンバータコット2 ラウンジャー 折り畳みベッド	https://item.rakuten.co.jp/blueplanet-colore/ou-1112/?rafcid=wsc_i_is_ea4b84f0-cfca-4a84-b96e-a8423bbc252f	https://www.amazon.co.jp/dp/B00363PS3W		ASIN取得済(amazonAsin設置) 耐荷重102.1kg完全一致で確認 2026-09-14
car-side-tarp	FIELDOOR カーサイドシェルター 完全遮光 PUコーティング 耐水圧16,000mm	https://item.rakuten.co.jp/maxshare/a18755/?rafcid=wsc_i_is_ea4b84f0-cfca-4a84-b96e-a8423bbc252f	https://www.amazon.co.jp/dp/B0G1S4PBRK		set(2026-09-16)
air-frame-tent	コールマン ツーリングドームエアー DARKROOM ST+	https://item.rakuten.co.jp/united-shop01/b43erswmx3n5adhiqdcls75jyq/?rafcid=wsc_i_is_ea4b84f0-cfca-4a84-b96e-a8423bbc252f	https://www.amazon.co.jp/dp/B0BHHBZTN8		set(2026-09-15)
air-frame-tent	スノーピーク ミニッツドーム Pro.air 1	https://item.rakuten.co.jp/camp-link/cl-4960589014682/?rafcid=wsc_i_is_ea4b84f0-cfca-4a84-b96e-a8423bbc252f	https://www.amazon.co.jp/dp/B084C9J51D		set(2026-09-15)
air-frame-tent	スノーピーク ファル Pro.air 3	https://item.rakuten.co.jp/lbreath/106016725011/?rafcid=wsc_i_is_ea4b84f0-cfca-4a84-b96e-a8423bbc252f	https://www.amazon.co.jp/dp/B01N1RE1QO		set(2026-09-15)
air-frame-tent	コールマン タフスクリーン2ルームエアー DARKROOM	https://item.rakuten.co.jp/boardermkt/h3ekab6yrpqelgeiun5glondhu/?rafcid=wsc_i_is_ea4b84f0-cfca-4a84-b96e-a8423bbc252f	https://www.amazon.co.jp/dp/B09W5262RF		set(2026-09-15)
washable-sleeping-bag	ロゴス 丸洗いスランバーシュラフ	https://item.rakuten.co.jp/a-price/4981325499778/?rafcid=wsc_i_is_ea4b84f0-cfca-4a84-b96e-a8423bbc252f	https://www.amazon.co.jp/dp/B07956Y179		set(2026-09-15)
washable-sleeping-bag	コールマン マルチレイヤースリーピングバッグ	https://item.rakuten.co.jp/store-megasports/61707774/?rafcid=wsc_i_is_ea4b84f0-cfca-4a84-b96e-a8423bbc252f	https://www.amazon.co.jp/dp/B07M7D4Y5D		set(2026-09-15)
washable-sleeping-bag	ロゴス 丸洗いやわらかあったかシュラフ	https://item.rakuten.co.jp/a-price/4981325534561/?rafcid=wsc_i_is_ea4b84f0-cfca-4a84-b96e-a8423bbc252f	https://www.amazon.co.jp/dp/B08BX7K3HY		set(2026-09-15)
washable-sleeping-bag	Snugpak ベースキャンプ スリープシステム	https://item.rakuten.co.jp/field-seven/5056694911448/?rafcid=wsc_i_is_ea4b84f0-cfca-4a84-b96e-a8423bbc252f	https://www.amazon.co.jp/dp/B0DGBMK8M4		set(2026-09-15)
washable-sleeping-bag	NANGA ZZZ BAG 10	https://item.rakuten.co.jp/naturum-outdoor/4037543/?rafcid=wsc_i_is_ea4b84f0-cfca-4a84-b96e-a8423bbc252f	https://www.amazon.co.jp/dp/B0FGCW43KW		set(2026-09-15)
low-style-bonfire	コールマン ファイアーディスク	https://item.rakuten.co.jp/himaraya/0000000669346/?rafcid=wsc_i_is_ea4b84f0-cfca-4a84-b96e-a8423bbc252f	https://www.amazon.co.jp/dp/B01LT5ES1Q		set(2026-09-15)
low-style-bonfire	LUHANA 八炎 ロースタイルver.	https://item.rakuten.co.jp/luhana/yaen_20260318/?rafcid=wsc_i_is_ea4b84f0-cfca-4a84-b96e-a8423bbc252f	https://www.amazon.co.jp/dp/B0HJ27QN3K		set(2026-09-15)
low-style-bonfire	ユニフレーム ファイアグリル	https://item.rakuten.co.jp/mitsuyoshi/683040-uniflame/?rafcid=wsc_i_is_ea4b84f0-cfca-4a84-b96e-a8423bbc252f	https://www.amazon.co.jp/dp/B000AR5Y90		set(2026-09-15)
low-style-bonfire	WAQ 焚き火台-YAGURA-	https://item.rakuten.co.jp/waqoutdoor/waq-ty1/?rafcid=wsc_i_is_ea4b84f0-cfca-4a84-b96e-a8423bbc252f	https://www.amazon.co.jp/dp/B0C9QRZRZN		set(2026-09-15)
low-style-bonfire	スノーピーク 焚火台S ST-031R	https://item.rakuten.co.jp/kompas/10013544/?rafcid=wsc_i_is_ea4b84f0-cfca-4a84-b96e-a8423bbc252f	https://www.amazon.co.jp/dp/B00FXFFST0		set(2026-09-15)
snowpeak-lantern	スノーピーク リトルランプ ノクターン GL-140	https://item.rakuten.co.jp/mitsuyoshi/spk-gl-140/?rafcid=wsc_i_is_ea4b84f0-cfca-4a84-b96e-a8423bbc252f	https://www.amazon.co.jp/dp/B018XJXP7O		set(2026-09-16)
snowpeak-lantern	スノーピーク セレス ES-101	https://item.rakuten.co.jp/snowpeak-official/es-101/?rafcid=wsc_i_is_ea4b84f0-cfca-4a84-b96e-a8423bbc252f	https://www.amazon.co.jp/dp/B0D3HRP3L9		set(2026-09-16)
snowpeak-lantern	スノーピーク ギガパワーランタン天オート GL-100AR	https://item.rakuten.co.jp/himaraya/0000000692510/?rafcid=wsc_i_is_ea4b84f0-cfca-4a84-b96e-a8423bbc252f	https://www.amazon.co.jp/dp/B01N6FXJHC		set(2026-09-16)
snowpeak-lantern	スノーピーク RBたねほおずき ES-141(ひぐれ)	https://item.rakuten.co.jp/snowpeak-official/es-141/?rafcid=wsc_i_is_ea4b84f0-cfca-4a84-b96e-a8423bbc252f	https://www.amazon.co.jp/dp/B0CWGV8CQP		set(2026-09-16)
snowpeak-lantern	スノーピーク HOME&CAMPランタン ES-080(ブラック)	https://item.rakuten.co.jp/canpanera/s06-965/?rafcid=wsc_i_is_ea4b84f0-cfca-4a84-b96e-a8423bbc252f	https://www.amazon.co.jp/dp/B08XZ42CQV		set(2026-09-16)
petzl-headlight	ペツル アクティックコア E065AB(ブラック)	https://item.rakuten.co.jp/yoshikip2/e065ab0x/?rafcid=wsc_i_is_ea4b84f0-cfca-4a84-b96e-a8423bbc252f	https://www.amazon.co.jp/dp/B0FHKTNR6T		set(2026-09-16)
petzl-headlight	ペツル ティカ E061AB(ブラック)	https://item.rakuten.co.jp/yoshikip2/e061ab0x/?rafcid=wsc_i_is_ea4b84f0-cfca-4a84-b96e-a8423bbc252f	https://www.amazon.co.jp/dp/B0FDLSGR92		set(2026-09-16)
petzl-headlight	ペツル ティカコア E067AA00(グレー)	https://item.rakuten.co.jp/supersportsxebio/108311107011/?rafcid=wsc_i_is_ea4b84f0-cfca-4a84-b96e-a8423bbc252f	https://www.amazon.co.jp/dp/B09ZN6T83N		set(2026-09-16)
petzl-headlight	ペツル イーライト E02 P4	https://item.rakuten.co.jp/naturum/9927878/?rafcid=wsc_i_is_ea4b84f0-cfca-4a84-b96e-a8423bbc252f	https://www.amazon.co.jp/dp/B07STZRFWL		set(2026-09-16)
petzl-headlight	ペツル ピクサ3	https://item.rakuten.co.jp/naturum/2743122/?rafcid=wsc_i_is_ea4b84f0-cfca-4a84-b96e-a8423bbc252f	https://www.amazon.co.jp/dp/B00Q78WQF6		set(2026-09-16)
isuka-sleeping-bag	イスカ パトロール ショート ロイヤルブルー 117212	https://item.rakuten.co.jp/naturum/920435/?rafcid=wsc_i_is_ea4b84f0-cfca-4a84-b96e-a8423bbc252f	https://www.amazon.co.jp/dp/B0015XFQF0		set(2026-09-16)
isuka-sleeping-bag	イスカ アルファライト700X インディゴ 111803	https://item.rakuten.co.jp/naturum/2915913/?rafcid=wsc_i_is_ea4b84f0-cfca-4a84-b96e-a8423bbc252f	https://www.amazon.co.jp/dp/B07DL5L6R2		set(2026-09-16)
isuka-sleeping-bag	イスカ アルファライト1300EX インディゴ 125809	https://item.rakuten.co.jp/naturum-outdoor/9933222/?rafcid=wsc_i_is_ea4b84f0-cfca-4a84-b96e-a8423bbc252f	https://www.amazon.co.jp/dp/B07HH2BH27		set(2026-09-16)
isuka-sleeping-bag	イスカ エアドライト140 ダークネイビー	https://item.rakuten.co.jp/mitsuyoshi/isk00000000573/?rafcid=wsc_i_is_ea4b84f0-cfca-4a84-b96e-a8423bbc252f	https://www.amazon.co.jp/dp/B08ZVC2YDV		set(2026-09-16)
isuka-sleeping-bag	イスカ ダウンプラス ニルギリEX ネイビーブルー	https://item.rakuten.co.jp/mitsuyoshi/isk00000000130/?rafcid=wsc_i_is_ea4b84f0-cfca-4a84-b96e-a8423bbc252f	https://www.amazon.co.jp/dp/B015VZVWUA		set(2026-09-16)
inflatable-mat	OneTigris DREAMSTAR インフレータブルマット 厚さ8cm R値6.3	https://item.rakuten.co.jp/onetigris/ce-cqd04/?rafcid=wsc_i_is_ea4b84f0-cfca-4a84-b96e-a8423bbc252f	https://www.amazon.co.jp/dp/B0DH2GKQFD		set(2026-09-16)
vastland-tent	VASTLAND グランドシート テントシート 耐水圧5,000mm	https://item.rakuten.co.jp/vastland/vl0260-1/?rafcid=wsc_i_is_ea4b84f0-cfca-4a84-b96e-a8423bbc252f	https://www.amazon.co.jp/dp/B0CLJ9516Y		set(2026-09-16)
northface-backpack	ザ・ノース・フェイス VAULT リュック(並行輸入・NF0A3VY2)	https://item.rakuten.co.jp/mb/nf0a3vy2/?rafcid=wsc_i_is_ea4b84f0-cfca-4a84-b96e-a8423bbc252f			並行輸入品でカラー15色展開・記事側もカラー未指定のため実売カラー未確定・no-amazon(保守側)2026-09-16
northface-backpack	ザ・ノース・フェイス ボレアリス BOREALIS II(韓国正規品)	https://item.rakuten.co.jp/yeppuda/10000637/?rafcid=wsc_i_is_ea4b84f0-cfca-4a84-b96e-a8423bbc252f			韓国正規品・関税込み扱いの並行輸入品でAmazonに同一品番なし・no-amazon(保守側)2026-09-16
camp-electric-grill	BRUNO(ブルーノ) コンパクトホットプレート BOE021 ホワイト たこ焼き・平面プレート2種付き	https://item.rakuten.co.jp/plywood/01549048/?rafcid=wsc_i_is_ea4b84f0-cfca-4a84-b96e-a8423bbc252f	https://www.amazon.co.jp/dp/B00TRQSURS		ASIN取得済(amazonAsin設置) 型番一致で確認 2026-09-17
camp-electric-grill	アイリスオーヤマ ホットプレート 焼肉プレート2枚・たこ焼きプレート3枚・網焼き風プレート付き PIHA-A20B/PIHA-A30B/APA-139-B	https://item.rakuten.co.jp/kadenrand/560595/?rafcid=wsc_i_is_ea4b84f0-cfca-4a84-b96e-a8423bbc252f			該当なし(型番不一致/汎用品のためno-amazon)2026-09-17
camp-electric-grill	アイリスオーヤマ ホットプレート コンパクト PHP-1002TC グレー 深鍋・平面プレート2種付き	https://item.rakuten.co.jp/e-kitchen/7091393/?rafcid=wsc_i_is_ea4b84f0-cfca-4a84-b96e-a8423bbc252f	https://www.amazon.co.jp/dp/B0DX15GB4T		ASIN取得済(amazonAsin設置) 型番一致で確認 2026-09-17
camp-electric-grill	山善(YAMAZEN) グリル鍋 YGF-W130(B) ブラック 深鍋・波型プレート2WAY	https://item.rakuten.co.jp/e-kurashi/q3t40/?rafcid=wsc_i_is_ea4b84f0-cfca-4a84-b96e-a8423bbc252f	https://www.amazon.co.jp/dp/B0CKV6SBK7		ASIN取得済(amazonAsin設置) 型番一致で確認 2026-09-17
camp-electric-grill	山善(YAMAZEN) 丸型ホットプレート YHL-S100(B) ブラック 2〜3人用	https://item.rakuten.co.jp/e-kurashi/qt325/?rafcid=wsc_i_is_ea4b84f0-cfca-4a84-b96e-a8423bbc252f	https://www.amazon.co.jp/dp/B0C2SLQFCY		ASIN取得済(amazonAsin設置) 型番一致で確認 2026-09-17
camp-rice-cooker	山善(YAMAZEN) ミニ炊飯器 YJE-M150(B) ブラック 0.5〜1.5合炊き マイコン式	https://item.rakuten.co.jp/e-kurashi/53475/?rafcid=wsc_i_is_ea4b84f0-cfca-4a84-b96e-a8423bbc252f	https://www.amazon.co.jp/dp/B07MRDHV4B		ASIN取得済(amazonAsin設置) 型番一致で確認 2026-09-17
camp-rice-cooker	PAOCK(パオック) ミニ炊飯器 MRC-15 0.5〜1.5合炊き コンパクト	https://item.rakuten.co.jp/niigataseiki/850377/?rafcid=wsc_i_is_ea4b84f0-cfca-4a84-b96e-a8423bbc252f	https://www.amazon.co.jp/dp/B0BV6BXDHW		ASIN取得済(amazonAsin設置) 型番一致で確認 2026-09-17
camp-rice-cooker	JPN公式 直流家 タケルくん DC12V専用 車載炊飯器 JPN-JR001 1.5合炊き	https://item.rakuten.co.jp/caraz2/jpn-jr001/?rafcid=wsc_i_is_ea4b84f0-cfca-4a84-b96e-a8423bbc252f	https://www.amazon.co.jp/dp/B00D65QFZU		ASIN取得済(amazonAsin設置) 型番一致で確認 2026-09-17
camp-rice-cooker	車載用炊飯器 DC12V/DC24V兼用 2合炊き 早炊き・保温機能付き	https://item.rakuten.co.jp/ashop/ee289/?rafcid=wsc_i_is_ea4b84f0-cfca-4a84-b96e-a8423bbc252f			該当なし(型番不一致/汎用品のためno-amazon)2026-09-17
camp-rice-cooker	クマザキエイム マルチライスクッカー MC-107R レッド×シャンパンゴールド 0.5〜2.5合炊き	https://item.rakuten.co.jp/wide02/76961/?rafcid=wsc_i_is_ea4b84f0-cfca-4a84-b96e-a8423bbc252f	https://www.amazon.co.jp/dp/B0BSPTPPPJ		ASIN取得済(amazonAsin設置) 型番一致で確認 2026-09-17
stove-guard	アイリスオーヤマ ファンヒーターガード 四方式 FTE-580N シルバー 幅48×奥行37cm	https://item.rakuten.co.jp/mamababy/249667/?rafcid=wsc_i_is_ea4b84f0-cfca-4a84-b96e-a8423bbc252f	https://www.amazon.co.jp/dp/B0045EPJW6		ASIN取得済(amazonAsin設置) 型番一致で確認 2026-09-17
stove-guard	アイリスオーヤマ ファンヒーター吹出し口ガード FDG-350FL シルバー 幅30〜46cm対応	https://item.rakuten.co.jp/mamababy/221334/?rafcid=wsc_i_is_ea4b84f0-cfca-4a84-b96e-a8423bbc252f	https://www.amazon.co.jp/dp/B008ZX5KGI		ASIN取得済(amazonAsin設置) 型番一致で確認 2026-09-17
stove-guard	アイリスオーヤマ ストーブガード 四方式 STG-580N シルバー 幅48×奥行38cm	https://item.rakuten.co.jp/mamababy/249664/?rafcid=wsc_i_is_ea4b84f0-cfca-4a84-b96e-a8423bbc252f	https://www.amazon.co.jp/dp/B00426MLUA		ASIN取得済(amazonAsin設置) 型番一致で確認 2026-09-17
stove-guard	アイリスオーヤマ ストーブガード 四方式 STG-750N シルバー 幅65×奥行45cm（大型）	https://item.rakuten.co.jp/mamababy/249666/?rafcid=wsc_i_is_ea4b84f0-cfca-4a84-b96e-a8423bbc252f	https://www.amazon.co.jp/dp/B00426FAFI		ASIN取得済(amazonAsin設置) 型番一致で確認 2026-09-17
stove-guard	アイリスオーヤマ ストーブガード 3方式 SS-850N シルバー FF式・煙突式対応 幅75×奥行40cm	https://item.rakuten.co.jp/mamababy/249661/?rafcid=wsc_i_is_ea4b84f0-cfca-4a84-b96e-a8423bbc252f	https://www.amazon.co.jp/dp/B00FXHJHLI		ASIN取得済(amazonAsin設置) 型番一致で確認 2026-09-17
anker-power	Anker Solix C1000 Gen 2 ポータブル電源 1024Wh 定格1550W 世界最小クラス 急速充電54分 リン酸鉄 長寿命10年 アプリ遠隔操作	https://item.rakuten.co.jp/anker/a1763/	https://www.amazon.co.jp/dp/B0FK9YH385	https://amzn.to/4uLKNnt	ASIN取得済(amazonAsin設置) 2026-09-17
anker-power	Anker Solix C800 ポータブル電源 768Wh 定格1200W 世界最速充電58分 リン酸鉄 長寿命10年 パススルー アプリ遠隔操作	https://item.rakuten.co.jp/anker/a1753/	https://www.amazon.co.jp/dp/B0CTYBTCH9	https://amzn.to/4gA56kl	ASIN取得済(amazonAsin設置) 2026-09-17
anker-power	Anker Solix F1200 ポータブル電源 1229Wh 定格1500W 1.5H満充電 リン酸鉄 長寿命10年 純正弦波 アプリ遠隔操作	https://item.rakuten.co.jp/anker/a1770/	https://www.amazon.co.jp/dp/B09B1Z4MM9	https://amzn.to/4oMCPcI	ASIN取得済(amazonAsin設置) 2026-09-17
anker-power	Anker Solix C1000 Gen 2 ＋ PS100 ソーラーパネル セット 1024Wh 世界最小クラス 急速充電54分 大容量 長寿命10年	https://item.rakuten.co.jp/anker/b1761-1/	https://www.amazon.co.jp/dp/B0F2HXR2ZS	https://amzn.to/4oG6Ri1	ASIN取得済(amazonAsin設置) 2026-09-17
anker-power	Anker Solix C1000 ＋ PS100 Compact ソーラーパネル 100W セット 1056Wh AC充電58分 折りたたみ式 パススルー 長寿命	https://item.rakuten.co.jp/anker/b1761-4/	https://www.amazon.co.jp/dp/B0DF2CH2PV	https://amzn.to/4w1urIv	ASIN取得済(amazonAsin設置) 2026-09-17
ecoflow-power	EcoFlow ポータブル電源 DELTA 3 1000 Air 超軽量 コンパクト高出力 2年保証 長寿命	https://item.rakuten.co.jp/ecoflow/zmr330-jp/	https://www.amazon.co.jp/dp/B0FWJJLDYN	https://amzn.to/4v02f8c	ASIN取得済(amazonAsin設置) 2026-09-17
ecoflow-power	EcoFlow ポータブル電源 RIVER 2 Pro 768Wh 1.2hフル充電 アプリ対応 長寿命	https://item.rakuten.co.jp/ecoflow/river-2-pro/	https://www.amazon.co.jp/dp/B0BFKFC9YJ	https://amzn.to/44pbKmc	ASIN取得済(amazonAsin設置) 2026-09-17
ecoflow-power	EcoFlow ポータブル電源 ソーラーパネル セット DELTA 3 Classic 1024Wh 軽量両面ソーラーパネル	https://item.rakuten.co.jp/ecoflow/delta-3-160/	https://www.amazon.co.jp/dp/B0FZL86GXC	https://amzn.to/4aMfuSp	ASIN取得済(amazonAsin設置) 2026-09-17
ecoflow-power	EcoFlow ポータブル電源 ソーラーパネル セット DELTA 3 Plus 1024Wh 220W 軽量両面ソーラーパネル 長寿命	https://item.rakuten.co.jp/ecoflow/set/	https://www.amazon.co.jp/dp/B0DB5WZC15	https://amzn.to/4uU9Q8f	ASIN取得済(amazonAsin設置) 2026-09-17
ecoflow-power	EcoFlow ポータブル電源 ソーラーパネル セット DELTA 3 Max 2048Wh 220W 長寿命 5年保証	https://item.rakuten.co.jp/ecoflow/delta2max-220w/	https://www.amazon.co.jp/dp/B0FPCRKH3M	https://amzn.to/44pbLXi	ASIN取得済(amazonAsin設置) 2026-09-17
jackery-power-station	Jackery ポータブル電源 1000 New 1070Wh リン酸鉄 定格1500W 最速1時間満充電 UPS機能 アプリ遠隔操作 純正弦波	https://item.rakuten.co.jp/jackery-japan/n-p-10001000-bkor-jk2/	https://www.amazon.co.jp/dp/B0D3HJM175	https://amzn.to/4xD2M2p	ASIN取得済(amazonAsin設置) 2026-09-17
jackery-power-station	Jackery Solar Generator 1000 New 1070Wh 100W ポータブル電源 ソーラーパネル セット リン酸鉄 定格1500W 純正弦波	https://item.rakuten.co.jp/jackery-japan/n-p1000-s100-jk2/	https://www.amazon.co.jp/dp/B0F7XFGBKR	https://amzn.to/4eWoO8J	ASIN取得済(amazonAsin設置) 2026-09-17
jackery-power-station	Jackery ポータブル電源 2000 New 2042Wh リン酸鉄 大容量 定格2200W UPS機能 アプリ遠隔操作 純正弦波	https://item.rakuten.co.jp/jackery-japan/21-0001-000268/	https://www.amazon.co.jp/dp/B0DBHS1S3V	https://amzn.to/4ejDpuM	ASIN取得済(amazonAsin設置) 2026-09-17
jackery-power-station	Jackery Solar Generator 2000 New 2042Wh 200W ポータブル電源 ソーラーパネル セット 大容量 定格2200W UPS機能 アプリ 太陽光発電	https://item.rakuten.co.jp/jackery-japan/60-2020-jpd1d1/	https://www.amazon.co.jp/dp/B0F7XGDD5D	https://amzn.to/4gA4s6p	ASIN取得済(amazonAsin設置) 2026-09-17
jackery-power-station	Jackery Solar Generator 500 New 512Wh ソーラーパネル セット 100W リン酸鉄 コンパクト 軽量 UPS機能 純正弦波	https://item.rakuten.co.jp/jackery-japan/21-0009-000094/	https://www.amazon.co.jp/dp/B0FBRLJBLH	https://amzn.to/4xD2PLD	ASIN取得済(amazonAsin設置) 2026-09-17
captain-stag-chair	キャプテンスタッグ CSシャルマン ラウンジチェア ドリンクホルダー付き 軽量アルミ製	https://item.rakuten.co.jp/cocoterrace/r-0021-0312/	https://www.amazon.co.jp/dp/B0BS8P5T8N	https://amzn.to/4aakUGH	ASIN取得済(amazonAsin設置) 2026-09-17
captain-stag-chair	キャプテンスタッグ ジュール ラウンジチェア ブラック キャンプチェア	https://item.rakuten.co.jp/goodlifeshop/pm-3846-bct/	https://www.amazon.co.jp/dp/B000NJK42C	https://amzn.to/4fZHpSl	ASIN取得済(amazonAsin設置) 2026-09-17
captain-stag-chair	キャプテンスタッグ CS ラウンジチェア グリーン キャンプチェア	https://item.rakuten.co.jp/goodlifeshop/pm-3889-bct/	https://www.amazon.co.jp/dp/B0H5QXLVTF	https://amzn.to/4eGIMmF	ASIN取得済(amazonAsin設置) 2026-09-17
captain-stag-chair	キャプテンスタッグ CSクラシックス リラックスクッションチェア UC-1647	https://item.rakuten.co.jp/naturum/2856441/	https://www.amazon.co.jp/dp/B06XT1DT5V	https://amzn.to/448ZrdX	ASIN取得済(amazonAsin設置) 2026-09-17
captain-stag-chair	キャプテンスタッグ CSブラックラベル 背付きベンチ UC-1660	https://item.rakuten.co.jp/kohnan-eshop/4560464257168/	https://www.amazon.co.jp/dp/B0756JFNN6	https://amzn.to/4w0c6LT	ASIN取得済(amazonAsin設置) 2026-09-17
fieldoor-tent	FIELDOOR ワンタッチタープテント 2.5m×2.5m サイドシート1枚付 横幕セット スチール UVカット 撥水	https://item.rakuten.co.jp/smile88/a03628/	https://www.amazon.co.jp/dp/B07ZQWL272	https://amzn.to/4eW2E6v	ASIN取得済(amazonAsin設置) 2026-09-17
fieldoor-tent	FIELDOOR ワンタッチタープテント 3m×3m スチール UVカット 撥水 大型	https://item.rakuten.co.jp/maxshare/a04309_sale/		https://amzn.to/4gyUCBR	no-amazon: 20色以上のバリエーションで色特定不可、既存amazonUrlは別ブランド(SOLO UP)誤リンクのため不採用 2026-09-17
fieldoor-tent	FIELDOOR ワンタッチテント 200cm 2人用 3人用 4人用 遮光 遮熱 メッシュドーム フルクローズ	https://item.rakuten.co.jp/maxshare/max-a09177/	https://www.amazon.co.jp/dp/B0DNQ11CMZ	https://amzn.to/4uZXICI	ASIN取得済(amazonAsin設置) 2026-09-17
fieldoor-tent	FIELDOOR ワンタッチタープテント 2.5m×2.5m スチール UVカット 撥水	https://item.rakuten.co.jp/smile88/a03626/		https://amzn.to/4vsxtWq	no-amazon: 20色以上のバリエーションで色特定不可、既存amazonUrlは別ブランド(SOLO UP)誤リンクのため不採用 2026-09-17
fieldoor-tent	FIELDOOR ワンタッチテント 4人用 5人用 ヘキサゴン ドームテント 耐水圧1,500mm以上 UVカット	https://item.rakuten.co.jp/smile88/a05113/		https://amzn.to/4ezesu7	no-amazon: Rakuten実売色(ライトベージュ/ダークブラウン/カーキ)とAmazon在庫色(グレーのみ)が不一致のため不採用 2026-09-17
logos-bonfire	ロゴス the ピラミッドTAKIBI L 焚き火台 81064162	https://item.rakuten.co.jp/himaraya/0000000761618/	https://www.amazon.co.jp/dp/B0792FP76X	https://amzn.to/3QgrZil	ASIN取得済(amazonAsin設置) 2026-09-17
logos-bonfire	ロゴス バーベキューコンロ the ピラミッドTAKIBI M 焚き火台 コンパクト	https://item.rakuten.co.jp/niche-express/lgs00000000718/	https://www.amazon.co.jp/dp/B0792GT2DB	https://amzn.to/4eAooDz	ASIN取得済(amazonAsin設置) 2026-09-17
logos-bonfire	ロゴス バーベキューコンロ the ピラミッドTAKIBI L 焚き火 BBQ	https://item.rakuten.co.jp/niche-express/lgs00000000716/		https://amzn.to/3QVjqtm	no-amazon: 記事内logos-takibi-l-fireと型番(81064162)完全一致の同一商品、同記事内ASIN重複回避のため不採用 2026-09-17
logos-sleeping-bag	LOGOS ロゴス 抗菌防臭 丸洗いディープスリーパーSC 封筒型	https://item.rakuten.co.jp/logosshop/lgs48925/	https://www.amazon.co.jp/dp/B0GX89HTT6		ASIN取得済(amazonAsin設置) 2026-09-17
logos-sleeping-bag	LOGOS ロゴス 丸洗いスランバーシュラフ・2 No.72602010 冬用 封筒型 連結可能	https://item.rakuten.co.jp/auc-ainetshop/69365/	https://www.amazon.co.jp/dp/B079572465		ASIN取得済(amazonAsin設置) 2026-09-17
logos-sleeping-bag	LOGOS ロゴス 丸洗いやわらか あったかシュラフ 夏用 冬用 オールシーズン 封筒型 連結可能	https://item.rakuten.co.jp/a-price/4981325534561/			no-amazon: Rakuten実売品は無地版(品番72683060/61/62)だがAmazonはSNOOPYコラボ版のみで柄違いのため不採用 2026-09-17
nanga-sleeping-bag	ナンガ・オーロラライト 450DX(さかいや別注モデル)(ナンガ純正ストリージバッグプレゼント) 寝袋 ダウンシュラフ 保管袋付き	https://item.rakuten.co.jp/sakaiya/10096359/	https://www.amazon.co.jp/dp/B07W4Z8V2Z	https://amzn.to/4eHvGpm	ASIN取得済(amazonAsin設置) 2026-09-17
nanga-sleeping-bag	ナンガ オーロラテックス 750DX オールブラック ニッチエディション NANGA キャンプ シュラフ 寝袋 マミー型 ダウン 日本製 冬キャンプ 車中泊対応 快適使用温度-8℃	https://item.rakuten.co.jp/mitsuyoshi/nng00000004467/	https://www.amazon.co.jp/dp/B0FPQLDYKR	https://amzn.to/4eyeen6	ASIN取得済(amazonAsin設置) 2026-09-17
nanga-sleeping-bag	ナンガ シュラフ オリジナル オーロラライト 800DX スクウェア NANGA H-AURORA800SQ 寝袋 アウトドア 封筒型 キャンプ スクエア ダウン ダウンシュラフ 別注モデル	https://item.rakuten.co.jp/mitsuyoshi/nng00000002348/	https://www.amazon.co.jp/dp/B0C92PT2DD	https://amzn.to/4eqnqLp	ASIN取得済(amazonAsin設置) 2026-09-17
nanga-sleeping-bag	ナンガ オーロラテックス 600DX オールブラック ニッチエディション NANGA キャンプ シュラフ 寝袋 マミー型 ダウン 日本製 冬キャンプ 快適使用温度-6℃	https://item.rakuten.co.jp/mitsuyoshi/nng00000004464/	https://www.amazon.co.jp/dp/B0FPQKVRPJ	https://amzn.to/4ac8AWy	ASIN取得済(amazonAsin設置) 2026-09-17
nanga-sleeping-bag	NANGA ナンガ NANGA Original Schlaf 460 オリジナルシュラフ レギュラー 別注 アウトドア キャンプ 登山 コンパクト ダウン 軽量 マミー型 寝袋 スリーピングバッグ 防災	https://item.rakuten.co.jp/snb-shop/nanga-122/	https://www.amazon.co.jp/dp/B0FTF56XDR	https://amzn.to/4uRN9l2	ASIN取得済(amazonAsin設置) 2026-09-17
stove-fan	FIELDOOR ストーブファン ノーマルタイプ 4枚羽根 直径約18cm	https://item.rakuten.co.jp/maxshare/a14535/?rafcid=wsc_i_is_ea4b84f0-cfca-4a84-b96e-a8423bbc252f	https://www.amazon.co.jp/dp/B09JNP1QC3		ASIN取得済(amazonAsin設置) 2026-09-18
stove-fan	FIELDOOR ストーブファン 5枚羽根 直径約16cm	https://item.rakuten.co.jp/maxshare/a08438/?rafcid=wsc_i_is_ea4b84f0-cfca-4a84-b96e-a8423bbc252f			該当なし(Amazon側に5枚羽根モデルの出品なし・4枚/6枚のみ) 2026-09-18
stove-fan	FIELDOOR ストーブファン 首振りタイプ 5枚羽根 直径約19cm	https://item.rakuten.co.jp/maxshare/a10129/?rafcid=wsc_i_is_ea4b84f0-cfca-4a84-b96e-a8423bbc252f	https://www.amazon.co.jp/dp/B0FN3GLN2K		ASIN取得済(amazonAsin設置) 2026-09-18
stove-fan	FIELDOOR ストーブファン 6枚羽根 直径約11cm ミニサイズ	https://item.rakuten.co.jp/maxshare/a20650/?rafcid=wsc_i_is_ea4b84f0-cfca-4a84-b96e-a8423bbc252f	https://www.amazon.co.jp/dp/B0F9D6KLMC		ASIN取得済(amazonAsin設置) 2026-09-18
stove-fan	Re:Gear 首振りストーブファン HEAT WAVY 2.0（6枚羽 ブラック）	https://item.rakuten.co.jp/relaxa-from2/stovefanhw/?rafcid=wsc_i_is_ea4b84f0-cfca-4a84-b96e-a8423bbc252f	https://www.amazon.co.jp/dp/B0BPPBKQWK		ASIN取得済(amazonAsin設置) 2026-09-18
soto-windmaster	SOTO マイクロレギュレーターストーブ ウインドマスター SOD-310 4本ゴトクセット	https://item.rakuten.co.jp/naturum/2549946/	https://www.amazon.co.jp/dp/B00K712YII		ASIN取得済(amazonAsin設置) 2026-09-18
soto-st310	SOTO レギュレーターストーブ ST-310	https://item.rakuten.co.jp/naturum/859814/	https://www.amazon.co.jp/dp/B077Q99XBS		ASIN取得済(amazonAsin設置) 2026-09-18
soto-microtorch	SOTO マイクロトーチ ACTIVE ST-486 充てん式 ガストーチ	https://item.rakuten.co.jp/music-and-outdoor-lab/st-486-bk-free/			no-amazon: カラー(BK/BL/RG)同価格選択式・記事に色指定なく仕様確定不可 2026-09-18
soto-slidetorch	SOTO スライドガストーチ ST-487 充てん式	https://item.rakuten.co.jp/music-and-outdoor-lab/st-487/	https://www.amazon.co.jp/dp/B0C2C5NNCH		ASIN取得済(amazonAsin設置) 2026-09-18
soto-fieldchucker	SOTO フィールドチャッカー ST-Y451 パワートーチ	https://item.rakuten.co.jp/e-kurashi/q9106/	https://www.amazon.co.jp/dp/B0FPVPKLBQ		ASIN取得済(amazonAsin設置) 2026-09-18
naturehike-3season	Naturehike 3.5シーズン 封筒型寝袋 洗える コンパクト 軽量 1人用 撥水 連結可能	https://item.rakuten.co.jp/naturehike-direct/nh21msd09/	https://www.amazon.co.jp/dp/B08CVB4FF6		ASIN取得済(amazonAsin設置) 2026-09-18
naturehike-winter-2way	Naturehike 封筒型寝袋 冬用 快適-1.3〜8.5℃ 極限温度-17℃ 2way 連結可能 2人用可能 洗える	https://item.rakuten.co.jp/naturehike-direct/nh19s015-d/			no-amazon: U250/U450の2サイズ展開で記事の快適温度が両者を跨ぎ単一仕様不明 2026-09-18
naturehike-225	Naturehike 封筒型寝袋 225×75cm 最大限界温度-12℃ 連結可能 1人用 丸洗い可能	https://item.rakuten.co.jp/naturehike-direct/cnk2300sd016/			no-amazon: 現行LD150/250/350の限界温度(8/-2/-4度)が記事の-12度と不一致 2026-09-18
naturehike-family	Naturehike ファミリー封筒型寝袋 1〜4人使用可能 200×115cm 幅広 ワイド 連結可能 丸洗い	https://item.rakuten.co.jp/naturehike-direct/cnk2300019/			no-amazon: ブラウン/グリーン2色同価格で単一色を確定できず 2026-09-18
naturehike-layer	Naturehike 三層構造 レイヤー封筒型寝袋 快適0℃〜-13℃ オールシーズン 防水加工 軽量 丸洗い	https://item.rakuten.co.jp/naturehike-direct/cnh22sd011/	https://www.amazon.co.jp/dp/B0BL9ZT874		ASIN取得済(amazonAsin設置) 2026-09-18
nh-cloudup2-pro	Naturehike Cloud up2 Pro UL ドームテント 超軽量 1〜2人用 20D/15D 二重層 耐水圧4000mm 3シーズン 前室あり 自立式	https://item.rakuten.co.jp/naturehike-direct/nh18t030-t-3/			no-amazon: Pro/UL2シリーズx1~3人用x5色の多重バリエーションかつ価格不一致(現行19990円~/記事16793円) 2026-09-18
nh-light-1-2p	Naturehike 軽量テント 1〜2人用 20D ナイロン 耐水圧4000mm 前室あり 専用グランドシート付 アルミポール	https://item.rakuten.co.jp/naturehike-direct/nh17t140-j/			no-amazon: 楽天商品ページ削除・ショップトップへリダイレクトのため現行仕様確認不可 2026-09-18
nh-dune76	Naturehike Dune7.6 2ルーム ドーム型テント アップグレード 煙突口付き 自立式 二重構造 前室 UVカット UPF50+ 耐水圧2000mm 2人用	https://item.rakuten.co.jp/naturehike-direct/cnh22zp028-1/	https://www.amazon.co.jp/dp/B0CP3FSK4B		ASIN取得済(amazonAsin設置) 2026-09-18
nh-lodge-13	Naturehike ワンタッチテント Ti black ロッジ型テント 13平米 大型 ツールーム 2つ前室 3〜4人用 チタンブラックコーティング 二重層 自立式 耐水圧2000mm	https://item.rakuten.co.jp/naturehike-direct/cnh22zp004/			no-amazon: 現行Village13.0 Pro(75990円~/耐水圧10000mm)に仕様変更され記事(56993円/耐水圧2000mm)と不一致 2026-09-18
osprey-backpack	OSPREY デイライトプラス DAYLITE PLUS OS57176 バックパック	https://item.rakuten.co.jp/canpanera/o09039/	https://www.amazon.co.jp/dp/B08LP1WWPT		ASIN取得済(amazonAsin設置・campkit-20260920-01) 2026-09-20｜ブラック(osprey-daily-backpackと同一ASIN)
osprey-backpack	OSPREY ストラトス 36 Stratos 36L バックパック	https://item.rakuten.co.jp/glv/opy-96/	https://www.amazon.co.jp/dp/B09JXK4YSD		ASIN取得済(amazonAsin設置・campkit-20260920-01) 2026-09-20｜OS50306 シュテイシャンブルー・¥22,999で楽天と一致
osprey-backpack	OSPREY シラス 24 SIRRUS 24 レディース バックパック	https://item.rakuten.co.jp/canpanera/o09036/	https://www.amazon.co.jp/dp/B09JY35BHR		ASIN取得済(amazonAsin設置・campkit-20260920-01) 2026-09-20｜OS50318 並行輸入品(国内正規の出品なし)・24L ミューテッドスペースブルー
osprey-backpack	OSPREY フェアビュー40 トラベルパック FAIRVIEW 40 レディース バックパック	https://item.rakuten.co.jp/canpanera/o09145/	https://www.amazon.co.jp/dp/B09KQ1TH49		ASIN取得済(amazonAsin設置・campkit-20260920-01) 2026-09-20｜Osprey Europe 40L ブラック ★4.7(719)
mysteryranch-backpack	ミステリーランチ クーリー30 Coulee 30 バックパック 30L 112814-001		https://www.amazon.co.jp/dp/B0BNYPZPK9		ASIN取得済(amazonAsin設置・campkit-20260920-01) 2026-09-20｜19761535 S/M ブラック(112814-001=ブラック)
mysteryranch-backpack	ミステリーランチ ギャラゲーター S/M 20L		https://www.amazon.co.jp/dp/B0CQ75SFDT		ASIN取得済(amazonAsin設置・campkit-20260920-01) 2026-09-20｜19761600 S-M ブラック
one-touch-tarp	FIELDOOR ワンタッチタープテント 3m×3m	https://item.rakuten.co.jp/maxshare/a04309_sale/	https://www.amazon.co.jp/dp/B00I0Q8VVG		ASIN取得済(amazonAsin設置・campkit-20260920-01) 2026-09-20｜4点ロック/スチール 通常 グリーン 3.0m（楽天既定=4点脚ロック・標準グリーン）
one-touch-tarp	FIELDOOR ワンタッチタープテント 2.5m×2.5m	https://item.rakuten.co.jp/smile88/a03626/	https://www.amazon.co.jp/dp/B00I0Q9XRW		ASIN取得済(amazonAsin設置・campkit-20260920-01) 2026-09-20｜4点ロック/スチール 通常 グリーン 2.5m
one-touch-tarp	モダンデコ ワンタッチタープテント 3m	https://item.rakuten.co.jp/dondon/sjt30/	https://www.amazon.co.jp/dp/B08YNB5WZJ		ASIN取得済(amazonAsin設置・campkit-20260920-01) 2026-09-20｜3m オリーブグリーン/シルバーコーティング ★4.0(399)
one-touch-tarp	クイックキャンプ ワンタッチタープ 2.5m	https://item.rakuten.co.jp/esports/9501310090022/	https://www.amazon.co.jp/dp/B07P5HZTH5		ASIN取得済(amazonAsin設置・campkit-20260920-01) 2026-09-20｜2.5m サンド/シルバーコーティング ★4.4(468)
one-touch-tarp	モダンデコ ワンタッチタープテント 2.5m	https://item.rakuten.co.jp/dondon/sjt25/	https://www.amazon.co.jp/dp/B088R5SQRG		ASIN取得済(amazonAsin設置・campkit-20260920-01) 2026-09-20｜2.5m サンドベージュ/シルバーコーティング
solo-camp-beginners-guide	POLeR ポーラー 1人用テント 1 MAN TENT		https://www.amazon.co.jp/dp/B09HQZ2NHD		ASIN取得済(amazonAsin設置・campkit-20260920-01) 2026-09-20｜サニーレーベル(正規取扱) 213EQU5202-SM13・¥22,946で楽天と一致
solo-camp-beginners-guide	MSR エリクサー1 タン 37072		https://www.amazon.co.jp/dp/B07B8SF11M		ASIN取得済(amazonAsin設置・campkit-20260920-01) 2026-09-20｜日本正規品 1人用(グレー)。タンの出品なし→同モデル色違いで設置(要判断)
solo-camp-beginners-guide	OGAWA タッソT/C サンドベージュ OG-2727		https://www.amazon.co.jp/dp/B08SJF98TR		ASIN取得済(amazonAsin設置・campkit-20260920-01) 2026-09-20｜ogawa-tentと同一ASIN(タッソT/C 単品)
thermal-bottle	サーモス 水筒 2wayコップ付き 600/800ml	https://item.rakuten.co.jp/livingut/4580244681396/	https://www.amazon.co.jp/dp/B0DTYDK7JM		ASIN取得済(amazonAsin設置・campkit-20260920-01) 2026-09-20｜FJJ-802WF BKY(800ml)=楽天既定SKU
thermal-bottle	タイガー 真空断熱ボトル SAHARA 480/600ml	https://item.rakuten.co.jp/tiger-online/mmj-a602/	https://www.amazon.co.jp/dp/B013OKS0M2		ASIN取得済(amazonAsin設置・campkit-20260920-01) 2026-09-20｜MMJ-A048KA(480ml)。楽天のMMJ-A602(600ml)はAmazonに出品なく同シリーズ480mlで設置(要判断)
thermal-bottle	象印 シームレス ステンレスボトル 600/720/950ml	https://item.rakuten.co.jp/e-kitchen/7259117/	https://www.amazon.co.jp/dp/B0CQTMQS61		ASIN取得済(amazonAsin設置・campkit-20260920-01) 2026-09-20｜SM-VB60-BM(600ml ソフトブラック) ★4.5(1328)
thermal-bottle	アトラス 超保温ボトル TEMPEAK 500〜1200ml	https://item.rakuten.co.jp/atlas-online/atpb-1200bk/	https://www.amazon.co.jp/dp/B09QM4DSPP		ASIN取得済(amazonAsin設置・campkit-20260920-01) 2026-09-20｜ATPB-1200BK(1200ml ブラック)=楽天SKUと一致
thermal-bottle	スタンレー クラシック 真空ボトル 1.9L	https://item.rakuten.co.jp/onestep/jj4531/	https://www.amazon.co.jp/dp/B000FZX93U		ASIN取得済(amazonAsin設置・campkit-20260920-01) 2026-09-20｜10-01289-005 グリーン 国内正規 ★4.7(8579)
car-camp-bed-kit	LAD WEATHER 極厚10cm 車中泊マット		https://www.amazon.co.jp/dp/B0BWX6DWMK		ASIN取得済(amazonAsin設置・campkit-20260920-01) 2026-09-20｜mountain-camp-matと同一ASIN
sleeping-bag-liner	Bears Rock くるむん フリース インナーシュラフ	https://item.rakuten.co.jp/gorilla55/in-sf/	https://www.amazon.co.jp/dp/B0845XGKYX		ASIN取得済(amazonAsin設置・campkit-20260920-01) 2026-09-20｜IF-201K ブラウン ★4.3(351)
sleeping-bag-liner	寝袋 インナーシュラフ 軽量 夏 薄手 封筒型	https://item.rakuten.co.jp/ishi0424/k-innershruff01/	https://www.amazon.co.jp/dp/B0DFW2BH1Y		ASIN取得済(amazonAsin設置・campkit-20260920-01) 2026-09-20｜sleeping-bag-summer-cospa(amzn.to/3R9l3E2)と同一商品名・同価格¥1,298
sleeping-bag-liner	Bears Rock くるむん ボアロング	https://item.rakuten.co.jp/gorilla55/boa_long/	https://www.amazon.co.jp/dp/B0845RPYDM		ASIN取得済(amazonAsin設置・campkit-20260920-01) 2026-09-20｜IB-301L グレー ★4.4(137)
portable-cooler-aircon	アイリスオーヤマ スポットクーラー ポータブルクーラー	https://item.rakuten.co.jp/enetroom/535804/	https://www.amazon.co.jp/dp/B0GZZGLCGB		ASIN取得済(amazonAsin設置・campkit-20260920-01) 2026-09-20｜IPP-2226U-H(2026年モデル)・楽天ページ現行型番と一致
portable-cooler-aircon	THREEUP スポットクーラー 木目調 ダクト付き	https://item.rakuten.co.jp/threeup/ecs0814/	https://www.amazon.co.jp/dp/B0GWMN5Z7Z		ASIN取得済(amazonAsin設置・campkit-20260920-01) 2026-09-20｜EC-S0814GW ¥25,800で楽天と一致
naturehike-mat	Naturehike キャンプマット 厚手5cm 自動膨張 無限連結	https://item.rakuten.co.jp/naturehike-direct/nh20dz03/	https://www.amazon.co.jp/dp/B09K4ZPQJ3		ASIN取得済(amazonAsin設置・campkit-20260920-01) 2026-09-20｜5cm ベージュ1個 ¥5,990で記事価格と一致(9/10のno-amazonを取消)
naturehike-mat	Naturehike エアーベッド 枕付き 厚さ25cm 電動ポンプ	https://item.rakuten.co.jp/naturehike-direct/cnk2450ws040/	https://www.amazon.co.jp/dp/B0DLSR2KDN		ASIN取得済(amazonAsin設置・campkit-20260920-01) 2026-09-20｜公式 1人用 25cm ¥10,990で記事価格と一致(9/10のno-amazonを取消)
mysteryranch-backpack	ミステリーランチ クーリー 40 COULEE 40				no-amazon: Amazon出品はサイズL・転売価格(¥70,400〜)のみで楽天¥39,600と乖離・レビュー0 2026-09-20
mysteryranch-backpack	ミステリーランチ ブリッツ 35 ヨークS/M 001ブラック	https://item.rakuten.co.jp/seabees/22081221/			no-amazon: AmazonはCOYOTE/FORESTとL-XLのみでブラックS/Mの出品なし 2026-09-20
solo-camp-beginners-guide	ソロキャンプ 入門編 ドームテント（無名OEM）				no-amazon: 汎用OEM品・ブランド不明 2026-09-20
solo-camp-beginners-guide	カラー ペグハンマー（無名OEM）				no-amazon: 汎用OEM品・ブランド不明 2026-09-20
car-camp-bed-kit	車用ベッド エアーベッド SUV 電動ポンプ付（無名OEM）				no-amazon: 汎用OEM品・ブランド不明 2026-09-20
car-camp-bed-kit	エアーマット PVC 40cm（無名OEM）				no-amazon: 汎用OEM品・ブランド不明 2026-09-20
sleeping-bag-liner	インナーシュラフ 防災士監修（無名OEM）	https://item.rakuten.co.jp/patri/ad196/			no-amazon: 汎用OEM品・ブランド不明 2026-09-20
sleeping-bag-liner	インナーシュラフ 毛布（無名OEM）	https://item.rakuten.co.jp/weiwei/odsbfl/			no-amazon: 汎用OEM品・ブランド不明 2026-09-20
portable-cooler-aircon	タンスのゲン スポットクーラー	https://item.rakuten.co.jp/tansu/7980000000/			no-amazon: 楽天限定モデル・型番なしでAmazon側の一致商品を特定不可 2026-09-20
portable-cooler-aircon	EENOUR スポットクーラー PA600	https://item.rakuten.co.jp/e-techpowershop/1810225001/			no-amazon: AmazonはPA800(2026新型)のみでPA600の出品なし 2026-09-20
portable-cooler-aircon	QUADS 自動ルーバー スポットクーラー 2.3kw	https://item.rakuten.co.jp/quads/qs518/			no-amazon: 楽天公式ストア限定モデル・型番なし 2026-09-20
