slug	rank	id	frozen	http	card_name	rakuten_item_name	maker_model	brand	axis_count	axis_first	card_price	current_price	stock	flags	checked_at	judged_task	sku_selected
attack-pack	1	karrimor-tatra20	0	200	カリマー タトラ20 KARRIMOR tatra20 501212 20L 腰ベルト付き ユニセックス	カリマー タトラ20 KARRIMOR tatra20 メンズ レディース ユニセックス 501212 バックパック リュック ザック 20L 腰ベルト付き 日帰り登山 ハイキング フェス おしゃれ キャンプ アウトドア	501212	KARRIMOR	カラー:3	カラー:ダークチャコール	14850	14850	qty=1	color_unspecified	2026-09-21T10:59:14Z	campkit-20260921-24	K03014dch/ダークチャコール
attack-pack	5	karrimor-cadet20	0	200	カリマー カデット20 KARRIMOR cadet20 501213 20L レディース・ジュニア向け	カリマー カデット20 KARRIMOR cadet20 レディース キッズ 501213 ジュニアバック リュック ザック 女性 子供用デイパック 20Ｌ おしゃれ キャンプ アウトドア	501213	KARRIMOR	カラー:3	カラー:ペールカーキ2	8800	11000	soldout	color_unspecified,price_mismatch	2026-09-21T10:59:14Z	campkit-20260921-24	K03199pkh2/ペールカーキ2
camp-gift	4	gift-thermal-bottle	0	200	サーモス 水筒 2wayコップ付き 600/800ml	サーモス 水筒 600ml 800ml 2way コップ付き 直飲み ステンレス FJJ （ THERMOS 保温 保冷 子供 ステンレスボトル スポーツドリンク対応 ダイレクト ボトル コップ飲み キッズ ワンタッチ ショルダーベルト スポーツボトル ）	FJJ-802WF BKY	サーモス	種類1:2|種類2:8	種類1:600ml|種類2:パープルピンク（FJJ-602WF）	4700	4920	qty=9	color_unspecified,price_mismatch	2026-09-21T10:59:14Z	campkit-20260921-24	uni481169-BKYW/800ml/ブラックイエロー（FJJ-802WF）
compact-portable-power	3	bluetti-eb3a	0	200	BLUETTI EB3A 268Wh（130Wソーラーパネルセット）	【在庫一掃 クーポン利用で23,030円】BLUETTI ポータブル電源 268Wh EB3A セット130Wソーラーパネル 600W出力 家庭用 軽量 小型 蓄電池 高速充電 ソーラーパネル セット ポータブルバッテリー リン酸鉄 長寿命 2500回サイクル 停電 アウトドア キャンプ 車中泊 非常用	EB3A	BLUETTI	ポータブル電源のカラー:1|ソーラーパネル:3	ポータブル電源のカラー:EB3A 268Wh スチールグレー|ソーラーパネル:なし	32900	32900	qty=64	spec_mismatch,set_mismatch	2026-09-21T10:59:14Z	campkit-20260921-24	bluettijapan_eb3a/EB3A 268Wh スチールグレー/なし
inflatable-mat	1	aiflycy-inflatable	0	200	Aiflycy インフレーターマット 厚手8/10cm 枕付き 幅75cm 自動膨張式 極厚 車中泊マット	【15%OFF！￥7480→￥6358】【my best空気入れやすさno.1】キャンプ マット 厚手【枕付き史上最大幅75cm追加】インフレーターマット 8/10cm アウトドアマット 自動膨張式 イインフレータブルマット 車中泊マット キャンプマット 極厚 コンパクト 防災マット 《3sp02》	sp02	camdoor	幅さ:3|厚さ:2|カラー:16	幅さ:プレミアムサイズ（幅70cm）|厚さ:8cm|カラー:ベージュ	6680	8480	qty=18	spec_mismatch,color_unspecified,size_unspecified,price_mismatch	2026-09-21T10:59:14Z	campkit-20260921-24	sp0210kaqi/プレミアムサイズ（幅70cm）/10cm/ベージュ
large-tarp-recommend	2	fielddoor-onetouch-3x3	0	200	FIELDOOR ワンタッチタープテント 3m×3m 頑丈スチールフレーム UVカット 撥水 日よけ 1年保証	【楽天1位】遮光/遮熱モデル追加！FIELDOOR ワンタッチタープテント 3m×3m 頑丈 スチール テント タープ 300 3.0m ワンタッチテント ワンタッチタープ ワンタッチ 大型 簡単 UVカット 撥水 日よけ プール イベント アウトドア キャンプ BBQ 1年保証 ★ [送料無料]	ワンタッチタープテント	FIELDOOR	【選べるロックタイプ】:2|【選べるトップカバー】:22|【追加で選べるオプションセット】:5	【選べるロックタイプ】:4点脚ロックタイプ|【選べるトップカバー】:標準：グリーン|【追加で選べるオプションセット】:タープ本体のみ	8800	10780	qty=1	color_unspecified,sale_page,price_mismatch	2026-09-21T10:59:14Z	campkit-20260921-24	154885/4点脚ロックタイプ/標準：グリーン/タープ本体のみ
one-touch-tent	1	fielddoor-onetouch-200	0	200	FIELDOOR ワンタッチテント 200cm 2〜4人用 遮光・遮熱UVカット スクエア型	【楽天1位】FIELDOOR テント ワンタッチ 200cm 2人用 3人用 4人用 中型 遮光 遮熱 UVカット 耐水 公園 ワンタッチテント ポップアップテント 日よけ サンシェード メッシュドームテント 簡易テント 簡単 外遊び ピクニック フルクローズ 1年保証 ★ [送料無料]	フルクローズ サンシェードテント 200cm	FIELDOOR	カラー:2|セット:2	カラー:グレー|セット:テント本体のみ	7920	8910	qty=1	color_unspecified,price_mismatch	2026-09-21T10:59:14Z	campkit-20260921-24	a07579/グレー/テント本体のみ
outdoor-coffee-mill	5	mill-atlas	0	200	アトラス コーヒーミル セラミック臼式 ACG	アトラス コーヒーミル セラミック 臼式 手挽き 透明 ブラック ブラウン 手動 小型 スリム コンパクト 粗さ調整 挽き目調節 分解 丸洗い可能 洗いやすい コーヒーグラインダー キッチン キャンプ アウトドア グッドデザイン賞 受賞 カフェリンク ACG-BKP ACG-BRP	ACG-BKP	アトラス	カラー:2	カラー:ブラック	1998	1998	qty=153	color_unspecified	2026-09-21T10:59:14Z	campkit-20260921-24	acg-bkp/ブラック
pup-tent	3	soomloom-pup-tc	0	404	SoomLoom パップテント ノーマル/ビッグサイズ 軍幕 TC素材 ポリコットン ソロテント 防風防雨						8400			404,size_unspecified	2026-09-21T10:59:14Z	campkit-20260921-24	
stylish-camp-tent	1	tent-s-rank-1	0	404	5/6まで延長63%0FF！＼アレンジ自由自在の秘密基地／ GIMMICK (ギミック) パップテント m8 GM-TT3000 テント キャンプ アウトドア						20000			404,store_copy	2026-09-21T10:59:14Z	campkit-20260921-24	
water-jug	3	wj-vastland	0	200	VASTLAND アイスコンテナ 1.9L 3.8L キャンプ用 氷入れ 水筒 保冷 真空断熱	VASTLAND アイスコンテナ 1.9L 3.8L キャンプ用 氷入れ 水筒 保冷 真空断熱	VL-BCB-1900-SLV	VASTLAND	カラー:4|サイズ:2	カラー:シルバー|サイズ:1.9L	3980	3980	qty=108	color_unspecified,size_unspecified	2026-09-21T10:59:14Z	campkit-20260921-24	VL0537/シルバー/1.9L
air-frame-tent	1	coleman-touring-air	0	404	Coleman(コールマン) ツーリングドームエアー DARKROOM ST+(1~2人用)						23600			404	2026-09-21T10:59:14Z	campkit-20260921-24	
air-frame-tent	2	snowpeak-minit-proair	0	200	スノーピーク(snow peak) ミニッツドーム Pro.air 1	スノーピーク テント ミニッツドーム Pro.air 1 SSD-712 snowpeak	SSD-712	snowpeak			68000	68000	qty=2	OK	2026-09-21T10:59:14Z	campkit-20260921-24	cl-4960589014682
air-frame-tent	3	tomount-air-8	0		TOMOUNT エアーテント 8㎡ インフレータブル ロッジ型 3~5人用						74499			url_unparsable	2026-09-21T10:44:25Z	campkit-20260921-24	
air-frame-tent	4	snowpeak-falle-proair	0	200	スノーピーク(snow peak) ファル Pro.air 3	【最大10万pt当選！要エントリー★9/20 - 9/30】スノーピーク（snow peak） テント キャンプ用品 ファル Pro.air 3 SSD-703	SSD-703	スノーピーク	カラー:1|サイズ:1	カラー:無|サイズ:ＦＦ	49998	49998	qty=8	OK	2026-09-21T10:59:14Z	campkit-20260921-24	10601672501100000000000100100000/無/ＦＦ
air-frame-tent	5	coleman-tuffscreen-air	0	200	Coleman(コールマン) タフスクリーン2ルームエアー DARKROOM LDX+	コールマン(Coleman) テント タフスクリーン2ルームエアー DARKROOM サイズ LDX+/MDX+	-	-	style:2	style:MDX+	87800	94100	qty=5	price_mismatch	2026-09-21T10:59:14Z	campkit-20260921-24	B/LDX+
alcohol-stove	1	al-titanmania	0	200	チタンマニア アルコールストーブ チタン製	TITAN MANIA(チタンマニア) アルコールストーブ チタン製 軽量 頑丈 シングルコンロ アルコールバーナー コンパクト ポータブル キャンプ ソロキャンプ アウトドア キャンプ用品 収納袋付き	-	TITAN MANIA			2480	2480	qty=159	OK	2026-09-21T10:59:14Z	campkit-20260921-24	titan1837
alcohol-stove	2	al-gaobabu	0	200	ガオバブ Gaobabu アルコールバーナー	アルコールバーナー ガオバブ(Gaobabu)Gaobabuアルコールバーナー(収納袋付き) アルコールストーブ アルスト トランギア trangia 調理用 クッキング コンパクト 超軽量 アウトドア ソロキャンプ キャンプ 登山 トレッキング 釣り ツーリング 非常用 防災 燃料目盛り付き	705738	ガオバブ / Gaobabu / トランギア			2660	2660	qty=25	OK	2026-09-21T10:59:14Z	campkit-20260921-24	10010286
alcohol-stove	3	al-gotoku-set	0	200	アルコールストーブ 五徳セット（収納袋付き）	アルコールストーブ 五徳セット 【全2色】収納袋 説明書付き 登山 調理 キャンプ ツーリング 野外 携帯 ソロストーブ	-	ノーブランド	項目:1|カラーの種類:2	項目:カラー|カラーの種類:シルバーゴールド	1880	1880	qty=9	color_unspecified	2026-09-21T10:59:14Z	campkit-20260921-24	3895/カラー/シルバーゴールド
alcohol-stove	4	al-bottle-set	0	200	アルコールストーブ バーナー（燃料ボトル付き）	＼ お買い物マラソン 限定 クーポン／ アルコールストーブ バーナー ボトル アルコール オイル ランタン 燃料容器 燃料ボトル 携行缶 146ml 5oz ステンレス 燃料入れ 小分け容器 パラフィンオイル オイルボトル フューエルボトルステンレス 容器 スキットル ミニスキットル	無し	無し			1390	1390	qty=10	OK	2026-09-21T10:59:14Z	campkit-20260921-24	normal-inventory
alcohol-stove	5	al-alocs	0	200	ALOCS アロクス アルコールバーナー（ゴトク付き）	【P2倍】 ALOCS アロクス アルコールバーナー アルコールストーブ バーナー ゴトク付 アルスト CS-B02	CS-B02	アロクス			2020	2020	qty=7	OK	2026-09-21T10:59:14Z	campkit-20260921-24	alocs-cs-b02
anker-power	1	anker-c1000	0	200	Anker Solix C1000 Gen 2 ポータブル電源 1024Wh 定格1550W 世界最小クラス 急速充電54分 リン酸鉄 長寿命10年 アプリ遠隔操作	【59,910円OFFクーポン 9/25まで】Anker Solix C1000 Gen 2 Portable Power Station ダークグレー 1024Wh ポータブル電源 世界最小クラス 世界最速の急速充電54分 リン酸鉄 長寿命10年 定格1550W バッテリー 大容量 アプリ遠隔操作 キャンプ 防災	A1763	ANKER	カラー:1	カラー:ダークグレー	129900	129900	qty=1585	OK	2026-09-21T10:59:14Z	campkit-20260921-24	A17635Z1/ダークグレー
anker-power	2	anker-c800	0	200	Anker Solix C800 ポータブル電源 768Wh 定格1200W 世界最速充電58分 リン酸鉄 長寿命10年 パススルー アプリ遠隔操作	Anker Solix C800 ポータブル電源 768Wh 世界最速充電58分 定格1200W 長寿命10年 リン酸鉄 収納スペース搭載 パススルー アプリ遠隔操作 蓄電池 ポータブルバッテリー キャンプ アウトドア 家庭用 防災 節電 アンカー	A1753	ANKER	カラー:1	カラー:ダークグレー	104900	104900	soldout	OK	2026-09-21T10:59:14Z	campkit-20260921-24	A17535Z1/ダークグレー
anker-power	3	anker-f1200	0	200	Anker Solix F1200 ポータブル電源 1229Wh 定格1500W 1.5H満充電 リン酸鉄 長寿命10年 純正弦波 アプリ遠隔操作	Anker Solix F1200 ポータブル電源1229Wh 蓄電池 ポータブルバッテリー 1.5H満充電 高出力AC(定格1500W) 長寿命10年 急速充電 アプリ リン酸鉄 純正弦波 安全 キャンプ アウトドア 車中泊 非常用電源 アンカー	A1770	ANKER	カラー:1	カラー:Black	169900	169900	soldout	OK	2026-09-21T10:59:14Z	campkit-20260921-24	A1770513/Black
anker-power	4	anker-c1000-solar	0	200	Anker Solix C1000 Gen 2 ＋ PS100 ソーラーパネル セット 1024Wh 世界最小クラス 急速充電54分 大容量 長寿命10年	【69,910円OFFクーポン 9/25まで】Anker Solix C1000 Gen 2 Portable Power Station ダークグレー with Anker Solix PS100 Dual Portable Solar Panel 世界 最小 クラスポータブル電源1024Wh 最速 急速充電54分 大容量 高出力 長寿命10年 キャンプ	B1763	ANKER	カラー:1	カラー:ダークグレー	159900	159900	qty=209	OK	2026-09-21T10:59:14Z	campkit-20260921-24	B17635Z5/ダークグレー
anker-power	5	anker-c1000-ps100	0	200	Anker Solix C1000 ＋ PS100 Compact ソーラーパネル 100W セット 1056Wh AC充電58分 折りたたみ式 パススルー 長寿命	Anker Solix C1000 ポータブル電源 1056Wh & Anker Solix PS100 Compact ソーラーパネル 100W セット 折りたたみ式 AC充電58分 長寿命 コンパクト パススルー	B1761	ANKER	カラー:1	カラー:ダークグレー	146900	146900	soldout	OK	2026-09-21T10:59:14Z	campkit-20260921-24	B17615Z7/ダークグレー
attack-pack	2	tnf-singleshot-20l	0	200	ザ・ノース・フェイス シングルショット 20L ブラック NM72303 K ユニセックス	9/20限定★抽選で最大100％Pバック ザ・ノース・フェイス シングルショット 20L ブラック NM72303 K バックパック リュック THE NORTH FACE ノースフェイス	NM72303	THE NORTH FACE	カラー:1|サイズ:2	カラー:カラーなし|サイズ:FREE	13800	13800	qty=154	OK	2026-09-21T10:59:14Z	campkit-20260921-24	72001626730000000/カラーなし/選択してください
attack-pack	3	osprey-daylite-plus	0	200	オスプレー デイライトプラス OSPREY DAYLITE PLUS OS57176 20L	オスプレー デイライトプラス OSPREY オスプレイ DAYLITE PLUS メンズ レディース ユニセックス OS57176 リュック バックパック リュックサック 鞄 バッグ ザック テクニカル 登山 トラベル 旅行 おしゃれ キャンプ アウトドア	OS57176	OSPREY	カラー:7	カラー:ブラック	12760	12760	qty=21	color_unspecified	2026-09-21T10:59:14Z	campkit-20260921-24	587890/ブラック
attack-pack	4	gregory-daypack-26l	0	200	グレゴリー デイパック DAY PACK 26L ブラック 12601 ユニセックス	＼連休中も休まず配送／ グレゴリー GREGORY デイパック DAY PACK 26L リュックサック バックパック 12601 1041 メンズ レディース A4 ブラック 通勤 通学 ファッション リュック デイ ライフ リュック 男子 バレンタイン	651691041	グレゴリー	―:1|カラー:2	―:カラー|カラー:ブラック	15299	15299	qty=176	OK	2026-09-21T10:59:14Z	campkit-20260921-24	GRE-9425-000/カラー/ブラック
backpack-large	1	tousen-40-60l	0	200	tousen 登山リュック 40〜60L 大容量 バックパック 防水 軽量 多機能 キャンプ用リュック	即納 楽天1位 tousen正規品 登山バッグ 登山 リュック 40～60L 大容量 バックパック リュックサッ 登山用 リュック 登山 リュック レディース/メンズ ?山ガールク 防水 軽量 山登り バック 多機能 キャンプ用リュック	-	旅行バッグ	シリーズ:1|サイズ:3|カラー:5	シリーズ:8022|サイズ:40Ｌ|カラー:レッド	3852	4380	qty=72	color_unspecified,size_unspecified,price_mismatch	2026-09-21T10:59:14Z	campkit-20260921-24	r-sku00000075/8022/60Ｌ/レッド
backpack-large	2	tousen-65l	0	200	tousen 登山リュック 65L 大容量 防災リュック バックパック 防水 軽量 多機能	即納｢動画あり｣ 【地震 緊急避難必要品】リュック 大容量 登山用 バッグ 登山 リュック レディース/メンズ 色登山 リュック 65L 防災リュック 大容量 登山バッグ バックパック リュックサック 防水 軽量 山登り バック 多機能	818	TOUSEN	カラー:5	カラー:レッド	3680	3680	qty=67	color_unspecified	2026-09-21T10:59:14Z	campkit-20260921-24	3916/グリーン
backpack-large	3	hawkgear-80l	0	200	HAWK GEAR (ホークギア) 防水バックパック 大容量80L レインカバー付き 軽量 登山 防災	【HAWK GEAR (ホークギア)】防水バックパック 大容量80L レインカバー付き キャンプ レジャー アウトドア 防災 災害 登山 旅行 ザック 軽量 防災リュック 災害用バック	backpack01	HAWKGEAR	カラー:12	カラー:ブラック	6990	6990	soldout(others:2)	color_unspecified	2026-09-21T10:59:14Z	campkit-20260921-24	7/ブラック
backpack-large	4	kuriaafew-65l	0	200	登山リュック 65L 大容量 防水 軽量 多機能 トレッキング キャンプ用リュック 防災バッグ	[即納 ] 登山 リュック 65L 大容量 登山バッグ 防災リュック パック 防災バッグ リュックサック 防水 軽量 山登り トレッキング バック 多機能 キャンプ用リュック 防災バッグ キャンプ ハイキング アウトドア 当店オススメ	なし	TOUSEN	レビューお願い致します:1|カラー:5	レビューお願い致します:レビューお願い致します|カラー:グリーンブラック	3980	3980	qty=44	color_unspecified	2026-09-21T10:59:14Z	campkit-20260921-24	112/レビューお願い致します/グリーンブラック
backpack-large	5	mstyle-90l-3way	0	200	M-STYLE ミリタリーバッグ 大容量90L 3WAY リュック/ショルダー/ボストン 防水生地	【エントリーでP10倍＆最大100%還元】 ミリタリーバッグ 大容量 90L アウトドア 防災 バッグ 3WAY リュック ショルダー ボストン バックパック 災害 キャンプ 防水生地 M-STYLE	04-10-03-01Black	M-STYLE	カラー:4	カラー:ブラック	8082	8980	soldout(others:3)	color_unspecified,price_mismatch	2026-09-21T10:59:14Z	campkit-20260921-24	19875/ブラック
backpack-rain-cover	1	lama-raincover-2set	0	200	LAMA Store リュックカバー 2枚セット 耐水圧3500mm	【2枚セット】楽天第1位15冠 リュックカバー 防水【耐水圧3500mm】レインカバー おしゃれ 登山リュックカバーランドセル 前カゴカバー ザックカバー 雨よけ レインカバー 自転車 バックパック レインカバー 豪雨梅雨 アウトドア 軽量 地震学校	Sサイズ	LAMA	対応機種:7|カラー:3	対応機種:ブラック 2枚セット|カラー:Sサイズ	1380	1280	soldout	color_unspecified,price_mismatch	2026-09-21T10:59:14Z	campkit-20260921-24	1361/ブラック 2枚セット/Sサイズ
backpack-rain-cover	2	hachihachi-raincover-l	0	200	八八爽快 ザックカバー Lサイズ（40L対応）収納袋付き	【楽天1位】【収納袋付き】ザックカバー 防水 リュックカバー レインカバー 十字ベルト ランドセルカバー バックパックカバー S M Lサイズ 撥水 反射材 通勤 通学 登山 自転車 雨よけ 雨具 梅雨対策 防災 アウトドア 軽量 20L 30L 35L 40L 55L 送料無料	-	-	型番:3|カラー:7	型番:Sサイズ|カラー:ブラック	1080	1180	qty=34	color_unspecified,price_mismatch	2026-09-21T10:59:14Z	campkit-20260921-24	1008780301/Lサイズ/ブラック
backpack-rain-cover	3	reverb-raincover-big	0	200	リバーブセレクト ザックカバー ビッグサイズ（50L以上・1年保証）	＼楽天1位165冠達成／【大きいサイズ】【1年保証付き】ザックカバー ビッグサイズ レインカバー リュックカバー ランドセルカバー 防水 撥水 通勤 通学 登山 反射材 自転車 雨よけ 計量 防災 バックパックカバー	outdoor-7	トラベルデパート	サイズ:3|カラー:6	サイズ:L（60L）|カラー:ブラック	1580	1580	soldout(others:10)	color_unspecified,size_unspecified	2026-09-21T10:59:14Z	campkit-20260921-24	4326/L（60L）/ブラック
backpack-rain-cover	4	daichu-raincover-allrange	0	200	雑貨ストアDAICHU リュックカバー 15L〜100L対応	15L～100L対応！ リュック カバー レインカバー 大きい 防水 ザックカバー カバー 十字 バンド ベルト クロスバックル 雨 カッパ バッグ 反射板 収納袋付 通勤 通学 ランドセル 鞄 登山 ゲリラ豪雨 雪 台風 旅行 トラベル フェス	-	-	サイズ:7|カラー:7	サイズ:XS(15-25L)|カラー:ブラック	1000	1000	soldout(others:44)	color_unspecified,size_unspecified	2026-09-21T10:59:14Z	campkit-20260921-24	638/XS(15-25L)/ブラック
backpack-rain-cover	5	mthappy-raincover-compact	0	200	Mt.happy 無地カバー Sサイズ（20〜30L対応）	無地カバー 全6色 S 20-30L 軽量 コンパクト 防水 雨よけ リュックカバー アウトドア スポーツ 登山 自転車 アルパイン Mt.happy/マウントハッピー	-	マウントハッピー	カラー:6	カラー:ブルー	690	690	qty=17	color_unspecified	2026-09-21T10:59:14Z	campkit-20260921-24	2160/ブルー
barebones-light	1	barebones-edison-stick	0	200	ベアボーンズ エジソン ライトスティック 充電式 LED LIV-145	＼連休中も休まず配送／ ベアボーンズ Barebones エジソン ライトスティック LEDライト 小型 軽量 充電式 キャンプ アウトドア ランタン ミニランタン 防災 コンパクト おしゃれ Barebones Living EDISON LIGHT STICK ブラス LIV-145 父の日	LIV-145	Barebones / エジソン			6999	6999	qty=35	OK	2026-09-21T10:59:14Z	campkit-20260921-24	BRS-00016-00
barebones-light	2	barebones-railroad	0	200	ベアボーンズ レイルロードランタン 充電式 LED	【SALE】正規取扱店 ランタン led 充電式 おしゃれ アンティーク ランプ ベアボーンズ レイルロード ランタン BAREBONES Railroad Lantern LED アウトドア キャンプ テント 間接照明 長時間 USB 吊るせる◇グランピング 寝室 ギフト 送料無料	20230010062000	BAREBONES	選択:2|選択:3	選択:当日出荷|選択:スレートグレー	7788	7788	qty=16	OK	2026-09-21T10:59:14Z	campkit-20260921-24	1408645/当日出荷/スレートグレー
barebones-light	3	barebones-beacon	0	200	ベアボーンズ ビーコンライト LED 2.0 20230005	ベアボーンズ ビーコンライト LED 2.0 20230005 ランタン ライト 吊り下げ キャンプ アウトドア 国内正規品 アンティーク おしゃれ LED 充電式 nocu	20230005	ベアボーンズ	カラー:5	カラー:レッド	8800	8800	soldout	color_unspecified	2026-09-21T10:59:14Z	campkit-20260921-24	BLG0-20230005-000-004/レッド
barebones-light	4	barebones-mini-edison	0	200	ベアボーンズ ミニ エジソン ランタン LED	＼～44%OFF／ ランタン led おしゃれ アンティーク ベアボーンズ ミニ エジソン ランタン BAREBONES Mini Edison Lantern LED アウトドア キャンプ テント グランピング 電池 単三電池 USB 吊るせる フック◇アメリカ 間接照明 寝室 送料無料	20230009007000	-	選択:2|選択:7	選択:当日出荷|選択:アンティークブロンズ	3300	4565	soldout(others:2)	price_mismatch	2026-09-21T10:59:14Z	campkit-20260921-24	1413529/当日出荷/アンティークブロンズ
bluetti-power	1	bluetti-ac70	1	200	BLUETTI ポータブル電源 AC70 768Wh 1000W リン酸鉄 長寿命 UPS機能 アプリ遠隔操作 サージ2000W	BLUETTI ポータブル電源 AORA 100 mini 1004.8Wh 700W リン酸鉄リチウム コンパクト 軽い 操作簡単 安全 停電対策 自動切替モード搭載 長寿命 省エネ 家庭用 多機能 高齢者向け	AORA 100 mini	BLUETTI	カラー:2	カラー:ミントグリーン	88000	96800	qty=100	model_mismatch,price_mismatch	2026-09-21T10:59:14Z	campkit-20260921-24	bluettijapan_aora100mini-eg/ミントグリーン
bluetti-power	2	bluetti-ac180	1	200	BLUETTI ポータブル電源 AC180 1152Wh 1800W 60分満充電 リン酸鉄 UPS APP遠隔操作 サージ2700W	【在庫一掃 クーポン利用で59,292円】BLUETTI ポータブル電源 AC180 1152Wh 1800W/AC180 セット 60分満充電 大容量 家庭用 蓄電池 5年保証 リン酸鉄 長寿命 バックアップ電源（サージ2700W） 自動切替 APP 遠隔操作 防災グッズ 停電 台風 非常用電源 車中泊	AC180	BLUETTI	タイプ:1	タイプ:AC180	109800	109800	qty=76	OK	2026-09-21T10:59:14Z	campkit-20260921-24	bluettijapan_ac180/AC180
bluetti-power	3	bluetti-aora100	1	200	BLUETTI ポータブル電源 AORA 100 V2 1024Wh 定格1800W 2700Wリフト機能 0.01秒UPS リン酸鉄 10年長寿命 アプリ遠隔操作	【クーポン利用で69,900円 9/25迄】BLUETTI ポータブル電源 AORA 100 V2 コンパクト 1024Wh リン酸鉄リチウム 10年長寿命 定格出力1800W 2700Wリフト機能 0.01秒自動切替 アウトドア 急速充電 アプリ操作 防災グッズ 停電 台風 キャンプ 車中泊 非常用電源	AORA 100 V2	BLUETTI	カラー:3	カラー:ミントグリーン	139800	139800	qty=52	OK	2026-09-21T10:59:14Z	campkit-20260921-24	bluettijapan_aora100v2_eg/ミントグリーン
bluetti-power	4	bluetti-aora30	1	200	BLUETTI ポータブル電源 AORA 30 V2 288Wh 定格600W 1500Wリフト機能 0.01秒UPS リン酸鉄 10年長寿命 急速充電	【クーポン利用で27,860円 9/25迄】BLUETTI ポータブル電源 AORA 30 V2 小型 288Wh リン酸鉄リチウム 10年長寿命 定格出力600W 1500Wリフト機能 0.01秒自動切替 急速充電 アプリ操作 アウトドア 防火設計 防災 停電 台風 キャンプ 車中泊 非常用電源	AORA 30 V2	BLUETTI	カラー:4	カラー:ミントグリーン	39800	39800	qty=26	OK	2026-09-21T10:59:14Z	campkit-20260921-24	bluettijapan_aora30v2_eg/ミントグリーン
bluetti-power	5	bluetti-eb3a	1	200	BLUETTI ポータブル電源 EB3A 268Wh ＋ 130Wソーラーパネル セット 600W出力 リン酸鉄 2500回サイクル UPS 高速充電	【在庫一掃 クーポン利用で23,030円】BLUETTI ポータブル電源 268Wh EB3A セット130Wソーラーパネル 600W出力 家庭用 軽量 小型 蓄電池 高速充電 ソーラーパネル セット ポータブルバッテリー リン酸鉄 長寿命 2500回サイクル 停電 アウトドア キャンプ 車中泊 非常用	EB3A	BLUETTI	ポータブル電源のカラー:1|ソーラーパネル:3	ポータブル電源のカラー:EB3A 268Wh スチールグレー|ソーラーパネル:なし	32900	32900	qty=64	spec_mismatch,set_mismatch	2026-09-21T10:59:14Z	campkit-20260921-24	bluettijapan_eb3a/EB3A 268Wh スチールグレー/なし
bonfire-sheet	1	zen-camps-sheet	1	200	ZEN Camps 焚き火シート スパッタシート 95cm×60cm 防炎 耐火 耐熱 ブラック	ZEN Camps 焚き火シート 焚き火台シート スパッタシート たき火シート 95cm×60cm 防炎 耐火 耐熱 キャンプ BBQ 耐火シート 耐熱シート 焚火シート コンパクト 焚き火 シート (ブラック）	black-sheet	ZEN Camps	スタイル:2	スタイル:単品	3582	3980	qty=67	price_mismatch	2026-09-21T10:59:14Z	campkit-20260921-24	black-sheet/単品
bonfire-sheet	2	sanroku-sheet	1	200	山麓工房 焚き火シート 耐熱5層構造 瞬間耐熱1500℃ 撥水加工 スパッタシート チクチクしない	高評価★4.78【累計10万枚突破】 【極厚仕様】山麓工房®公式 焚き火シート 耐熱5層構造 (瞬間耐熱1500℃) チクチクしない 焚火シート スパッタシート 焚き火台シート 撥水加工 無期限保証 【ご使用後も返品可能】耐熱試験済	4580734470202	山麓工房	カラー:5	カラー:ブラック 95×60cm	2980	3580	soldout	color_unspecified,price_mismatch	2026-09-21T10:59:14Z	campkit-20260921-24	black/ブラック 95×60cm
bonfire-sheet	3	chillcamping-sheet	1	200	ChillCamping 焚き火シート Lサイズ スパッタシート 耐熱 耐火 ブラック	片付けが劇的に楽な焚き火シート ChillCamping チルキャンピング 焚き火シート（Lサイズ）スパッタシート 焚き火台 キャンプ 耐熱 耐火 薪ストーブ アウトドア ブラック 黒 バーベキューコンロ 焚き火用 【30日間保証】	027A	Chill Camping	サイズ:2	サイズ:タイプA（ロゴ中央）	3980	3980	qty=16	OK	2026-09-21T10:59:14Z	campkit-20260921-24	64/タイプA（ロゴ中央）
bonfire-sheet	4	hatome-sheet	1	200	焚き火シート スパッタシート ガラス繊維 ハトメ付き 不燃 L/M/Sサイズ	★楽天1位★ 焚き火シート 焚火シート 焚き火台シート 耐熱 大きい 陣幕 キャンプ用品 スパッタシート 七輪 バーベキュー マット L M S サイズ アウトドア 耐火シート BBQ ハトメ ガラス繊維 不燃 燃えない チクチクしない	0001	ひつみ雑貨店	サイズ:3	サイズ:S（30×30cm）	840	840	qty=9	size_unspecified	2026-09-21T10:59:14Z	campkit-20260921-24	606/S（30×30cm）
bonfire-sheet	5	futurefox-sheet	1	200	FUTURE FOX 焚き火台シート ナバホ柄 ガラス繊維 連続使用耐熱温度250℃	FUTURE FOX 焚き火台シート 焚き火シート 焚き火 シート ナバホ柄 ガラス繊維 連続使用耐熱温度250℃ 【南信州発アウトドアブランド】	navajo-sheet-khaki	FUTURE FOX	カラー:2	カラー:カーキ	3580	3580	qty=99840	color_unspecified	2026-09-21T10:59:14Z	campkit-20260921-24	normal-inventory/カーキ
bonfire-stand-beginner	1	irisohyama-st43	1	200	＼初心者必見／ たき火台 キャンプ コンパクト アイリスオーヤマ たき火 バーベキューコンロ 折りたたみ式 レジャー 焚き火 グリル 軽量 ステンレス 調理 焼き 網 ミニ焚き火台 キャンプ アウトドア 1人用 2人用 BBQ TKB-ST43	＼初心者必見／ たき火台 キャンプ コンパクト アイリスオーヤマ たき火 バーベキューコンロ 折りたたみ式 レジャー 焚き火 グリル 軽量 ステンレス 調理 焼き 網 ミニ焚き火台 キャンプ アウトドア 1人用 2人用 BBQ TKB-ST43	TKB-ST43	アイリスオーヤマ			6570	9880	qty=99	store_copy,price_mismatch	2026-09-21T10:59:14Z	campkit-20260921-24	574717
bonfire-stand-beginner	2	irisohyama-tp135	1	200	＼初心者必見／焚き火三脚 焚き火 三脚 たき火スタンド アイリスオーヤマ 送料無料 トライポッド 焚火 たき火 キャンプ アウトドア レジャー バーベキュー BBQ コンパクト 収納 組立 簡単 アウトドア TKB-TP135	＼初心者必見／焚き火三脚 焚き火 三脚 たき火スタンド アイリスオーヤマ 送料無料 トライポッド 焚火 たき火 キャンプ アウトドア レジャー バーベキュー BBQ コンパクト 収納 組立 簡単 アウトドア TKB-TP135	TKB-TP135	アイリスオーヤマ			7180	7180	qty=99	store_copy	2026-09-21T10:59:14Z	campkit-20260921-24	574718
bonfire-stand-beginner	3	irisohyama-tb98	1	200	【CAMPHACKで紹介されました！】＼初心者必見／焚き火テーブル 囲炉裏 焚き火 テーブル アイリスオーヤマ 送料無料 たき火 キャンプ アウトドア レジャー コンパクト 収納 キャンプ テーブル たき火台 キャンプ 焚き火 TKB-TB98	【CAMPHACKで紹介されました！】＼初心者必見／焚き火テーブル 囲炉裏 焚き火 テーブル アイリスオーヤマ 送料無料 たき火 キャンプ アウトドア レジャー コンパクト 収納 キャンプ テーブル たき火台 キャンプ 焚き火 TKB-TB98	TKB-TB98	アイリスオーヤマ			14800	17380	qty=97	store_copy,price_mismatch	2026-09-21T10:59:14Z	campkit-20260921-24	574716
bonfire-stand-beginner	4	trgr-takibi	1	200	TRGR 焚き火台 コンロ バーベキューコンロ セット ソロ 1〜2人用 軽量 焚き火 焚火台 エントリーモデル 初心者 初めて キャンプグリーブ BBQコンロ グリル 折りたたみ コンパクト たき火台 万博	TRGR 焚き火台 コンロ バーベキューコンロ セット ソロ 1～2人用 軽量 焚き火 焚火台 エントリーモデル 初心者 初めて キャンプグリーブ BBQコンロ グリル 折りたたみ コンパクト たき火台 万博	TRGR-01	TRGR			22000	22000	qty=99	OK	2026-09-21T10:59:14Z	campkit-20260921-24	10000268
bonfire-stand-beginner	5	bataran-j05	1	200	焚き火台 焚火台 折りたたみ式 折り畳み BaTaRaN焚き火台 軽量 A4サイズ コンパクト キャンプ 焚火 ソロ ファミリー 初心者 ステンレス製 五徳付き 収納ケース付き (J05)	焚き火台 焚火台 折りたたみ式 折り畳み BaTaRaN焚き火台 軽量 A4サイズ コンパクト キャンプ 焚火 ソロ ファミリー 初心者 ステンレス製 五徳付き 収納ケース付き (J05)	byll-4573	-			3880	5580	qty=8	price_mismatch	2026-09-21T10:59:14Z	campkit-20260921-24	byll-4573
bonfire-stand-solo	1	tokyocamp-takibidai	0	200	TokyoCamp 焚き火台 軽量 ミニ ソロ コンパクト 折りたたみ式 ソロキャンプ ファミリーキャンプ	【楽天第1位獲得】【公式】TokyoCamp 焚き火台 焚火台 軽量 ミニ 焚火 ソロ コンパクト 折りたたみ式 折り畳み ソロキャンプ ファミリーキャンプ キャンプギア キャンプグッズ	4573447648556	TokyoCamp			5980	5980	qty=62	OK	2026-09-21T10:59:14Z	campkit-20260921-24	10000000
bonfire-stand-solo	2	onetigris-rocuboid-titanium	0	200	OneTigris ROCUBOID Titanium チタン製ポケットストーブ ミニ焚き火台 軽量 コンパクト 折り畳み 収納バッグ付	★15％オフクーポンあり→4,572円★送料無料 OneTigris ROCUBOID Titanium 悪魔版 ハロウィン ミニ焚き火台 チタン製ポケットストーブ ソロストーブ スマートグリル ウッドストーブ 組立簡単 アウトドア キャンプ 軽量 コンパクト 折り畳み 収納バッグ 防災	CE-CHL04-A	OneTigris Camping			4890	5379	qty=14	price_mismatch	2026-09-21T10:59:14Z	campkit-20260921-24	ce-chl04-a
bonfire-stand-solo	3	mysticridge-solo-takibi	0	200	焚火台 コンパクト ソロ 折りたたみ式 ステンレス ミニ 五徳付き 軽量（Mystic Ridge）	【選ばれて23冠／レビュー1000件超！楽天1位】 焚火台 焚き火台 コンパクト ソロ キャンプ 折りたたみ式 たきび台 焚き火 台 おしゃれ 焚火 キャンプ用品 グリル ステンレス ミニ ソロ 用 一人 五徳 アウトドア 軽量 【2万個突破★高評価4.48】	takibi1	MYSTIC RIDGE			2980	2980	soldout	OK	2026-09-21T10:59:14Z	campkit-20260921-24	takibi1
bonfire-stand-solo	4	firestand-ultralight	0	200	ファイアスタンド 超軽量 ステンレス製 組立式 折りたたみ式 焚火台 焚き火スタンド 小型 ソロキャンプ	焚き火台 超軽量 コンパクト 軽量 ステンレス製 組立式 折りたたみ式 焚火台 ファイアスタンド 焚き火スタンド 小型 ソロキャンプ キャンプ 焚き火 焚火 バーベキュー コンロ BBQ 五徳 火床 送料無料	4580655833995	ZELDNER			2180	2180	qty=6	OK	2026-09-21T10:59:14Z	campkit-20260921-24	4580655833995
bonfire-stand-solo	5	ladweather-takibidai-a4	0	200	LAD WEATHER ラドウェザー 焚き火台 軽量767g A4サイズ ステンレス製 受け皿・収納袋つき ソロキャンプ	焚き火台 焚火台 [ 軽量 767g A4サイズでコンパクト ステンレス製 受け皿つき 収納袋つき ] 焚火 焚き火 ソロ キャンプ キャンプ用品 キャンプギア キャンプグッズ アウトドア アウトドア用品 登山 バーベキュー 防災グッズ 送料無料 LAD WEATHER ラドウェザー	ladtable004	ラドウェザー / LAD WEATHER / LAD WEATHER（ラドウェザー）	カラー:1	カラー:シルバー	1680	1680	qty=376	OK	2026-09-21T10:59:14Z	campkit-20260921-24	r-sku00000001/シルバー
bonfire-tripod	1	civillife-tripod-alu	0	200	Civil Life トライポッド 焚き火三脚 アルミ製（ブラック／シルバー）	[Civil Life]トライポッド 焚き火三脚 焚き火スタンド アルミ製 【ブラック/シルバー】 キャンピング ミニ コンパクト コンパクト収納 アウトドア トライアングル キャンプ バーベキュー レジャー コンロ 焚き火料理 ランタン	j-0630-1	C I V I L L I F E	カラー:2	カラー:ブラック	1480	1280	soldout(others:1)	color_unspecified,price_mismatch	2026-09-21T10:59:14Z	campkit-20260921-24	6522/ブラック
bonfire-tripod	2	campingmoon-ms105	0	200	キャンピングムーン トライポッド L MS-105（最大耐重量15kg・4段折り・収納ケース付）	【マラソン★5％OFFクーポン】 キャンピングムーン トライポッド L 三脚 キャンプ 軽量 コンパクト 焚き火三脚 ランタンスタンド 焚き火 耐重量15KG アルミ ステンレス チェーン ケース 高さ調整 火力調整 黒 ブロンズ 2色 4段折り MS-105 プレゼント	MS-105-BK	CAMPINGMOON	カラー:2	カラー:ブラック	2980	2980	qty=17	color_unspecified	2026-09-21T10:59:14Z	campkit-20260921-24	276/ブラック
bonfire-tripod	3	fukulife-tripod-25kg	0	200	トライポッド ファイヤースタンド 耐荷重25kg（7段階高さ調節・収納袋付き）	楽天1位!! トライポッド ファイヤースタンド 超軽量 バーベキュー アウトドア 焚火スタンド 耐荷重25kg 焚き火用 三脚 7段階高さ調節 収納袋付き ダッチオーブン キャンプ 持ち運び 便利 コンパクト ステンレス アルミ	なし	なし			4290	4290	qty=36	OK	2026-09-21T10:59:14Z	campkit-20260921-24	190265
bonfire-tripod	4	goodsland-tripod-black	0	200	GoodsLand トライポッド 焚き火三脚 ブラック（コンパクトスタンド）	トライポッド 焚き火三脚 ブラック 黒 コンパクト スタンド アウトドア ソロ キャンプ 用品	GD-TRIPOD	ノーブランド			1580	1580	qty=123	OK	2026-09-21T10:59:14Z	campkit-20260921-24	gd-tripod
bonfire-tripod	5	patri-tripod-handy	0	200	トライポッド ハンディ バーベキューコンロ（三脚・吊り下げ式）	【9/25迄全商品CP】トライポッド ハンディ バーベキュー コンロ bbq キャンプ トライアングル 三脚 吊り下げ ファイアスタンド 焚き火 料理 アウトドア キャンプ ファイヤー ランタン お湯 沸かし ケトル 鍋 置き 行楽 ピクニック ad137	-	-			1580	1580	qty=161	OK	2026-09-21T10:59:14Z	campkit-20260921-24	ad137
camp-air-pump	1	flextail-tiny-pump-x	0	200	FLEXTAIL タイニーポンプX ランタン付き	【25%OFFクーポン 9/18～9/25】 YouTubeで話題！【楽天1位】 フレックステイル FLEXTAIL タイニーポンプ タイニーポンプX（ランタン付き） エアーポンプ エアポンプ 電動ポンプ 電動エアポンプ 小型 軽量 充電式 電動 空気入れ 【着後レビューで300円クーポン】 OT0918	Tiny Pump	フレックステイル	モデル:3|カラー:5	モデル:タイニーポンプ（ランタンなし）|カラー:ブラック	3980	3980	qty=1112	OK	2026-09-21T10:59:14Z	campkit-20260921-24	6068494-2/タイニーポンプ（ランタンなし）/ブラック
camp-air-pump	2	fielddoor-air-pump	0	200	FIELDOOR USB充電 携帯エアーポンプ 超小型 1400mAh	【楽天1位】FIELDOOR USB充電 携帯 エアーポンプ 超小型 エアポンプ 吸排気 充電式 1400mAh 軽量 電動ポンプ LEDランタン ポンプ 電動空気入れ ミニポンプ キャンプ 海 プール/浮き輪/ビーチボール/エアーマット/送風/火起こし/ブロワー 1年保証 ★ [送料無料]	USB充電式電動エアーポンプ	FIELDOOR	カラー:4	カラー:ホワイト	2970	2970	qty=300	color_unspecified	2026-09-21T10:59:14Z	campkit-20260921-24	a06998/ホワイト
camp-air-pump	3	waq-high-power-air-pump	0	200	WAQ High Power Air Pump WAQ-HPA1 TAN(タン)	【9/24 1:59まで★エントリーでP10倍※11/19頃付与】 WAQ High Power Air Pump ハイパワーエアポンプ 電動ポンプ エアーポンプ 電動 空気入れ アウトドア マット 車中泊マット エアマット 圧縮袋 浮き輪 空気抜き LEDランタン USB 小型 大容量バッテリー 充電式	waq-hpa1	WAQ	カラー:3	カラー:TAN(タン)	4980	4980	qty=202	OK	2026-09-21T10:59:14Z	campkit-20260921-24	waq-hpa1-tan/TAN(タン)
camp-air-pump	4	flextail-max-pump-2-pro	0	200	FLEXTAIL マックスポンプ2プロ Max Pump 2 Pro	【楽天1位】 フレックステイル FLEXTAIL マックスポンプ2プロ エアーポンプ 充電式 Max Pump 2 Pro キャンプ アウトドア 空気入れ 空気抜き 電動 小型 浮き輪 ボート	Max Pump 2 Pro	フレックステイル	カラー:3	カラー:ブラック	3480	3480	soldout(others:1)	color_unspecified	2026-09-21T10:59:14Z	campkit-20260921-24	6068470/ブラック
camp-air-pump	5	onetigris-ecoark-pump	0	200	OneTigris ECOARK 電動エアーポンプ 2400mAh	★20％オフクーポンあり→2,886円★送料無料 OneTigris ECOARK 電動エアーポンプ LEDライト付き 電動ポンプ エアーポンプ 2400mAh USB充電 5種類のノズル付き ミニポンプ 超軽量 ポンプ 携帯 浮き輪 コンパクト 空気入れ 空気抜き 圧縮袋 充電式 アウトドア	CE-CQB02-RG	OneTigris Camping	カラー:1	カラー:グリーン	3608	3608	qty=78	OK	2026-09-21T10:59:14Z	campkit-20260921-24	CE-CQB02-RG/グリーン
camp-backpack-beginner	1	osprey-kestrel-48	1	200	オスプレー ケストレル 48 OS50382 ブラック S/M（46L）	オスプレー ケストレル 48 OSPREY オスプレイ KESTREL48 メンズ OS50382 ハイキング バックパック ザック リュックサック テクニカル 登山 おしゃれ キャンプ アウトドア	OS50382	OSPREY	サイズ:2|カラー:3	サイズ:S／M|カラー:ブラック	37400	37400	soldout(others:2)	OK	2026-09-21T10:59:14Z	campkit-20260921-24	587171/S／M/ブラック
camp-backpack-beginner	2	gregory-zulu-35	1	200	グレゴリー ズール35 ボルケニックブラック SM/MD	グレゴリー ズール35 GREGORY ZULU 35 メンズ レディース ユニセックス ザック リュックサック バックパック 登山 山小屋泊 トレッキング トラベル 旅行 フェス おしゃれ キャンプ アウトドア	―	GREGORY	サイズ:2|カラー:1	サイズ:SM／MD|カラー:ボルケニックブラック	33000	33000	qty=2	OK	2026-09-21T10:59:14Z	campkit-20260921-24	G06018smbb/SM／MD/ボルケニックブラック
camp-backpack-beginner	3	deuter-futura-32	1	200	ドイター フューチュラ 32 D3400826-1013 ナイトブルー	ドイター(deuter) バックパック メンズ レディース フューチュラ 32 D3400826-1013	D3400826-1013	ドイター(deuter)	カラー:1|・サイズ:1	カラー:ナイトブルー|・サイズ:-	23112	23112	qty=5	OK	2026-09-21T10:59:14Z	campkit-20260921-24	4046051185316/ナイトブルー/-
camp-backpack-beginner	4	millet-sas-fee	1	200	ミレー サースフェー NX 40+5 MIS0754 ブラック-ノワール Mサイズ（背面長48cm）	【公式】 ミレー (Millet) サースフェー NX 40+5 MIS0754 リュック SAAS FEE 登山	MIS0754	ミレー	カラー:4|サイズ:2	カラー:DEEP RED|サイズ:M	29700	29700	qty=3	OK	2026-09-21T10:59:14Z	campkit-20260921-24	67775/DEEP RED/M
camp-backpack-beginner	5	karrimor-ridge-40	1	200	カリマー リッジ 40+ 501205 ブラック Mサイズ（背面長47cm）	【マラソン期間中 1万円以上で500円OFFクーポン】 カリマー KARRIMOR アウトドア リッジ 40プラス ridge 40+ ユニセックス バックパック ザック リュック バッグ 中型 フィット感 安定性 登山 トレッキング ハイキング レジャー 501205	501205-5040-L	KARRIMOR / カリマー	カラー:3|サイズ:3	カラー:5040 MIDNIGHT|サイズ:S	26840	26840	qty=49	OK	2026-09-21T10:59:14Z	campkit-20260921-24	4571572797668/5040 MIDNIGHT/S
camp-backpack-capacity-guide	1	cap-osprey-daylite-plus	1	200	OSPREY デイライトプラス DAYLITE PLUS OS57176 バックパック	オスプレー デイライトプラス OSPREY オスプレイ DAYLITE PLUS メンズ レディース ユニセックス OS57176 リュック バックパック リュックサック 鞄 バッグ ザック テクニカル 登山 トラベル 旅行 おしゃれ キャンプ アウトドア	OS57176	OSPREY	カラー:7	カラー:ブラック	11484	12760	qty=21	color_unspecified,price_mismatch	2026-09-21T10:59:14Z	campkit-20260921-24	587890/ブラック
camp-backpack-capacity-guide	2	cap-osprey-stratos-36	1	200	OSPREY ストラトス 36 Stratos 36L バックパック	＼連休中も休まず配送／ オスプレー Osprey バックパック ストラトス 36 Stratos 36L リュックサック ザック ハイキング 登山 アウトドア メンズ 旅行 ブルー バック メッシュ 防災 グレー 災害 オスプレイ 非常用 メンズ	10004041	Osprey / オスプレイ / サンタクルーズ	―:1|カラー:4	―:カラー|カラー:シテシアンブルー	22999	22999	qty=51	color_unspecified	2026-09-21T10:59:14Z	campkit-20260921-24	OPY-44000-00/カラー/シテシアンブルー
camp-backpack-capacity-guide	3	cap-hawkgear-80l	1	200	HAWK GEAR (ホークギア) 防水バックパック 大容量80L レインカバー付き 軽量 登山 防災	【HAWK GEAR (ホークギア)】防水バックパック 大容量80L レインカバー付き キャンプ レジャー アウトドア 防災 災害 登山 旅行 ザック 軽量 防災リュック 災害用バック	backpack01	HAWKGEAR	カラー:12	カラー:ブラック	6990	6990	soldout(others:2)	color_unspecified	2026-09-21T10:59:14Z	campkit-20260921-24	7/ブラック
camp-bbq-grill	1	grill-rank-1	1	200	焚き火台 焚火台 軽量 ミニ 焚火 ソロ コンパクト 日本製 おしゃれ ファイアグリル キャンプ アウトドア ソロキャンプ BBQ バーベキュー CAMP FREAKS. Tano-b	焚き火台 焚火台 軽量 ミニ 焚火 ソロ コンパクト 日本製 おしゃれ ファイアグリル キャンプ アウトドア ソロキャンプ BBQ バーベキュー CAMP FREAKS. Tano-b	tano-b	CAMP FREAKS.			9980	9980	qty=8	OK	2026-09-21T10:59:14Z	campkit-20260921-24	campfreaks-tano-b
camp-bbq-grill	2	grill-rank-2	1	200	【10％OFFクーポン配布中!!27日9:59まで】 焚火台 折りたたみ式 バーベキュー グリル コンロ 折りたたみ コンパクト バーベキュー BBQ ファイアグリル ステンレス 焚火スタンド 焚き火 たきび キャンプ アウトドア 焼肉 冬 お買い得	焚火台 折りたたみ式 バーベキュー グリル コンロ 折りたたみ コンパクト バーベキュー BBQ ファイアグリル ステンレス 焚火スタンド 焚き火 たきび キャンプ アウトドア 焼肉 冬 お買い得	od009	IRC株式会社			3980	3980	qty=40	store_copy	2026-09-21T10:59:14Z	campkit-20260921-24	od009
camp-bbq-grill	3	grill-rank-3	1	200	ガオバブ(Gaobabu) GaobabuコンパクトA4焚き火台（脚付き焼き網付き） 【一部地域を除き送料無料】 焚火台 焚き火 たき火 BBQ バーベキュー グリル 料理 クッキング 薪 炭 ステンレス 軽量 キャンプ ソロキャンプ ファミリーキャンプ グループキャンプ	ガオバブ(Gaobabu) GaobabuコンパクトA4焚き火台（脚付き焼き網付き） 【一部地域を除き送料無料】 焚火台 焚き火 たき火 BBQ バーベキュー グリル 料理 クッキング 薪 炭 ステンレス 軽量 キャンプ ソロキャンプ ファミリーキャンプ グループキャンプ	708821	ガオバブ / Gaobabu			5280	5280	soldout	store_copy	2026-09-21T10:59:14Z	campkit-20260921-24	10018962
camp-bbq-grill	4	grill-rank-4	1	200	尾上製作所(ONOE) イヴォルブバーベキューコンロ-65HL EV-65HL 1台 M高さ調整可(網29×61cm) 焚き火台 グリル BBQ コンロ キャンプ用品	尾上製作所(ONOE) イヴォルブバーベキューコンロ-65HL EV-65HL 1台 M高さ調整可(網29×61cm) 焚き火台 グリル BBQ コンロ キャンプ用品	EV-65HL	尾上製作所(ONOE)			12389	14010	qty=5	price_mismatch	2026-09-21T10:59:14Z	campkit-20260921-24	20250505160912_163
camp-bbq-grill	5	grill-rank-5	1	200	スノーピーク（snow peak） 焚火台グリルブリッジ M Grill Bridge ST-033GBR キャンプ バーベキュー	スノーピーク（snow peak） 焚火台グリルブリッジ M Grill Bridge ST-033GBR キャンプ バーベキュー	ST-033GBR	スノーピーク	カラー:1|サイズ:2	カラー:無|サイズ:ＦＦ	6600	6600	qty=39	OK	2026-09-21T10:59:14Z	campkit-20260921-24	10590686101100000000000500600000/無/Ｍ
camp-blanket	1	blanket-rank-1	0	200	OneTigris ダウンブランケット 195×135cm グリーン	★20％オフクーポンあり→7,647円★送料無料 OneTigris ダウンブランケット 195cm135cm マルチブランケット 防寒 キャンプ アウトドア ひざ掛け 掛け布団 車中泊 超軽量 テント用キルト 柔らかい 暖かい 防災	CE-YBZ03-OD	OneTigris Camping	カラー:4	カラー:ブルー	9559	9559	qty=43	OK	2026-09-21T10:59:14Z	campkit-20260921-24	CE-YBZ03-OD/‐グリーン
camp-blanket	2	blanket-rank-2	0	200	Chill Camping リバーシブルブランケット 難燃エコダウン Sサイズ ブラック	【日本ブランド・累計販売数48万個】Chill Camping（チルキャンピング） リバーシブル ブランケット 難燃 エコダウン 車中泊 キャンプ 防災 旅行 コンパクト アウトドア 【30日間保証】	S01	ChillCamping	サイズ:2|カラー:2	サイズ:Sサイズ|カラー:ブラック	4658	5480	qty=18	price_mismatch	2026-09-21T10:59:14Z	campkit-20260921-24	S01/Sサイズ/ブラック
camp-blanket	3	blanket-rank-3	0	200	オレゴニアンキャンパー ファイヤープルーフブランケット Mサイズ(100×140cm) セージ	【楽天１位】 オレゴニアンキャンパー ブランケット ファイヤープルーフ Mサイズ 袋付き マイヤー毛布 燃えない 毛布素材 ポンチョ 焚き火 ストーブ ひざ掛け 難燃 寒さ対策 防寒 あたたか ほっこり Oregonian Camper アウトドア キャンプ バーベキュー レジャー 男女兼用	OCFP 511	オレゴニアンキャンパー	カラー:6	カラー:シャドーグラス	4950	4950	qty=1	OK	2026-09-21T10:59:14Z	campkit-20260921-24	ocfp-511-sg/セージ
camp-blanket	4	blanket-rank-4	0	200	Hilander(ハイランダー) 難燃ブランケット ハーフ グレー	【9/30まで★最大10万pt当たる】 【予約商品】 Hilander(ハイランダー) 難燃ブランケット ハーフ ひざ掛け 暖かい 毛布 寒さ対策 車中泊【1年保証】 全5色	N-013-GY	Hilander(ハイランダー)	カラー:5	カラー:イエローキリム	3580	3580	qty=27	OK	2026-09-21T10:59:14Z	campkit-20260921-24	7001621/グレー
camp-blanket	5	blanket-rank-5	0	200	南米産アルパカ ウールブランケット 110×190cm（柄3）	【南米産】アルパカ ウールブランケット キャンプ ブランケット ネイティブ 幾何学 民族 羊毛 毛布 キャンプ ブランケット 難燃 暖かい 防寒 シングルサイズ	-	CAMPLUS	カラー:8	カラー:1	13800	13800	soldout(others:1)	OK	2026-09-21T10:59:14Z	campkit-20260921-24	blanket1/1
camp-burner-beginner	1	iwatani-cb-jcb	0	200	【公式】イワタニ Iwatani カセットガス バーナー ジュニアコンパクトバーナー CB-JCB アウトドア キャンプ ジュニアバーナー【送料無料】【bousai_d19】	【公式】Iwatani イワタニ 岩谷 カセットガス バーナー ジュニアコンパクトバーナー 日本製 ケース付き CB-JCB 【送料無料】【bousai_d19】	CB-JCB	Iwatani / イワタニ	セット購入がお得！:4	セット購入がお得！:単品	4400	4500	qty=486	store_copy	2026-09-21T10:59:14Z	campkit-20260921-24	2000002479/単品
camp-burner-beginner	2	soto-amicus	0	200	【4/24-27エントリーで全品5倍】 SOTO AMICUS(アミカス)+パワーガス250トリプルミックス【お得な2点セット】	【9/30まで★最大10万pt当たる】 SOTO AMICUS(アミカス)+パワーガス250トリプルミックス【お得な2点セット】	-	SOTO			6000	6000	qty=32	OK	2026-09-21T10:59:14Z	campkit-20260921-24	2705518
camp-burner-beginner	3	captainstag-m6400	0	200	キャプテンスタッグ CAPTAIN STAG オーリック 小型 ガスバーナーコンロ・クッカーセット M-6400 ガスバーナー コンロ クッカー セット キャプテンスタッグクッカー キャプテンスタッグコンロ キャンプクッカーセット キャンプ クッカーセット ソロ キャンプ用品バーベキュー	キャプテンスタッグ CAPTAIN STAG オーリック 小型 ガスバーナーコンロ・クッカーセット M-6400 ガスバーナー コンロ クッカー セット キャプテンスタッグクッカー キャプテンスタッグコンロ キャンプクッカーセット キャンプ クッカーセット ソロ キャンプ用品バーベキュー	4976790764001	キャプテンスタッグ			5680	5680	qty=12	OK	2026-09-21T10:59:14Z	campkit-20260921-24	m-6400
camp-burner-beginner	4	soto-st-310-set	0	200	レギュレーターストーブ ST-310＆ボンベ ST-760 お得なセット ST-KE310 ストーブ ガスバーナー シングルバーナー キャンプ アウトドア バーベキューコンロ ボンベセット SOTO 【送料無料】	レギュレーターストーブ ST-310＆ボンベ ST-760 お得なセット ST-KE310 ストーブ ガスバーナー シングルバーナー キャンプ アウトドア バーベキューコンロ ボンベセット SOTO 【送料無料】	ST-KE310	新富士バーナー / ソト / SOTO			7480	7480	qty=111	store_copy	2026-09-21T10:59:14Z	campkit-20260921-24	R8P81
camp-burner-beginner	5	coleman-outlander-micro	0	200	【条件達成で最大10万ポイント獲得のチャンス！4/20〜4/30】コールマン シングルバーナー アウトランダーマイクロストーブ PZ 203535 coleman	コールマン シングルバーナー アウトランダーマイクロストーブ PZ 203535 coleman	203535	コールマン (Coleman)			5297	5490	qty=10	price_mismatch	2026-09-21T10:59:14Z	campkit-20260921-24	0000000080728
camp-chair-highback	1	poncotan-ultralight-highback	0	200	アウトドアチェア【ポンコタン】ウルトラライト ハイバックチェア 超軽量 折りたたみ コンパクト キャンプ椅子	【楽天137週1位★累計32万脚突破】アウトドアチェア キャンプ椅子 キャンプチェア ハイバック 軽量 折りたたみ椅子 アウトドア チェア コンパクト キャンプ おしゃれ 椅子 イス チェアー 室内 ソファ代わり / ウルトラライト ハイバックチェア 超軽量 ポンコタンチェア	POHB	PONCOTAN	カラー:4	カラー:コヨーテ	4982	4982	soldout(others:1)	OK	2026-09-21T10:59:14Z	campkit-20260921-24	hbcy01/コヨーテ
camp-chair-highback	2	moderndeco-zerogravity	0	200	モダンデコ 無重力チェア ハイバック リクライニング 耐荷重120kg ひじ掛け 折りたたみ アウトドアチェア	[3ヶ月保証] アウトドアチェア 無重力チェア 軽量 折りたたみ ハイバック リクライニング チェアー アウトドア チェア アウトドアチェア キャンプチェア 耐荷重120kg ひじ掛け キャンプ バーベキュー BBQ ソロキャンプ サウナ	-	AND・DECO（アンドデコ）	カラー:4	カラー:サンドベージュ	6999	6999	soldout	color_unspecified	2026-09-21T10:59:14Z	campkit-20260921-24	165098/サンドベージュ
camp-chair-highback	3	onetigris-dragonhide-highback	0	200	OneTigris DRAGONHIDE ハイバックチェア キャンピングチェア 折りたたみ コンパクト 収納袋付 ソロキャンプ	★10％オフクーポンあり→8,603円★送料無料 OneTigris DRAGONHIDE ハイバック チェア キャンプチェア キャンピングチェアー ハイチェア ローチェア ポータブル 折りたたみ 簡単組立 コンパクト 椅子 収納袋付 ソロキャンプ 軽量 ポンコタンチェア 防災 公園	CE-ZDY06-CB	OneTigris Camping	カラー:3	カラー:ブラウン	8690	9559	qty=49	color_unspecified,price_mismatch	2026-09-21T10:59:14Z	campkit-20260921-24	CE-ZDY06-CB/ブラウン
camp-chair-highback	4	visionpeaks-canvas-relax	0	200	VISIONPEAKS キャンバスリラックスチェア 焚き火チェア ハイバック TC生地 収納袋付き VP1645002	アウトドアチェア キャンバスリラックスチェア 焚き火チェア ハイバック 収納袋付き TC生地 VP1645002 ビジョンピークス VISIONPEAKS	VP1645002	ビジョンピークス (VISIONPEAKS)	カラー:2|・サイズ:1	カラー:コヨーテ|・サイズ:-	6990	5990	qty=159	color_unspecified,price_mismatch	2026-09-21T10:59:14Z	campkit-20260921-24	5349549/コヨーテ/-
camp-chair-highback	5	ladweather-highback	0	200	LAD WEATHER ラドウェザー アウトドアチェア ハイバック 折りたたみ コンパクト 収納袋付き ソロキャンプ	アウトドアチェア ハイバック 折りたたみ アウトドア キャンプ チェア 椅子 イス キャンプ用品 アウトドア用品 キャンプ道具 折り畳み椅子 キャンプ用椅子 おしゃれ いす 人気 おりたたみ コンパクト ソロキャンプ バーベキュー 防災 収納袋付き LAD WEATHER ラドウェザー	ladchair001	ラドウェザー / LAD WEATHER / LAD WEATHER（ラドウェザー）	カラー:13	カラー:01.ブラック	2980	2980	qty=19	color_unspecified	2026-09-21T10:59:14Z	campkit-20260921-24	119717/01.ブラック
camp-chair-lightweight	1	ymbstore-ultralight-chair	0	200	＼めざましテレビで紹介されました！／ アウトドアチェア キャンプ椅子 キャンプチェア 軽量 折りたたみ椅子 アウトドア チェア コンパクト アルミ キャンプ 運動会 椅子 イス キャンプ椅子 携帯 送料無料 超軽量 YMBSTORE ハンモック オシャレ ロータイプ チェアリング	＼めざましテレビで紹介されました！／ アウトドアチェア キャンプ椅子 キャンプチェア 軽量 折りたたみ椅子 アウトドア チェア コンパクト アルミ キャンプ 運動会 椅子 イス キャンプ椅子 携帯 送料無料 超軽量 YMBSTORE ハンモック オシャレ ロータイプ チェアリング	NAZEAM LOW	YMBSTORE （ワイエムビーストア）	カラー:12	カラー:ニューコヨーテ	3970	3980	qty=31	store_copy,color_unspecified	2026-09-21T10:59:14Z	campkit-20260921-24	5601/ニューコヨーテ
camp-chair-lightweight	2	poncotan-ultralight-fit-low	0	200	【楽天137週1位★累計32万脚突破】アウトドアチェア キャンプ椅子 キャンプチェア 軽量 折りたたみ椅子 アウトドア チェア コンパクト ローチェア おしゃれ キャンプ 椅子 イス チェアー 室内 ソファ代わり/ウルトラライトフィットチェア ロータイプ 超軽量 ポンコタンチェア	【楽天137週1位★累計32万脚突破】アウトドアチェア キャンプ椅子 キャンプチェア 軽量 折りたたみ椅子 アウトドア チェア コンパクト ローチェア おしゃれ キャンプ 椅子 イス チェアー 室内 ソファ代わり/ウルトラライトフィットチェア ロータイプ 超軽量 ポンコタンチェア	POFC	PONCOTAN	カラー:4|背もたれ仕様:2	カラー:コヨーテ|背もたれ仕様:ファブリック	3972	3972	soldout(others:3)	OK	2026-09-21T10:59:14Z	campkit-20260921-24	fcfcy/コヨーテ/ファブリック
camp-chair-lightweight	3	poncotan-ultralight-highback	0	200	【楽天137週1位★累計32万脚突破】アウトドアチェア キャンプ椅子 キャンプチェア ハイバック 軽量 折りたたみ椅子 アウトドア チェア コンパクト キャンプ おしゃれ 椅子 イス チェアー 室内 ソファ代わり / ウルトラライト ハイバックチェア 超軽量 ポンコタンチェア	【楽天137週1位★累計32万脚突破】アウトドアチェア キャンプ椅子 キャンプチェア ハイバック 軽量 折りたたみ椅子 アウトドア チェア コンパクト キャンプ おしゃれ 椅子 イス チェアー 室内 ソファ代わり / ウルトラライト ハイバックチェア 超軽量 ポンコタンチェア	POHB	PONCOTAN	カラー:4	カラー:コヨーテ	4982	4982	soldout(others:1)	OK	2026-09-21T10:59:14Z	campkit-20260921-24	hbcy01/コヨーテ
camp-chair-lightweight	4	moon-lence-ch7	0	200	「お買い物マラソン」Moon Lence アウトドアチェア キャンプ椅子 折りたたみ コンパクト 超軽量907g イス 収納バッグ付き ハイキング お釣り 登山 耐荷重150kg CH-7	Moon Lence アウトドアチェア 折りたたみ キャンプ椅子 コンパクト 907g超軽量 耐荷重150kg イス 収納バッグ付き ハイキング 釣り 登山 キャンプ CH-7	CH-7B	MOON LENCE	カラー:11	カラー:ブラック	3799	3799	qty=19	store_copy,color_unspecified	2026-09-21T10:59:14Z	campkit-20260921-24	59/ブラック
camp-chair-lightweight	5	yamazen-director-dd02wt	0	200	ディレクターチェア アウトドアチェア アルミ 軽量 折りたたみ サイドテーブル付き DD-02WT レジャーチェア キャンプ アウトドア バーベキュー 折りたたみ椅子 山善 YAMAZEN キャンパーズコレクション 【送料無料】	【P10倍 9/24 9:59迄】 ディレクターチェア アウトドアチェア アルミ 軽量 折りたたみ サイドテーブル付き DD-02WT レジャーチェア キャンプ アウトドア バーベキュー 折りたたみ椅子 山善 YAMAZEN キャンパーズコレクション 【送料無料】	DD-02WT	山善 / YAMAZEN / キャンパーズコレクション	数量:2|カラー:4	数量:1脚|カラー:マスタード	5800	5990	qty=674	store_copy,color_unspecified,price_mismatch	2026-09-21T10:59:14Z	campkit-20260921-24	T4P22/1脚/チャコールグレー
camp-coffee-dripper	1	uniflame-bannet-cute	0	200	ユニフレーム コーヒーバネット cute 664025	ユニフレーム コーヒーバネット cute UNIFLAME 664025 コーヒードリッパー 軽量 コンパクト 収納 持ち運び ドリップコーヒー ハンドドリップ おしゃれ キャンプ アウトドア	-	UNIFLAME			2420	2420	qty=8	OK	2026-09-21T10:59:14Z	campkit-20260921-24	u07029
camp-coffee-dripper	2	stainless-mesh-dripper	0	200	ステンレス製 メッシュ二重構造 ペーパーレスドリッパー	★テレビで話題★＼楽天1位／コーヒードリッパー コーヒーフィルター ステンレス製 メッシュ二重構造フィルター ペーパーレス ステンレスフィルター くり返し使える おしゃれ ハンドドリップ 道具 ドリッパー フィルター不要 キャンプ アウトドア 敬老の日	cd21761	L広場			1980	1980	qty=888	OK	2026-09-21T10:59:14Z	campkit-20260921-24	normal-inventory
camp-coffee-dripper	3	campingmoon-dripper	0	200	キャンピングムーン コーヒードリッパー ステンレス（折りたたみ・分解式）	【マラソン★5％OFFクーポン】 キャンピングムーン コーヒードリッパー コーヒー ドリッパー ステンレス おしゃれ キャンプ ステンレスドリッパー 円錐 コンパクト 折りたたみ 分解 軽量 1人用 一人用 ソロ キャンプ用品 アウトドア ハンドドリップ ギフト ケース セット	COF-01	CAMPINGMOOＮ	カラー:2	カラー:シルバー	2090	2090	qty=99	color_unspecified	2026-09-21T10:59:14Z	campkit-20260921-24	cof-01/シルバー
camp-coffee-dripper	4	thin-stainless-filter	0	200	折りたためる薄型ステンレス コーヒーフィルター	送料無料 折りたためる 薄い ステンレス コーヒー フィルター(Stainless Coffee Filter)‐ペーパー不要 ドリッパー 繰り返し コンパクト アウトドア キャンプ オフィス ペーパーレス	-	AOZORA			1000	1000	qty=13	OK	2026-09-21T10:59:14Z	campkit-20260921-24	normal-inventory
camp-coffee-dripper	5	fold-stainless-stand	0	200	折りたたみ ステンレス コーヒードリッパースタンド R.A.N.	【最大25％OFF】コーヒードリッパー ドリッパー フィルター不要 ペーパーレス ステンレス製 折りたたみ 珈琲ドリッパースタンド コーヒー おしゃれ お外コーヒー ドリップ コンパクト アウトドア キャンプ エコ 持ち運ぶ 便利 R.A.N.	SY-DRP-SUS-091	RANS TUMBLER	タイプ:1	タイプ:ホルダー付ける	1980	2180	qty=47	price_mismatch	2026-09-21T10:59:14Z	campkit-20260921-24	SY-DRP-SUS-091/ホルダー付ける
camp-cooker-beginner	1	rakuten-alumi-cookset	0	200	【楽天受賞1位】クッカー キャンプ用品 クッカーセット キャンプ 鍋 ケトル やかん アウトドア 鍋 フライパン キャンプ ソロキャンプ アルミ鍋 3点セット やかん キャンプ鍋 ティーポット 登山 軽量 コンパクトキャンプ 2-3人 キャンプギア 防災用品	【楽天ランキング1位】キャンプ用品 キャンプ 鍋 キャンプ クッカーセット キャンプ クッカー トラベルクッカー 鍋 3点セット フライパン ケトル 収納袋付き 軽量 コンパクト アルミ製 ソロキャンプ アウトドア 調理器具 車中泊 防災グッズ 初心者 1人用 2人用 3人用	-	-	カラー:6	カラー:オレンジAタイプ	3280	3980	qty=21	color_unspecified,price_mismatch	2026-09-21T10:59:14Z	campkit-20260921-24	r-sku00000001/オレンジAタイプ
camp-cooker-beginner	2	snowpeak-personal-cooker	0	200	【スノーピーク 公式】【永久保証付】snowpeak アルミパーソナルクッカーセット SCS-020R クッカー 鍋 フライパン スタッキング 調理器具 食事 料理 調理 クッキング バーベキュー キャンプ アウトドア	【スノーピーク 公式】【永久保証付】snowpeak アルミパーソナルクッカーセット SCS-020R クッカー 鍋 フライパン スタッキング 調理器具 食事 料理 調理 クッキング バーベキュー キャンプ アウトドア	SCS-020R	スノーピーク / snow peak / snowpeak			5544	5544	qty=18	OK	2026-09-21T10:59:14Z	campkit-20260921-24	scs-020r
camp-cooker-beginner	3	vastland-cookset	0	200	VASTLAND クッカー 4点セット アルミ キャンプ用 コッヘル 調理器具 鍋 収納袋付き	VASTLAND クッカー 4点セット アルミ キャンプ用 コッヘル 調理器具 鍋 収納袋付き	VL-CKT	VASTLAND	セット:1	セット:4点セット	2980	2980	qty=188	OK	2026-09-21T10:59:14Z	campkit-20260921-24	723/4点セット
camp-cooker-beginner	4	coleman-packaway-cookset	0	200	コールマン (Coleman) パッカウェイクッカーセット キャンプ用品 ファミリークックウェア 2000010530	【最大10万P当選★要エントリー★9/20～9/30】 コールマン (Coleman) パッカウェイクッカーセット キャンプ用品 ファミリークックウェア 2000010530	2000010530	コールマン	カラー:1|サイズ:1	カラー:.|サイズ:.	6160	6160	soldout	OK	2026-09-21T10:59:14Z	campkit-20260921-24	1967780/./.
camp-cooker-beginner	5	titanmania-cookset	0	200	TITAN MANIA(チタンマニア) クッカー セット チタン製 900ml+350ml ソロキャンプ 軽量 頑丈 直火 折りたたみハンドル付 コンパクト 二段式 フライパン コッヘル ポット 調理器具 アウトドア キャンプ用品 収納袋付き	TITAN MANIA(チタンマニア) クッカー セット チタン製 900ml+350ml ソロキャンプ 軽量 頑丈 直火 折りたたみハンドル付 コンパクト 二段式 フライパン コッヘル ポット 調理器具 アウトドア キャンプ用品 収納袋付き	-	TITAN MANIA			4680	4680	qty=51	OK	2026-09-21T10:59:14Z	campkit-20260921-24	titan1832
camp-cooler-box-beginner	1	iris-cooler-bag	0	200	クーラーボックス 小型 部活 クーラーバッグ アイリスオーヤマ 7L 15L 20L 25L 32L 45L 保冷バッグ クーラーバッグ ミニ クーラーバスケット アウトドア レジャー BBQ 海水浴 運動会 行楽 キャンプ CL-7 CL-15 CL-20 CL-25 CL-32 CL-45	クーラーボックス 小型 部活 クーラーバッグ アイリスオーヤマ 7L 15L 20L 25L 32L 45L 保冷バッグ クーラーバッグ ミニ クーラーバスケット アウトドア レジャー BBQ 海水浴 運動会 行楽 キャンプ CL-7 CL-15 CL-20 CL-25 CL-32 CL-45	CL-15	アイリスオーヤマ	カラー:2|容量:6	カラー:ブルー|容量:7L	1681	2480	qty=38	color_unspecified,size_unspecified,price_mismatch	2026-09-21T10:59:14Z	campkit-20260921-24	204456/ブルー/15L
camp-cooler-box-beginner	2	logos-hyper-hyoutenka-m-12l	0	200	送料無料 LOGOS/ロゴス ハイパー氷点下クーラーM 12L 81670070 長時間冷蔵 大容量 クーラーボックス ソフトクーラー 保冷バッグ 折りたたみ コンパクト キャンプ アウトドア バーベキュー バイク好き ギフト あす楽対応	セール特価 送料無料 LOGOS/ロゴス ハイパー氷点下クーラーM 12L 81670070 長時間冷蔵 大容量 クーラーボックス ソフトクーラー 保冷バッグ 折りたたみ コンパクト キャンプ アウトドア バーベキュー あす楽対応	81670070	LOGOS/ロゴス			10780	9702	qty=2	store_copy,price_mismatch	2026-09-21T10:59:14Z	campkit-20260921-24	60965
camp-cooler-box-beginner	3	iris-hugel-vitc40	0	200	【保冷材付きセット 超低温タイプ】アイリスオーヤマ HUGEL ヒューゲル VITC-40 HHC-L クーラーボックス 40L 保冷バック ハード 大型 チャコールグレー 真空断熱 釣り アウトドア スポーツ レジャー キャンプ 防災 VITC40 HHCL【送料無料】	【保冷材付きセット 超低温タイプ】アイリスオーヤマ HUGEL ヒューゲル VITC-40 HHC-L クーラーボックス 40L 保冷バック ハード 大型 チャコールグレー 真空断熱 釣り アウトドア スポーツ レジャー キャンプ 防災 VITC40 HHCL【送料無料】	VITC-40 / HHC-L	アイリスオーヤマ			32780	32780	qty=1000	store_copy	2026-09-21T10:59:14Z	campkit-20260921-24	vitc40cgyhhcl
camp-cooler-box-beginner	4	iris-hugel-vitc20	0	200	アイリスオーヤマ HUGEL ヒューゲル VITC-20 クーラーボックス 20L 保冷バック ハード 小型 チャコールグレー 真空断熱 釣り アウトドア スポーツ レジャー キャンプ 防災 VITC20 【送料無料】	アイリスオーヤマ HUGEL ヒューゲル VITC-20 クーラーボックス 20L 保冷バック ハード 小型 チャコールグレー 真空断熱 釣り アウトドア スポーツ レジャー キャンプ 防災 VITC20 【送料無料】	VITC-20	アイリスオーヤマ			21780	21780	qty=1000	store_copy	2026-09-21T10:59:14Z	campkit-20260921-24	vitc20cgy
camp-cooler-box-beginner	5	logos-action-cooler-25	0	404	送料無料 LOGOS/ロゴス アクションクーラー25 ホワイト 81448033 81660642 クーラーボックス 冷蔵保存 キャンプ アウトドア フィッシング バーベキュー BBQ ハードケースクーラーボックス 倍速凍結・氷点下パックM 2個 あす楽対応						8250			404,store_copy	2026-09-21T10:59:14Z	campkit-20260921-24	
camp-cooler-box-overall	1	cooler-rank-1	1	200	クーラーボックス 小型 部活 クーラーバッグ アイリスオーヤマ 7L 15L 20L 25L 32L 45L 保冷バッグ クーラーバッグ ミニ クーラーバスケット アウトドア レジャー BBQ 海水浴 運動会 行楽 キャンプ CL-7 CL-15 CL-20 CL-25 CL-32 CL-45	クーラーボックス 小型 部活 クーラーバッグ アイリスオーヤマ 7L 15L 20L 25L 32L 45L 保冷バッグ クーラーバッグ ミニ クーラーバスケット アウトドア レジャー BBQ 海水浴 運動会 行楽 キャンプ CL-7 CL-15 CL-20 CL-25 CL-32 CL-45	CL-15	アイリスオーヤマ	カラー:2|容量:6	カラー:ブルー|容量:7L	1681	2480	qty=38	color_unspecified,size_unspecified,price_mismatch	2026-09-21T10:59:14Z	campkit-20260921-24	204456/ブルー/15L
camp-cooler-box-overall	2	cooler-rank-2	1	200	送料無料 LOGOS/ロゴス ハイパー氷点下クーラーM 12L 81670070 長時間冷蔵 大容量 クーラーボックス ソフトクーラー 保冷バッグ 折りたたみ コンパクト キャンプ アウトドア バーベキュー バイク好き ギフト あす楽対応	セール特価 送料無料 LOGOS/ロゴス ハイパー氷点下クーラーM 12L 81670070 長時間冷蔵 大容量 クーラーボックス ソフトクーラー 保冷バッグ 折りたたみ コンパクト キャンプ アウトドア バーベキュー あす楽対応	81670070	LOGOS/ロゴス			10780	9702	qty=2	store_copy,price_mismatch	2026-09-21T10:59:14Z	campkit-20260921-24	60965
camp-cooler-box-overall	3	cooler-rank-3	1	404	送料無料 LOGOS/ロゴス アクションクーラー25 ホワイト 81448033 81660642 クーラーボックス 冷蔵保存 キャンプ アウトドア フィッシング バーベキュー BBQ ハードケースクーラーボックス 倍速凍結・氷点下パックM 2個 あす楽対応 お買い物マラソン 開催						8250			404,store_copy	2026-09-21T10:59:14Z	campkit-20260921-24	
camp-cooler-box-overall	4	cooler-rank-4	1	200	アイリスオーヤマ HUGEL ヒューゲル VITC-20 クーラーボックス 20L 保冷バック ハード 小型 チャコールグレー 真空断熱 釣り アウトドア スポーツ レジャー キャンプ 防災 VITC20 【送料無料】	アイリスオーヤマ HUGEL ヒューゲル VITC-20 クーラーボックス 20L 保冷バック ハード 小型 チャコールグレー 真空断熱 釣り アウトドア スポーツ レジャー キャンプ 防災 VITC20 【送料無料】	VITC-20	アイリスオーヤマ			21780	21780	qty=1000	store_copy	2026-09-21T10:59:14Z	campkit-20260921-24	vitc20cgy
camp-cooler-box-overall	5	cooler-rank-5	1	200	【保冷材付きセット 超低温タイプ】アイリスオーヤマ HUGEL ヒューゲル VITC-40 HHC-L クーラーボックス 40L 保冷バック ハード 大型 チャコールグレー 真空断熱 釣り アウトドア スポーツ レジャー キャンプ 防災 VITC40 HHCL【送料無料】	【保冷材付きセット 超低温タイプ】アイリスオーヤマ HUGEL ヒューゲル VITC-40 HHC-L クーラーボックス 40L 保冷バック ハード 大型 チャコールグレー 真空断熱 釣り アウトドア スポーツ レジャー キャンプ 防災 VITC40 HHCL【送料無料】	VITC-40 / HHC-L	アイリスオーヤマ			32780	32780	qty=1000	store_copy	2026-09-21T10:59:14Z	campkit-20260921-24	vitc40cgyhhcl
camp-cooler-soft	1	waq-soft-42l	0	200	WAQ SOFT COOLER BOX (M) 42L ソフトクーラーボックス ファミリーキャンプ用 4-5人用	【9/24 1:59まで★エントリーでP10倍※11/19頃付与】 WAQ SOFT COOLER BOX (M) 42L ソフトクーラーボックス 42リットル クーラーボックス ソフトタイプ ソフトクーラー ファミリーキャンプ用 レジャー用 大人数用 4-5人用	waq-scbm1-tan	WAQ	カラー:3	カラー:TAN(タン) - Mサイズ	10800	10800	qty=22	color_unspecified	2026-09-21T10:59:14Z	campkit-20260921-24	waq-scbm1-tan-1/TAN(タン) - Mサイズ
camp-cooler-soft	2	soft-cooler-30l	0	200	ソフトクーラーボックス 30L 5層断熱 3WAY 折りたたみ コンパクト 軽量 保冷バッグ	クーラーボックス ソフトタイプ 30L 5層断熱 ソフト クーラーバッグ 保冷 保冷バッグ 折りたたみ コンパクト 3WAY 大容量 保温 軽量 ソフトクーラーボックス アウトドア キャンプ 折りたたみクーラーボックス 折りたたみクーラーバッグ アウトドアクーラーボックス 断熱	cb30Lbk	.West	カラー:2	カラー:ブラック	3980	3980	qty=3	color_unspecified	2026-09-21T10:59:14Z	campkit-20260921-24	bk/ブラック
camp-cooler-soft	3	albatre-18l	0	200	Albatre アルバートル マルチクーラーバッグ 18L AL-CB180 15mm厚断熱材 5層構造 底板付き	Albatre アルバートル マルチクーラーバッグ 18L AL-CB180 15mm厚断熱材 保冷 5層構造 底板一枚つき ソフトクーラーボックス キャンプ アウトドア ハイキング 遠足	AL-CB180	アルバートル	サイズ:1|カラー:4	サイズ:18Lクーラー|カラー:コヨーテ/コヨーテ	6600	6500	qty=365	color_unspecified	2026-09-21T10:59:14Z	campkit-20260921-24	alcb180coco/18Lクーラー/コヨーテ/コヨーテ
camp-cooler-soft	4	soft-cooler-40l	0	200	40L ソフトクーラーボックス 底板付き 900Dクーラーバッグ 多層断熱 撥水 折りたたみ 軽量	《マラソン限定SALE》＼ 底板付き／ 40Lソフトクーラーボックス 底板付き カラビナ2枚付き 保冷バッグ 大容量 900Dクーラーバッグ 折りたたみ 多層断熱 超強力 撥水材質 隔熱層 多機能ポケット付き 軽量 手提げ 肩掛け 【30日安心保証】	PRIMARYEC214255	PRIMARYEC	カラー:6	カラー:ブラック	4980	4980	qty=6	color_unspecified	2026-09-21T10:59:14Z	campkit-20260921-24	compass_sku_1746201437267_1/ブラック
camp-cooler-soft	5	square-soft-9l	0	200	スクエア型 ソフトクーラーボックス 9L 保冷バッグ ランチバッグ 折りたたみ 軽量 コンパクト	保冷バッグ クーラーバッグ スクエアバッグ 9L 保温バッグ ラウンドバッグ ソフトクーラーボックス エコバッグ ランチバッグ 折りたたみ キャンプ アウトドア レジャー 軽量 コンパクト 海水浴 ゴルフ テニス 釣り スポーツ観戦 お弁当 お買い物 おしゃれ ピクニック	-	Macks.i	カラー:8	カラー:ネイビー	2180	2480	qty=7	color_unspecified,price_mismatch	2026-09-21T10:59:14Z	campkit-20260921-24	3679/ネイビー
camp-cutlery	1	cl-cesabeams-set	0	200	cesa beams カトラリー＆食器セット	6年間連続1位 cesa beams ２点目40％オフクーポン 食器 カトラリー カトラリーセット 食洗機対応 日本ブランド プレミアシリーズ5本 結婚祝い スプーン フォーク セット北欧 カトラリーセット おしゃれ ギフト プレゼント かっぱ橋	cj5-1000	Cesa Beams	お色をお選びください:2|カラー:22	お色をお選びください:プレミアシリーズ5本|カラー:ブラックゴールド	2998	3298	qty=917	color_unspecified,price_mismatch	2026-09-21T10:59:14Z	campkit-20260921-24	7848/プレミアシリーズ5本/ブラックゴールド
camp-cutlery	2	cl-stainless-set	0	200	ステンレス カトラリーセット（楽天1位）	クーポン利用で２個目５０％OFF カトラリーセット 【楽天1位】 カトラリー シルバー ゴールド ステンレス おしゃれ カトラリーセットゴールド 北欧風 食器 スプーン フォーク ナイフ デザートフォーク ケーキフォーク 新生活 結婚祝い クリスマス カトラリー	J-MAX.CO.LTD	JH-STUDIO	本数:2|シリーズ:2|カラー:15	本数:５本セット|シリーズ:original set|カラー:ティファニーブルーシルバー	1980	2998	qty=16	store_copy,color_unspecified,sale_page,price_mismatch	2026-09-21T10:59:14Z	campkit-20260921-24	K-5-set/５本セット/original set/ティファニーブルーシルバー
camp-cutlery	3	cl-muranokajiya	0	200	村の鍛冶屋 ステンレス キャンプカトラリー 3本セット	村の鍛冶屋オリジナル！ ステンレス キャンプカトラリー 3本セット［MK-ODR-CC］＜燕三条製｜村の鍛冶屋＞ ナイフの中にスプーン・フォークが収納できてコンパクトなカトラリーセットです！ 【頑張って送料無料！】	MK-ODR-CC	村の鍛冶屋			1551	1551	qty=35	OK	2026-09-21T10:59:14Z	campkit-20260921-24	10040115
camp-cutlery	4	cl-tritan-fork	0	200	トライタン製 折れないフォーク 5本組	サイズ２種類 トライタン製 Ψ折れないフォーク 5本組 日本製 普段使い デザート 女性 お弁当キャンプ 食器 セット 用品 食洗機OK 割れない 折れない プラスチック カフェプラスチック キャンプ 安心安全 カトラリー	-	アイコレクション	【フォーク5本組】サイズ:2|納期選択:1|カラー:10	【フォーク5本組】サイズ:195|納期選択:通常注文|カラー:クリア	1980	1980	qty=10	size_unspecified	2026-09-21T10:59:14Z	campkit-20260921-24	40780/195/通常注文/クリア
camp-cutlery	5	cl-titanmania-chopsticks	0	200	チタンマニア チタン箸 23cm	TITAN MANIA(チタンマニア) 箸 チタン製 23cm 軽量 頑丈 角箸 菜箸 長い 太い マイ箸 エコ箸 はし 純チタン 1膳 滑り止め すべらない 食洗器対応 カトラリー 調理器具 ソロキャンプ アウトドア キャンプ用品 収納袋付き	-	TITAN MANIA			990	990	qty=1348	OK	2026-09-21T10:59:14Z	campkit-20260921-24	titan1820
camp-dust-stand	1	pykespeak-trashbox-40l	0	200	PYKES PEAK キャンプ ゴミ箱 トラッシュボックス 折りたたみ式 蓋つき 40L	キャンプ ゴミ箱 アウトドア トラッシュボックス 折りたたみ式 蓋つき 40L 60L 2枚 ゴミ袋設置 可能 分別できる 小物吊るせる PYKES PEAK	-	PYKESPEAK	サイズ（容量）:2|カラー:3	サイズ（容量）:Sサイズ（40L）|カラー:ブラック	3480	3480	qty=394	color_unspecified	2026-09-21T10:59:14Z	campkit-20260921-24	P0285TB040-BLK/Sサイズ（40L）/ブラック
camp-dust-stand	2	oregonian-camper-r2	0	200	オレゴニアンキャンパー ポップアップ トラッシュボックス R2 45L	【楽天１位】 オレゴニアンキャンパー ポップアップ トラッシュボックス 45L 折りたたみ キャンプ ゴミ箱 アウトドア Oregonian Campe ダストボックス 大容量 防水 収納ボックス ランドリーバスケット ゴミ袋 コンパクト 折り畳み ゴミ入れ バーベキュー 花見 ピクニック	ocb-box	オレゴニアンキャンパー	選択:1|カラー:3	選択:納期|カラー:コヨーテ	5280	5280	qty=4	color_unspecified	2026-09-21T10:59:14Z	campkit-20260921-24	3942/納期/コヨーテ
camp-dust-stand	3	southlight-trashbox-60l	0	200	South Light トラッシュボックス ポップアップ キャンプ用ゴミ箱 60L 蓋付き	【赤字覚悟 19日20時～MAX99％OFFクーポン配布】South Light トラッシュボックス ポップアップ キャンプ用ゴミ箱 60L 折りたたみ ゴミ箱 ボックス 蓋付き バッグ 収納ボックス 薪入れ ダストボックス	mzk-ot0003	-	カラー:3	カラー:グリーン	4380	4380	qty=190	color_unspecified	2026-09-21T10:59:14Z	campkit-20260921-24	mzk-ot0003-gn/グリーン
camp-dust-stand	4	trashbox-30l	0	200	トラッシュボックス 30L アウトドア ゴミ箱 折りたたみ ポップアップ式 蓋付き	【MAX20%OFF！当店買い回りクーポン配布中】 トラッシュボックス 30L アウトドア ゴミ箱 折りたたみ 大容量 ポップアップ式 コンパクト 持ち運び ダストボックス 収納ボックス 軽量 ごみ箱 蓋付き フタ付き	GG084	-	カラーを選択:1|カラー:3	カラーを選択:カラーを選択|カラー:ブラック【37L】	1980	1980	qty=12	color_unspecified	2026-09-21T10:59:14Z	campkit-20260921-24	gg084GG084G084/カラーを選択/ブラック【37L】
camp-dust-stand	5	trashbox-90l	0	200	ゴミ箱 折りたたみ 90L トラッシュボックス アウトドア 大容量 ポップアップ式 分別	【MAX20%OFF！当店買い回りクーポン配布中】 ゴミ箱 折りたたみ 90L トラッシュボックス アウトドア 大容量 ポップアップ式 コンパクト 軽量 分別 ごみ箱 バーベキュー BBQ キャンプ 薪入れ マルチボックス	GG087	-	カラーを選択:1|カラー:3	カラーを選択:カラーを選択|カラー:ブラック【90L】	2480	2480	qty=62	color_unspecified	2026-09-21T10:59:14Z	campkit-20260921-24	gg087GG087G087/カラーを選択/ブラック【90L】
camp-electric-grill	1	bruno-boe021	0	200	BRUNO(ブルーノ) コンパクトホットプレート BOE021 ホワイト たこ焼き・平面プレート2種付き	●楽天1位 【5大特典付】無料ラッピング ホットプレート ブルーノ 本体＆2種プレート BOE021 bruno コンパクトホットプレート 2～3人用 たこ焼き 焼肉 鍋 たこ焼き器 家電 結婚祝い ホット おしゃれ プレート 蓋 一人用◇送料無料 P10倍	BOE021-WH	ブルーノ	選択:2|選択:6	選択:当日出荷|選択:ホワイト	12100	12100	qty=4	OK	2026-09-21T10:59:14Z	campkit-20260921-24	1398032/当日出荷/ホワイト
camp-electric-grill	2	iris-piha-a20b	0	200	アイリスオーヤマ ホットプレート 焼肉プレート2枚・たこ焼きプレート3枚・網焼き風プレート付き PIHA-A20B/PIHA-A30B/APA-139-B	【10%OFFクーポン★28日9:59迄】ホットプレート 焼肉 焼肉プレート コンパクト 収納 お手入れ簡単 餃子 お好み焼き 焼きそば ファミリー 家族 パーティー プレート2枚 PIHA-A20B たこ焼きプレート プレート3枚 PIHA-A30B 網焼き風ホットプレート APA-139-B *	PIHA-A20B	アイリスオーヤマ	モデル:2|枚数:2	モデル:ネット限定モデル|枚数:2枚	7980	7980	qty=1	OK	2026-09-21T10:59:14Z	campkit-20260921-24	7990143/ネット限定モデル/2枚
camp-electric-grill	3	iris-php-1002tc	0	200	アイリスオーヤマ ホットプレート コンパクト PHP-1002TC グレー 深鍋・平面プレート2種付き	[700円OFFクーポン★25日迄]ホットプレート 鍋 たこ焼き 深鍋 プレート2種 最大250℃ 温度調節可 コンパクト セラミックコーティング おしゃれ プレゼント ギフト お祝い 焼肉 新生活 蓋付 お手入れ簡単 着脱式 アイリスオーヤマ PHP-1002TC *	PHP-1002TC	アイリスオーヤマ	カラー:5	カラー:レッド	6980	6980	qty=10	OK	2026-09-21T10:59:14Z	campkit-20260921-24	7264633/グレー
camp-electric-grill	4	yamazen-ygf-w130	0	200	山善(YAMAZEN) グリル鍋 YGF-W130(B) ブラック 深鍋・波型プレート2WAY	【10%OFFクーポン 9/28 23:59迄】グリル鍋 電気鍋 電気グリル鍋 2枚プレート 着脱式 鍋 深鍋 グリルなべ ホットプレート 波型 蓋付き ガラス蓋 YGF-W130(B) 鍋 焼肉 おでん コンパクト 2枚組プレート 1人鍋 山善 YAMAZEN 【送料無料】	YGF-W130	山善 / YAMAZEN			9980	9980	qty=71	OK	2026-09-21T10:59:14Z	campkit-20260921-24	R7I78
camp-electric-grill	5	yamazen-yhl-s100	0	200	山善(YAMAZEN) 丸型ホットプレート YHL-S100(B) ブラック 2〜3人用	【P10倍 9/24 9:59迄】 ホットプレート 大型 焼肉 丸型 自立するガラス蓋 丸型ホットプレート 着脱式 平面プレート 1000W YHL-S100(B) 電気ホットプレート シンプル コンパクト 2～3人用 卓上 新生活 山善 YAMAZEN 【送料無料】	YHL-S100	山善 / YAMAZEN			3980	3980	qty=50	OK	2026-09-21T10:59:14Z	campkit-20260921-24	R4F12
camp-electric-heater	1	yamazen-dsd086	0	200	山善 電気ストーブ DS-D086(W) ホワイト 800W/400W切替式	【15%OFFクーポン 9/24 09:59まで】ストーブ 電気ストーブ 800/400W切替式 DS-D086 ヒーター 電気ヒーター 小型ヒーター 足もと 足元暖房 シンプル おしゃれ コンパクト 火事予防 山善 YAMAZEN 【送料無料】	DS-D086	山善 / YAMAZEN	カラー:2	カラー:ホワイト	4480	4480	qty=80	OK	2026-09-21T10:59:14Z	campkit-20260921-24	51858/ホワイト
camp-electric-heater	2	plusminuszero-xhsh210	0	200	±0 プラスマイナスゼロ カーボンヒーター XHS-H210 ホワイト 300W	数量限定 電気ヒーター 電気ストーブ 首振り 300w ±0 カーボンヒーター XHS-H210 プラスマイナスゼロ プラマイゼロ スリム 小型 暖房 ヒーター 遠赤外線 おしゃれ 足元暖房器具 暖かい 安全機能 軽量◇暖房器具 送料無料 P10倍	XHS-H210	±0	選択:2|選択:2	選択:当日出荷|選択:ホワイト	5940	5940	qty=1	OK	2026-09-21T10:59:14Z	campkit-20260921-24	1421115/当日出荷/ホワイト
camp-electric-heater	3	yamazen-dsf041	0	200	山善 あしもとあったかストーブ DS-F041(W) ホワイト 400W	【15%OFFクーポン 9/24 09:59まで】ストーブ 電気ストーブ あしもとあったかストーブ おしゃれ 400W DS-F041(W) ヒーター 電気ヒーター 小型ヒーター 足元暖房 シンプル コンパクト かわいい おしゃれ 山善 YAMAZEN 【送料無料】	DS-F041(W)	山善 / YAMAZEN			4280	4280	qty=26	OK	2026-09-21T10:59:14Z	campkit-20260921-24	67417
camp-electric-heater	4	atrise-panel-heater	0	200	atRise パネルヒーター 折りたたみ式 160W ブランケット・リモコン付き	＼2026年最新版♪／ パネルヒーター 足元ヒーター 折りたたみ デスク下 暖房器具 足元 ヒーター リモコン付き こたつ ワイド 省エネ 節電 オフィス 遠赤外線 デスク デスクヒーター PSE認証 省エネ 節電 ラウンド 静音	Y0731-B	NiMore	モデル:1	モデル:2025-2026最新モデル	7980	7980	qty=133	OK	2026-09-21T10:59:14Z	campkit-20260921-24	Y0731-B/2025-2026最新モデル
camp-electric-heater	5	moderndeco-ceramic	0	200	モダンデコ セラミックファンヒーター 人感センサー付き 600W/1200W切替 2.3kg	[6%クーポン] [即日出荷] [レビュー14000件超え／高評価4.4点] ヒーター 人感センサー 電気ストーブ 足元 オフィス 省エネ おしゃれ 即暖 セラミックヒーター ファンヒーター セラミックファンヒーター パネルヒーター コンパクト 薄型 小型	-	モダンデコ	タイプ:2|カラー:5	タイプ:レギュラー|カラー:ホワイト	5999	5999	qty=488	color_unspecified,size_unspecified	2026-09-21T10:59:14Z	campkit-20260921-24	r-sku00000034/レギュラー/ホワイト
camp-fan-summer	1	fan-soppy	0	200	充電式扇風機 卓上 吊り下げ サーキュレーター コードレス アウトドア扇風機 静音 強力送風 キャンプ 20000mAh大容量 自動首振り 風量最大100段階 LEDライト タイマー 車中泊	在庫処分★24％OFF：5980→4580【2026年新モデル・コスパ最高！20000mAh大容量バッテリー・長時間使用・自動首振り 】充電式 扇風機卓上吊り下げサーキュレータコードレス充電式アウトドア扇風機静音強力送風キャンプせんぷうき風量LEDライトタイマ充電式ファン車中泊	YH-F143	SOPPY	型番:1|カラー:1|タイプ:1	型番:YH-F143|カラー:ブラック|タイプ:扇風機	5280	4580	qty=263	price_mismatch	2026-09-21T10:59:14Z	campkit-20260921-24	j1007670101/YH-F143/ブラック/扇風機
camp-fan-summer	2	fan-hagoogi	0	404	hagoogi キャンプ 扇風機 アウトドア 首振り DCモーター 収納ケース付き 充電式 軽量 静音 10000mAh 27時間 4段階風量調節 LEDライト タイマー 卓上 吊り下げ コードレス						15980			404	2026-09-21T10:59:14Z	campkit-20260921-24	
camp-fan-summer	3	fan-icarry	0	200	i.Carry コードレス扇風機 直径30cm DCモーター 強力 首振り 充電式 リモコン 折りたたみファン タイマー 風量8段階 コンパクト収納 10800mAhバッテリー内蔵 アウトドア キャンプ	i.Carry コードレス扇風機 直径30cm DCモーター 強力 首振り 充電式 リモコン 折りたたみファン タイマー 風量8段階 コンパクト収納 おしゃれ サーキュレーター 10800mAhバッテリー内蔵 災害 アウトドア キャンプ 公園 送風	17-FAN8	i.Carry	種類:1|カラー:2	種類:FAN8|カラー:ホワイト	12800	12800	soldout	color_unspecified	2026-09-21T10:59:14Z	campkit-20260921-24	r-sku00000001/FAN8/ホワイト
camp-fan-summer	4	fan-pse	0	200	アウトドア 扇風機 自動首振り 充電式 DCモーター 軽量 低騒音 リモコン付き タイマー 風量4段階調節 LEDライト 卓上 スタンド式 壁掛け 吊り下げ 20000mAh PSE認証済み	【20000mAh＆PSE認証済み】アウトドア扇風機 キャンプ 充電式 ポータブル扇風機 リモコン付き 大容量バッテリー LEDライト 自動首振り 強力 DCモーター 軽量 強風 タイマー 風量4段階調節 卓上 スタンド式 壁掛け 吊り下げクッリプ	-	-	カラー:3	カラー:ブラック	7780	5480	qty=58	price_mismatch	2026-09-21T10:59:14Z	campkit-20260921-24	electric-fan1/ブラック
camp-fan-summer	5	fan-marz	0	200	扇風機 DCモーター サーキュレーター コードレス 折りたたみ扇風機 首振り リモコン付き キャンプ 充電式 自動首振り 10800mAh 静音 コンパクト ポータブル 熱中症対策 防災	扇風機 DCモーター サーキュレーター コードレス dc 折りたたみ扇風機 首振り リモコン付き キャンプ 卓上扇風機 充電式 4段階風量調整 高さ調整 自動首振り 10800mAh 静音 室内干し コンパクト ポータブル 夏 熱中症対策 防災【1年保証】	-	-	カラー:2|オプション有無:2|配送方法:2	カラー:ブラック|オプション有無:ラッピングなし|配送方法:日本郵便	6480	7980	qty=14	color_unspecified,price_mismatch	2026-09-21T10:59:14Z	campkit-20260921-24	independencefan002-bk/ブラック/ラッピングなし/ヤマト
camp-gift	1	gift-sierra-cup	0	404	スノーピーク チタンシェラカップ E-104						2508			404	2026-09-21T10:59:14Z	campkit-20260921-24	
camp-gift	2	gift-gloves	0	200	ラドウェザー LAD WEATHER 防寒手袋 完全防水 3M高級中綿 スマートフォン対応	手袋 メンズ レディース 防寒 完全防水 3M高級中綿 スマートフォン対応 すべり止め 防寒グローブ 防寒手袋 バイク グローブ 春 秋 冬 自転車 サイクリンググローブ 通勤 通学 アウトドア 登山 キャンプ 釣り 防水 手袋 暖かい 防寒グッズ【ラドウェザー LAD WEATHER】	ladgloves009	ラドウェザー / LAD WEATHER / LAD WEATHER（ラドウェザー）	サイズ:4	サイズ:Sサイズ	1480	1480	qty=1024	OK	2026-09-21T10:59:14Z	campkit-20260921-24	01bk-s/Sサイズ
camp-gift	3	gift-titanium-mug	0	200	WAQ チタンマグカップ 450ml	【9/24 1:59まで★エントリーでP10倍※11/19頃付与】 WAQ チタンマグカップ 450ml チタン製 蓋つき チタンマグ 直火 シングルマグ 目盛り付き アウトドア キャンプ WAQ-TM1	waq-tm1	WAQ	商品詳細:2	商品詳細:単品1個	3680	3680	qty=16	OK	2026-09-21T10:59:14Z	campkit-20260921-24	waq-tm1/単品1個
camp-gift	5	gift-lantern	0	200	Soomloom 2Wayランタン Helio5000	Soomloom 2Wayランタン Helio5000 スームルームランタン 最大300ルーメン 5000mAh LED ランタン 懐中電灯 2way キャンプライト USB Type-C充電 調節可能 キャンプランタン アウトドア 防災 防水レベルIPX4 LEDミニランタン アウトドア	-	SOOMLOOM	数量:4|セット:2	数量:１個|セット:ランタンのみ	2970	2970	soldout	OK	2026-09-21T10:59:14Z	campkit-20260921-24	outdoor-158-renew/１個/ランタンのみ
camp-gift	6	gift-blanket	0	200	OneTigris ダウンブランケット 195×135cm グリーン	★20％オフクーポンあり→7,647円★送料無料 OneTigris ダウンブランケット 195cm135cm マルチブランケット 防寒 キャンプ アウトドア ひざ掛け 掛け布団 車中泊 超軽量 テント用キルト 柔らかい 暖かい 防災	CE-YBZ03-OD	OneTigris Camping	カラー:4	カラー:ブルー	9559	9559	qty=43	OK	2026-09-21T10:59:14Z	campkit-20260921-24	CE-YBZ03-OD/‐グリーン
camp-gift	7	gift-portable-power	0	200	Jackery ポータブル電源 240 New 256Wh	【クーポン利用で27,880円 9/25 23:59まで】Jackery ポータブル電源 240 New 256Wh リン酸鉄 長寿命 定格300W コンパクト 軽量 急速充電 家庭用 アウトドア用 防災 車中泊 UPS機能 アプリ遠隔操作 純正弦波 ジャクリ	240 NEW	Jackery	型番:2	型番:240 NEW	32800	32800	qty=52	OK	2026-09-21T10:59:14Z	campkit-20260921-24	21-0001-000215/240 NEW
camp-grill-plate	1	grill-zeoor	0	200	【レビューを書いて500円OFFクーポン】 ZEOOR ゼオール グリルプレートスタンドM キャンプ バーベキュー アウトドア用品 ロゴス 焚き火台 LOGOS the ピラミッドTAKIBI M 専用 鉄板 五徳 焚火台 焚火 焚き火 ロストル 焼肉 炭火コンロ バーベキューグリル 焼き網	【レビューを書いて500円OFFクーポン】 ZEOOR ゼオール グリルプレートスタンドM キャンプ バーベキュー アウトドア用品 ロゴス 焚き火台 LOGOS the ピラミッドTAKIBI M 専用 鉄板 五徳 焚火台 焚火 焚き火 ロストル 焼肉 炭火コンロ バーベキューグリル 焼き網	LO20-51	ZEOOR			4070	4070	qty=99973	store_copy	2026-09-21T10:59:14Z	campkit-20260921-24	lo20-51
camp-grill-plate	2	grill-captainstag	0	200	【送料無料】キャプテンスタッグ ラウンド グリルプレート 30cm UG-1592	【送料無料】キャプテンスタッグ ラウンド グリルプレート 30cm UG-1592	UG-1592	CAPTAIN STAG			3958	3958	soldout	store_copy	2026-09-21T10:59:14Z	campkit-20260921-24	1986417
camp-grill-plate	3	grill-shos-a4	0	200	笑's A-4君専用グリルプレート アウトドア キャンプ 焚き火	笑's A-4君専用グリルプレート アウトドア キャンプ 焚き火	SHO-003-01	笑's	カラー:1|サイズ:1	カラー:ONE|サイズ:ONE	2310	2310	qty=1	OK	2026-09-21T10:59:14Z	campkit-20260921-24	shs239026ONEONE/ONE/ONE
camp-grill-plate	4	grill-bushcraft	0	200	クーポンで15%OFF★Bush Craft Inc. ブッシュクラフト 焚き火グリルプレート【Sx】【T】ギフト｜アウトドア キャンプ バーベキュー 調理器具 焼き網 アルミ 軽量 携帯 調理プレート BBQグリル 収納ケース付き	クーポンで15%OFF★Bush Craft Inc. ブッシュクラフト 焚き火グリルプレート【Sx】【T】｜アウトドア キャンプ バーベキュー 調理器具 焼き網 アルミ 軽量 携帯 調理プレート BBQグリル 収納ケース付き	-	-	サイズ:1|カラー:1	サイズ:ワンサイズ|カラー:ブラウン	2970	2970	qty=1000	store_copy	2026-09-21T10:59:14Z	campkit-20260921-24	2261327/ワンサイズ/ブラウン
camp-grill-plate	5	grill-shos-bgo	0	200	笑's コンパクト焚き火グリル 「B-GO」 3点セット （B-GO本体+専用グリルプレート+専用ハードロストル） バーベキューグリル コンパクト焚き火グリル 焚き火 BBQ キャンプ ソロキャンプ 料理 焚き火料理 ステンレス 持ち運び簡単 組立簡単 バーベキュー アウトドア 登山	笑's コンパクト焚き火グリル 「B-GO」 3点セット （B-GO本体+専用グリルプレート+専用ハードロストル） バーベキューグリル コンパクト焚き火グリル 焚き火 BBQ キャンプ ソロキャンプ 料理 焚き火料理 ステンレス 持ち運び簡単 組立簡単 バーベキュー アウトドア 登山	-	笑's	カラー:1|サイズ:1	カラー:ONE|サイズ:ONE	11000	14190	qty=19	price_mismatch	2026-09-21T10:59:14Z	campkit-20260921-24	18922/ONE/ONE
camp-hammock	1	adepeche-3way-set	0	200	a.depeche 自立式ハンモック 3way 5点セット SHP-3WHMK ハンモックチェア スタンド 折りたたみ	【ポイント10倍！24日01:59まで】ハンモック 自立式 3way 室内 おしゃれ 屋外 一人用 5点セット ハンモックチェアー ハンガーラック スタンド 折りたたみ 持ち運び ネイビー ブルー カーキ マスタード SHP-3WHMK アウトドア 送料無料	020-SHP-3WHMK-KHXBR	アデペシュ / a.depeche	カラー:3	カラー:カーキ	20790	24750	qty=59	price_mismatch	2026-09-21T10:59:14Z	campkit-20260921-24	6681/カーキ
camp-hammock	2	groovy-3way	0	200	Groovy 自立式ハンモック 3way 折りたたみ ハンモックチェア スタンド	SALE ＼TVで紹介されました／【楽天ランキング１位】ハンモック 自立式 室内 チェアー ハンモック自立式 3way 折りたたみハンモック 椅子 物干し ハンモックチェア 室内 室外 スタンド カラフル ハンガーラック 布団干し 部屋干し 樅	27257	Funmock	納期:1|カラー:2	納期:即納|カラー:カリフォルニア	9720	9720	qty=37	OK	2026-09-21T10:59:14Z	campkit-20260921-24	33032/即納/カリフォルニア
camp-hammock	3	osoto-normal	0	200	OSOTO ゆらふわモック ノーマルタイプ 自立式ハンモック 折りたたみ スタンド付 収納	【送料無料】 自立式ハンモック ゆらふわモック ノーマルタイプ 室内 アウトドア 折りたたみ カラフル キャンプ ベランダ セール sale ピクニック ポータブル 人気 コンパクト 屋外 レジャー ギフト 庭 海 スタンド フレーム	-	シェアスタイル	＜スタンドカラー＞:3|＜ネットカラー＞:7	＜スタンドカラー＞:スタンドカラー/ホワイト|＜ネットカラー＞:ネットカラー/レインボー	8082	8480	soldout(others:18)	price_mismatch	2026-09-21T10:59:14Z	campkit-20260921-24	15503/スタンドカラー/ホワイト/ネットカラー/レインボー
camp-hammock	4	marz-3way-long	0	200	marz 自立式ハンモック 3way ロング ハンモックチェア スタンド 折りたたみ	ハンモック 自立式 3way マルチ 室内 ハンモック 自立 ポータブル おしゃれ デザイン ロング ハンモックチェアー スタンド 折りたたみ スタンド チェア 屋外 野外 アウトドア ベランダ レジャー キャンプ用品 プレゼント ハンガーラック 布団干し 部屋干し	-	-	フレーム:2|ネット:1|チェアネット:3|アンダーキルト:2	フレーム:ブラック|ネット:ブラウン|チェアネット:クリームブラウン|アンダーキルト:なし	8980	10490	qty=151	price_mismatch	2026-09-21T10:59:14Z	campkit-20260921-24	hammock-004-bkbr-crbr-1/ブラック/ブラウン/クリームブラウン/なし
camp-hammock	5	osoto-long	0	200	OSOTO ゆらふわモック ロングタイプ 自立式ハンモック 高身長対応 折りたたみ スタンド	【送料無料】自立式ハンモック ゆらふわモック ロングタイプ 室内 アウトドア 折りたたみ 高身長 男性 カラフル キャンプ ベランダ セール sale ポータブル 人気 コンパクト レジャー 屋外 ギフト スタンド フレーム ベッド	-	シェアスタイル	＜スタンドカラー＞:3|＜ネットカラー＞:4	＜スタンドカラー＞:スタンドカラー/ホワイト|＜ネットカラー＞:ネットカラー/レインボー	9720	10300	soldout(others:9)	price_mismatch	2026-09-21T10:59:14Z	campkit-20260921-24	15539/スタンドカラー/ホワイト/ネットカラー/レインボー
camp-headlight-beginner	1	headlight-sc200b-32g	0	200	【圧倒的な高評価レビュー1400件超】【 最軽量32g 】 ヘッドライト　LED 防水 登山 釣り キャンプ 登山用 アウトドア用 防災 災害対策 LEDヘッドライト ヘッドランプ LEDヘッドランプ LEDライト 乾電池式 SC-200B	【圧倒的な高評価レビュー1400件超】【 最軽量32g 】 ヘッドライト LED 防水 登山 釣り キャンプ 登山用 アウトドア用 防災 災害対策 LEDヘッドライト ヘッドランプ LEDヘッドランプ LEDライト 乾電池式 SC-200B	sc200b	N-FORCE			1680	1680	qty=6683	OK	2026-09-21T10:59:14Z	campkit-20260921-24	sc-200b
camp-headlight-beginner	2	headlight-sr01l-sensor	0	200	【圧倒的な高評価レビュー1500件超】ヘッドライト 充電式ヘッドライト センサー点灯 ヘッドランプ LED 釣り 登山 アウトドア用 作業灯 軽量 長時間 SR-01L	【圧倒的な高評価レビュー1500件超】ヘッドライト 充電式ヘッドライト センサー点灯 ヘッドランプ LED 釣り 登山 アウトドア用 作業灯 軽量 長時間 SR-01L	SR-01L	N-FORCE			2880	2880	qty=109	OK	2026-09-21T10:59:14Z	campkit-20260921-24	sq04_d
camp-headlight-beginner	3	headlight-sc300r-400r	0	200	ヘッドライト 充電式 LED 防水 登山 釣り キャンプ 登山用 アウトドア用 防災 災害対策 LEDヘッドライト ヘッドランプ LEDヘッドランプ LEDライト SC-300R SC-400R	超軽量58g ヘッドライト 充電式 LED 防水 登山 釣り キャンプ 登山用 アウトドア用 防災 災害対策 LEDヘッドライト ヘッドランプ LEDヘッドランプ LEDライト SC-300R	sc-300r	N-FORCE			1480	1480	qty=8751	model_mismatch	2026-09-21T10:59:14Z	campkit-20260921-24	sc-300r
camp-headlight-beginner	4	headlight-6200lm	0	200	【楽天1位・コスパ最強】 ヘッドライト 6200ルーメン 最新型 高輝度 充電式 LED ヘッドランプ 軽量 防水 防塵 停電対策 登山 釣り キャンプ アウトドア用 ランニング 夜間 明るい コンパクト 長時間点灯 地震 地震対策 防災 災害対策 LEDヘッド	ヘッドライト 6200ルーメン 最新型 高輝度 充電式 LED ヘッドランプ 軽量 防水 防塵 停電対策 登山 釣り キャンプ アウトドア用 ランニング 夜間 明るい コンパクト 長時間点灯 地震 地震対策 防災 災害対策 LEDヘッド	YJ-T105	LOESOKO			2799	2799	qty=50	store_copy	2026-09-21T10:59:14Z	campkit-20260921-24	YJ-T105
camp-headlight-beginner	5	ladweather-headlight-42g	0	200	ヘッドライト 充電式 超軽量42g センサー搭載のLEDヘッドライト IP44 防塵・防水 LED ライト USB充電 小型 強力 高輝度 防災 災害 グッズ キャンプ アウトドア 登山 アウトドア用品 キャンプ用品 釣り 作業用 散歩 林業 農業 LAD WEATHER ラドウェザー	ヘッドライト 充電式 超軽量42g センサー搭載のLEDヘッドライト IP44 防塵・防水 LED ライト USB充電 小型 強力 高輝度 防災 災害 グッズ キャンプ アウトドア 登山 アウトドア用品 キャンプ用品 釣り 作業用 散歩 林業 農業 LAD WEATHER ラドウェザー	ledmaster013	ラドウェザー / LAD WEATHER / LAD WEATHER（ラドウェザー）	在庫:1|カラー:4	在庫:カラー|カラー:01.ブラック	1480	1480	qty=1048	color_unspecified	2026-09-21T10:59:14Z	campkit-20260921-24	117041/カラー/01.ブラック
camp-hot-carpet	1	yamazen-sut-102	0	200	山善 ホットカーペット SUT-102 1畳 170×85cm 本体	【15%OFFクーポン 9/24 09:59まで】ホットカーペット 1畳 1.5畳 2畳 3畳 空気をキレイにする ホットカーペット本体 ほっとカーペット SUT-102/SUT-152/SUT-202/SUT-302 節電 省エネ 電気カーペット 山善 YAMAZEN 【送料無料】	SUT-102	山善 YAMAZEN	畳数:4	畳数:1畳	6980	7980	qty=102	price_mismatch	2026-09-21T10:59:14Z	campkit-20260921-24	T0M59/1畳
camp-hot-carpet	2	yamazen-yzd-101fl	0	200	山善 ホットカーペット フローリング調 YZD-101FL 1畳 170×85cm 本体	【10%OFFクーポン 9/28 23:59迄】ホットカーペット フローリング調 1畳 1.5畳 2畳 3畳 ホットカーペット本体 電気カーペット YZD-101FL YZD-151FL YZD-201FL YZD-301FL 節電 床暖房カーペット 一畳 山善 YAMAZEN 【送料無料】	YZD-101FL(LBR)	山善 / YAMAZEN	畳数:4|カラー:2	畳数:1畳|カラー:ライトブラウン	12800	12800	qty=99	color_unspecified	2026-09-21T10:59:14Z	campkit-20260921-24	XAAUT/1畳/ライトブラウン
camp-hot-carpet	3	watanabe-whc-105	0	200	ワタナベ工業 電気カーペット WHC-105 1畳 88×176cm 本体 日本製	日本製 ホットカーペット 1畳 本体 88x176cm 【 電気カーペット ホットカーペット １畳用 本体 】[01thc]	WHC-105	ワタナベ工業			5480	5980	soldout	price_mismatch	2026-09-21T10:59:14Z	campkit-20260921-24	LF073B01b000J944708HLHC-102
