slug	タイトル	カテゴリ	記事タイプ	公開日	楽天リンク数	Amazonリンク数	clicks	impressions	ctr	position
air-frame-tent	エアーテント（エアフレームテント）おすすめ5選【2026年版】	tent	購入型	2026-09-15	4	5	0	3	0.00	6.3
alcohol-stove	アルコールストーブおすすめ5選｜ソロ登山の軽量調理に【2026年版】	cookware	購入型	2026-08-14	5	3	0	10	0.00	8.1
anker-power	Ankerのポータブル電源おすすめ5選【2026年版】容量別に比較	power	購入型	2026-06-15	10	5	1	87	1.15	14.2
attack-pack	アタックザックおすすめ5選【2026年版】20L前後のサブザック比較	backpack	購入型	2026-09-03	10	1	0	25	0.00	8.8
autumn-hiking-rental	紅葉登山（日帰り）の道具レンタル完全ガイド【2026年版】	backpack	問題解決/その他	2026-09-17	0	0	0	0		
backpack-large	キャンプ用大容量リュックおすすめ5選【2026年版】60L前後で選ぶ	backpack	購入型	2026-06-02	10	2	2	12	16.67	8.8
backpack-rain-cover	ザックカバー・レインカバーおすすめ5選【2026年版】	backpack	購入型	2026-09-10	5	0	0	46	0.00	8.2
barebones-light	ベアボーンズのランタンおすすめ4選【2026年版】タイプ別に比較	lighting	購入型	2026-06-15	8	4	1	12	8.33	5.6
bluetti-power	BLUETTIのポータブル電源おすすめ5選【2026年版】容量別に比較	power	購入型	2026-06-15	10	4	1	199	0.50	11.0
bonfire-furusato	焚き火台をふるさと納税でお得に入手｜返礼品の選び方【2026年版】	bonfire	ハウツー	2026-08-06	1	0	0	6	0.00	7.8
bonfire-sheet	焚き火シートおすすめ5選【2026年版】地面を守る防火シート	bonfire	購入型	2026-06-08	10	4	1	19	5.26	7.6
bonfire-stand-beginner	焚き火台初心者おすすめ5選【2026年版】選び方も徹底解説	bonfire	購入型	2025-04-21	10	5	0	0		
bonfire-stand-solo	ソロ焚き火台おすすめ5選【2026年版】コンパクト・軽量で選ぶ	bonfire	購入型	2026-06-02	10	4	0	0		
bonfire-tripod	焚き火トライポッドおすすめ5選｜吊り下げ調理用三脚の選び方【2026年版】	bonfire	購入型	2026-08-17	5	2	0	6	0.00	8.7
camp-activity-booking	キャンプ場周辺のアクティビティ予約ガイド【2026年版】	tent	問題解決/その他	2026-09-11	0	0	0	1	0.00	8.0
camp-activity-booking-flow	キャンプ場アクティビティの予約方法とキャンセル料はいつから【2026年版】	tent	ハウツー	2026-09-16	0	0	0	1	0.00	1.0
camp-air-pump	電動エアポンプおすすめ5選【2026年版】キャンプの空気入れ	power	購入型	2026-08-25	5	1	1	18	5.56	10.4
camp-backpack-beginner	キャンプ用バックパックおすすめ5選【2026年版】容量・背負いやすさで比較	backpack	購入型	2026-04-14	5	4	0	161	0.00	18.3
camp-backpack-capacity-guide	リュックの容量目安｜1泊は30〜50L・10〜80Lで何が入る？【2026年版】	backpack	ハウツー	2026-05-25	3	3	92	3724	2.47	8.5
camp-bbq-grill	キャンプ用BBQグリルおすすめ5選【2026年版】人数別の選び方を解説	bonfire	購入型	2026-04-25	5	3	1	13	7.69	6.8
camp-blanket	キャンプ用ブランケットおすすめ5選【2026年版】難燃・ダウンで選ぶ	sleeping-bag	購入型	2026-08-27	5	3	1	11	9.09	7.4
camp-burner-beginner	キャンプ用バーナーおすすめ5選【2026年版】初心者でも使いやすい	cookware	購入型	2026-04-08	5	5	0	0		
camp-chair-highback	アウトドアハイバックチェアおすすめ5選【2026年版】くつろぎ重視で選ぶ	chair-table	購入型	2026-06-02	10	5	1	30	3.33	8.0
camp-chair-lightweight	軽量キャンプチェアおすすめ5選【2026年版】ソロ向け折りたたみを比較	chair-table	購入型	2024-06-05	5	5	0	0		
camp-coffee-dripper	キャンプ用コーヒードリッパーおすすめ5選【2026年版】携帯性で選ぶ	cookware	購入型	2026-07-29	5	2	0	4	0.00	9.0
camp-cooker-beginner	キャンプ用クッカー初心者おすすめ5選【2026年版】選び方も解説	cookware	購入型	2024-06-10	5	5	0	23	0.00	21.0
camp-cooler-box-beginner	キャンプ用クーラーボックス5選【2026年版】保冷力・容量で比較	cookware	購入型	2026-04-22	5	5	0	0		
camp-cooler-box-overall	キャンプ用クーラーボックスおすすめ5選【2026年版】保冷力で選ぶ	cookware	購入型	2026-04-27	5	4	0	8	0.00	8.0
camp-cooler-soft	ソフトクーラーボックスおすすめ5選【2026年版】軽量・保冷力で選ぶ	cookware	購入型	2026-06-02	10	2	4	68	5.88	8.1
camp-cutlery	キャンプ用カトラリーおすすめ5選｜セット・単品の選び方【2026年版】	cookware	購入型	2026-08-14	5	2	0	13	0.00	10.7
camp-dust-stand	キャンプ用ゴミ箱おすすめ5選【2026年版】ダストスタンド比較	chair-table	購入型	2026-08-20	5	2	7	76	9.21	8.5
camp-electric-grill	キャンプ用電気グリル・ホットプレートおすすめ5選【2026年版】	power	購入型	2026-09-17	5	4	0	0		
camp-electric-heater	キャンプ用電気ヒーターおすすめ5選【2026年版】ポータブル電源で使える小型暖房	power	購入型	2026-09-02	10	2	1	17	5.88	11.7
camp-fan-summer	夏キャンプの暑さ対策【2026年版】充電式扇風機の選び方とおすすめ	power	購入型	2026-06-02	5	1	0	21	0.00	8.1
camp-furusato	キャンプ用品はふるさと納税でどこまで揃う？返礼品の狙い方【2026年版】	cookware	問題解決/その他	2026-08-12	1	0	1	4	25.00	9.5
camp-gear-initial-cost	キャンプ用品一式の初期費用はいくら【2026年版】予算帯別の内訳	tent	問題解決/その他	2026-09-01	0	0	0	16	0.00	20.8
camp-gear-rental	キャンプ用品レンタルはあり？買う前に試す・手ぶらで始める完全ガイド【2026年版】	tent	問題解決/その他	2026-07-29	0	0	0	11	0.00	17.5
camp-gear-sale-timing	キャンプ用品の買い時はいつ？セール時期カレンダー【2026年版】	tent	問題解決/その他	2026-08-20	0	0	7	162	4.32	6.3
camp-gear-where-to-buy	キャンプ用品はどこで買う？店舗とECの使い分け完全ガイド【2026年版】	tent	問題解決/その他	2026-08-17	0	0	0	56	0.00	9.2
camp-gift	キャンプ好きへのプレゼント｜予算別で外さない定番ギフト【2026年版】	tent	問題解決/その他	2026-09-08	7	6	0	5	0.00	6.2
camp-grill-plate	キャンプ用グリルプレートおすすめ5選【2026年版】焚き火の相棒	bonfire	購入型	2026-05-26	5	4	0	2	0.00	4.5
camp-hammock	自立式ハンモックおすすめ5選【2026年版】スタンド付きで手軽に	chair-table	購入型	2026-06-02	10	3	0	1	0.00	9.0
camp-headlight-beginner	キャンプ用ヘッドライト5選【2026年版】明るさ・防水で比較	lighting	購入型	2026-04-26	5	3	0	0		
camp-hot-carpet	キャンプ用ホットカーペットおすすめ5選【2026年版】消費電力で選ぶ	power	購入型	2026-08-31	5	3	0	13	0.00	7.2
camp-kettle-recommend	アウトドアケトルおすすめ5選【2026年版】直火対応・容量・素材で選ぶ	cookware	購入型	2026-06-02	10	5	7	94	7.45	8.6
camp-knife-beginner	キャンプ用ナイフおすすめ5選【2026年版】初心者でも安心の選び方	cookware	購入型	2026-04-20	5	5	1	46	2.17	13.8
camp-lantern-led	キャンプ用LEDランタン5選【2026年版】明るさ・防水で比較	lighting	購入型	2024-06-15	5	5	0	3	0.00	4.7
camp-lighting-guide	キャンプ照明おすすめ5選【2026年版】光量・使い勝手で比較	lighting	購入型	2026-04-23	5	4	1	9	11.11	11.9
camp-nata	キャンプ用鉈（ナタ）おすすめ5選｜薪割りの選び方【2026年版】	bonfire	購入型	2026-08-18	5	5	1	10	10.00	5.8
camp-oil-stove	キャンプ向け石油ストーブのおすすめ5選【2026年版】	bonfire	購入型	2026-08-03	5	3	0	4	0.00	5.8
camp-pillow	キャンプ枕おすすめ5選【2026年版】携帯性・寝心地で選ぶ	sleeping-bag	購入型	2026-06-02	10	2	3	23	13.04	9.0
camp-portable-power-beginner	キャンプ用ポータブル電源5選【2026年版】容量・出力で比較	power	購入型	2026-04-23	5	2	0	1	0.00	50.0
camp-rainwear	キャンプ用レインウェアおすすめ5選【2026年版】梅雨〜夏に活躍する防水ジャケット	clothing	購入型	2026-06-01	5	1	6	246	2.44	8.5
camp-rainy-day-plan	雨予報でキャンプは中止すべき？子連れの雨天プランBの立て方【2026年版】	tent	ハウツー	2026-09-02	0	0	2	24	8.33	7.0
camp-rental-flow	キャンプ用品レンタルの流れ【2026年版】申込から返却まで何日前？	tent	ハウツー	2026-08-27	0	0	1	7	14.29	8.9
camp-rental-hygiene	キャンプ用品レンタルは清潔？寝袋・テントの衛生事情【2026年版】	sleeping-bag	問題解決/その他	2026-09-09	0	0	5	27	18.52	4.2
camp-rental-price	キャンプ用品レンタルの料金相場｜一式いくらか総額で試算【2026年版】	tent	問題解決/その他	2026-08-18	0	0	0	50	0.00	6.6
camp-rental-trouble	キャンプ用品レンタルで破損・汚れ・延滞したらどうなる？【2026年版】	tent	問題解決/その他	2026-08-24	0	0	1	7	14.29	5.4
camp-rice-cooker	キャンプ用炊飯器・スチームクッカーおすすめ5選【2026年版】	cookware	購入型	2026-09-17	5	4	0	0		
camp-skillet	スキレットおすすめ5選【2026年版】キャンプ料理が映える鉄フライパン	cookware	購入型	2026-06-08	10	5	3	57	5.26	8.5
camp-sleeping-mat	キャンプ用マットおすすめ5選【2026年版】快眠を実現する選び方	sleeping-bag	購入型	2026-03-25	5	4	0	1	0.00	30.0
camp-smoker	燻製器おすすめ5選｜キャンプで手軽に自家製スモーク【2026年版】	cookware	購入型	2026-08-14	5	4	1	18	5.56	11.9
camp-table-folding	キャンプ用折りたたみテーブル5選【2026年版】サイズ・重量で比較	chair-table	購入型	2024-06-20	5	4	1	110	0.91	9.1
camp-table-set	アウトドアテーブルセットおすすめ5選【2026年版】椅子付きで人数別	chair-table	購入型	2026-06-02	5	5	12	443	2.71	10.8
camp-tarp-beginner	タープおすすめ人気ランキング5選【2026年版】初心者向けの選び方も解説	tent	購入型	2026-04-24	5	5	0	4	0.00	5.8
camp-windscreen	焚き火の風防・陣幕おすすめ5選【2026年版】リフレクターと使い分け	bonfire	購入型	2026-08-10	5	2	0	29	0.00	7.8
captain-stag-bonfire	キャプテンスタッグの焚き火台おすすめ5選【2026年版】	bonfire	購入型	2026-08-24	5	5	0	8	0.00	8.6
captain-stag-chair	キャプテンスタッグのチェアおすすめ5選【2026年版】タイプ別に比較	chair-table	購入型	2026-06-15	10	5	1	8	12.50	3.1
captain-stag-table	キャプテンスタッグのテーブルおすすめ5選【2026年版】タイプ別に比較	chair-table	購入型	2026-06-08	10	5	4	33	12.12	6.1
car-camp-bed-kit	車中泊ベッドキット3選｜狭い車も快適に寝られる【2026年版】	sleeping-bag	購入型	2026-04-29	3	1	1	10	10.00	7.6
car-camp-lighting	車中泊向け照明おすすめ5選【2026年版】明るさ・電源で選ぶ	lighting	購入型	2026-05-26	5	2	11	231	4.76	8.4
car-camp-mat	車中泊マットのおすすめ5選【2026年版】厚みとR値で選ぶ	sleeping-bag	購入型	2026-09-09	5	2	0	26	0.00	8.7
car-shade	車中泊サンシェード5選【2026年版】目隠しと断熱で選ぶ汎用品	tent	購入型	2026-08-14	5	2	3	37	8.11	10.9
car-side-tarp	カーサイドタープおすすめ5選【2026年版】設営方式・車種別で選ぶ	tent	購入型	2026-06-02	10	5	8	194	4.12	9.6
cassette-gas-heater	カセットガスストーブおすすめ5選【2026年版】CB缶で手軽に暖房	bonfire	購入型	2026-08-10	5	5	0	0		
chair-table-furusato	ふるさと納税でアウトドアチェア・テーブルを賢く手に入れる完全ガイド【2026年版】	chair-table	問題解決/その他	2026-08-03	1	0	0	4	0.00	6.8
charcoal-starter	火起こし器（チャコールスターター）おすすめ5選【2026年版】	bonfire	購入型	2026-08-06	5	10	1	22	4.55	6.6
closed-cell-mat	クローズドセルマットおすすめ5選【2026年版】パンクしない安心感	sleeping-bag	購入型	2026-09-04	5	4	5	191	2.62	9.8
co-checker	一酸化炭素チェッカーおすすめ5選【2026年版】冬キャンプの必需品	bonfire	購入型	2026-08-10	5	1	0	4	0.00	19.5
coleman-bonfire	コールマンの焚き火台おすすめ4選【2026年版】ソロ・セット別に比較	bonfire	購入型	2026-06-15	8	2	0	14	0.00	7.4
coleman-chair	コールマンのチェアおすすめ5選【2026年版】インフィニティチェアも比較	chair-table	購入型	2026-06-15	10	3	28	1374	2.04	7.3
coleman-lantern	コールマンのランタンおすすめ5選【2026年版】明るさ別に比較	lighting	購入型	2026-06-15	10	5	1	25	4.00	8.0
coleman-sleeping-bag	コールマンの寝袋おすすめ5選｜モデル別の選び方【2026年版】	sleeping-bag	購入型	2026-08-18	5	3	0	31	0.00	8.1
coleman-tent	コールマンのテントおすすめ4選【2026年版】タイプ別に比較	tent	購入型	2026-06-08	8	4	2	38	5.26	6.9
coleman-two-burner	コールマンのツーバーナーおすすめ5選【2026年版】定番を比較	cookware	購入型	2026-06-01	5	2	0	0		
compact-portable-power	小型ポータブル電源おすすめ5選【2026年版】軽量・ソロ向けを比較	power	購入型	2026-07-28	5	4	0	4	0.00	4.3
cookware-furusato	キャンプ調理器具をふるさと納税で【2026年版】燕三条の返礼品	cookware	問題解決/その他	2026-08-26	1	0	0	1	0.00	6.0
cooler-box-day-camp	クーラーボックスおすすめ5選｜デイキャンプ最適選【2026年版】	cookware	購入型	2026-05-26	5	4	0	0		
cooler-furusato	クーラーボックスをふるさと納税で入手｜高保冷モデルの選び方【2026年版】	cookware	ハウツー	2026-07-31	1	0	0	4	0.00	7.0
cooler-ice-pack	保冷剤おすすめ5選【2026年版】キャンプの保冷力を底上げする強力タイプ	cookware	購入型	2026-07-27	5	1	1	13	7.69	9.2
cooler-stand	クーラーボックススタンドのおすすめ5選【2026年版】	chair-table	購入型	2026-09-11	5	4	0	0		
day-camp-cooler-box	デイキャンプ向けクーラーボックス5選【2026年版】保冷力と持ち運びで選ぶ	cookware	購入型	2026-04-25	5	3	0	32	0.00	5.9
day-camp-grill	デイキャンプ向けBBQグリル5選【2026年版】コンパクト・初心者向けを比較	bonfire	購入型	2026-04-27	5	1	0	0		
day-camp-led-lantern	デイキャンプのLEDランタン5選【2026年版】明るさ別に比較	lighting	購入型	2026-04-27	5	2	0	0		
day-camp-starter-set	デイキャンプ初心者セット5選【2026年版】最小限で始める完全ガイド	tent	購入型	2026-04-27	5	3	1	24	4.17	7.0
day-camp-tarp-cheap	デイキャンプ向け安いタープ5選【2026年版】高機能で低価格を厳選	tent	購入型	2026-04-27	5	2	1	29	3.45	8.6
day-camp-tent	デイキャンプテントおすすめ4選【2026年版】日帰り向けの選び方	tent	購入型	2026-05-26	4	1	4	107	3.74	11.7
deuter-backpack	ドイターのリュックおすすめ5選【2026年版】容量・用途で比較	backpack	購入型	2026-06-15	10	1	19	222	8.56	7.9
disaster-camp-gear	防災に使えるキャンプ用品｜兼用ギアの選び方【2026年版】	power	ハウツー	2026-08-25	0	0	0	14	0.00	17.1
disaster-portable-power	防災用ポータブル電源おすすめ5選【2026年版】停電の容量目安	power	購入型	2026-08-19	5	3	1	6	16.67	6.7
disaster-radio	防災ラジオおすすめ5選【2026年版】手回し・ソーラー充電で比較	power	購入型	2026-08-28	5	3	0	18	0.00	6.6
dod-chair	DODのチェアおすすめ2選【2026年版】座り心地で比較	chair-table	購入型	2026-06-08	4	2	3	24	12.50	4.4
dod-table	DODのテーブルおすすめ4選【2026年版】タイプ別に比較	chair-table	購入型	2026-06-15	8	2	1	10	10.00	8.6
dod-tarp	DODのタープおすすめ3選【2026年版】形状・素材で比較	tent	購入型	2026-06-08	7	4	1	28	3.57	4.8
dod-tent	DODテントおすすめ5選【2026年版】ワンタッチ/ワンポール/エイ/ヤドカリの選び方	tent	購入型	2026-06-02	10	4	0	1	0.00	10.0
duo-tent	2人用テントおすすめ5選｜デュオ・ソロキャンプの設営しやすい定番【2026年版】	tent	購入型	2026-08-11	5	5	4	186	2.15	21.3
dutch-oven	ダッチオーブンおすすめ5選【2026年版】キャンプ料理が本格的に	cookware	購入型	2026-06-08	10	5	1	12	8.33	5.5
ecoflow-power	EcoFlowのポータブル電源おすすめ5選【2026年版】容量別に比較	power	購入型	2026-06-08	10	5	0	25	0.00	13.6
electric-blanket-camp	アウトドア用電気毛布おすすめ5選【2026年版】冬キャンプ・車中泊で暖かい	power	購入型	2026-06-08	10	2	0	3	0.00	21.0
family-camp-bbq	ファミリーキャンプ向けBBQ道具おすすめ5選【2026年版】家族で楽しむ夏BBQ	bonfire	購入型	2026-05-26	5	1	3	35	8.57	7.4
family-camp-chair	ファミリーキャンプ向け椅子おすすめ5選【2026年版】家族みんな快適に	chair-table	購入型	2026-04-28	5	1	5	51	9.80	6.1
family-camp-cot	ファミリー向けキャンプコットおすすめ5選【2026年版】家族で快適に眠る	chair-table	購入型	2026-06-08	10	2	13	43	30.23	4.7
family-camp-lantern	ファミリーキャンプ向けランタン5選【2026年版】明るさ別に比較	lighting	購入型	2026-04-24	5	5	4	23	17.39	9.0
family-camp-mat	ファミリーキャンプ用マットおすすめ5選【2026年版】寝心地で選ぶ	sleeping-bag	購入型	2026-05-26	5	5	3	45	6.67	8.9
family-camp-summer-tent	夏テントおすすめ5選【2026年版】真夏でも涼しいファミリーテントを比較	tent	購入型	2026-04-23	5	3	54	3816	1.42	9.9
family-camp-tent	ファミリーキャンプ向けテント5選【2026年版】4-10人用おすすめモデル	tent	購入型	2026-04-28	5	3	0	0		
family-gear-rental	ファミリーキャンプの道具はレンタルが正解？家族向け活用ガイド【2026年版】	tent	問題解決/その他	2026-08-05	0	0	1	12	8.33	7.8
family-summer-large-tent	夏のファミリー向け大型テント5選【2026年版】4〜10人用で選ぶ	tent	購入型	2026-04-25	5	2	2	19	10.53	7.4
field-rack	フィールドラックのおすすめ5選【2026年版】	chair-table	購入型	2026-08-05	5	2	2	17	11.76	8.4
fieldoor-tent	FIELDOORのテントおすすめ5選【2026年版】タイプ別に比較	tent	購入型	2026-06-08	10	5	54	1257	4.30	5.9
fire-blower	火吹き棒のおすすめ5選【2026年版】焚き火の火力を自在に操る一本	bonfire	購入型	2026-08-04	5	1	0	19	0.00	8.8
fire-extinguish-pot	火消し壺・火消し袋のおすすめ5選【2026年版】焚き火の後始末と安全に	bonfire	購入型	2026-08-04	5	4	1	52	1.92	8.4
fire-tongs	火ばさみおすすめ5選【2026年版】焚き火が快適になるトング	bonfire	購入型	2026-06-08	10	4	2	29	6.90	9.7
fireproof-chair	焚き火に強い難燃チェアおすすめ5選【2026年版】TC・コットン比較	chair-table	購入型	2026-08-31	5	5	0	2	0.00	8.5
fireproof-gloves	焚き火グローブおすすめ5選【2026年版】火傷を防ぐ耐熱グローブの選び方	bonfire	購入型	2026-07-27	5	1	1	26	3.85	9.4
folding-cutting-board	折りたたみまな板おすすめ5選【2026年版】キャンプ向けの選び方	cookware	購入型	2026-08-14	5	4	1	7	14.29	5.3
forged-peg	鍛造ペグおすすめ5選【2026年版】長さ・本数の選び方も解説	tent	購入型	2026-06-02	10	2	6	156	3.85	10.8
fuji-climb-rental-vs-buy	富士登山の装備はレンタルと購入どちらが得か【2026年版】	backpack	比較	2026-09-10	0	0	0	4	0.00	5.8
furusato-camp-guide	ふるさと納税でキャンプ用品｜いつ・限度額・申込の完全ガイド【2026年版】	tent	問題解決/その他	2026-08-04	1	0	0	0		
furusato-camp-ticket	ふるさと納税でキャンプ場・グランピング利用券【2026年版】	tent	問題解決/その他	2026-09-08	1	0	1	38	2.63	11.3
furusato-shipping-timing	ふるさと納税キャンプ返礼品はいつ届く？【2026年版】発送時期と在庫の不安解消	tent	問題解決/その他	2026-09-14	1	0	1	5	20.00	19.2
furusato-year-end	ふるさと納税の年末駆け込み｜12/31とワンストップ特例の締切【2026年版】	tent	問題解決/その他	2026-09-07	1	0	0	48	0.00	31.8
gas-lantern	ガスランタンおすすめ5選【2026年版】明るさと雰囲気で選ぶ	lighting	購入型	2026-08-13	5	2	0	4	0.00	5.8
gear-storage-box	キャンプ用収納ボックス（トランクカーゴ）おすすめ5選【2026年版】	chair-table	購入型	2026-08-06	10	3	0	28	0.00	8.1
gentos-light	ジェントスのランタンおすすめ5選【2026年版】光量・調光で比較	lighting	購入型	2026-06-15	10	5	1	7	14.29	5.3
gregory-backpack	グレゴリーのリュックおすすめ5選【2026年版】容量・用途で比較	backpack	購入型	2026-06-15	10	4	22	429	5.13	8.5
ground-sheet	グランドシートのおすすめ5選【2026年版】テント底面の保護と結露対策に	tent	購入型	2026-07-31	5	5	2	20	10.00	7.8
group-camp-rental	グループキャンプの道具レンタル完全ガイド【2026年版】幹事向け	tent	問題解決/その他	2026-09-15	0	0	0	2	0.00	5.0
group-camp-table	グループキャンプ向けテーブル5選【2026年版】大人数対応で選ぶ	chair-table	購入型	2026-04-23	5	3	0	5	0.00	6.2
group-camp-tent	グループキャンプ向けテント5選｜大人数対応で失敗しない選び方【2026年版】	tent	購入型	2026-04-29	5	3	11	156	7.05	8.0
guy-rope-recommend	ガイロープおすすめ5選｜自在金具付きテントロープの選び方【2026年版】	tent	購入型	2026-08-17	5	2	3	25	12.00	6.9
hand-axe	キャンプ用手斧おすすめ5選【2026年版】薪割りが快適になる選び方	bonfire	購入型	2026-07-27	5	3	1	11	9.09	8.5
hanging-rack	ハンギングラックおすすめ5選【2026年版】ランタン＆小物整理に	chair-table	購入型	2026-08-19	5	2	0	5	0.00	3.6
headlight-rechargeable	充電式ヘッドライトおすすめ5選【2026年版】明るさ・連続点灯で選ぶ	lighting	購入型	2026-06-02	10	3	0	14	0.00	6.5
helinox-chair	ヘリノックスのチェアおすすめ4選【2026年版】用途別に比較	chair-table	購入型	2026-06-15	8	4	5	89	5.62	9.2
hexa-tarp	ヘキサタープおすすめ5選【2026年版】六角形の張り方・サイズの選び方も解説	tent	購入型	2026-06-02	10	1	4	59	6.78	8.2
hot-sandwich-maker	ホットサンドメーカーおすすめ5選【2026年版】直火・IH対応で選ぶ	cookware	購入型	2026-06-02	10	3	5	43	11.63	8.6
hot-water-bottle	キャンプ用湯たんぽのおすすめ5選【2026年版】	sleeping-bag	購入型	2026-08-05	5	2	2	66	3.03	25.1
infinity-chair	インフィニティチェアおすすめ5選【2026年版】無重力チェアを比較	chair-table	購入型	2026-07-28	5	3	0	5	0.00	7.6
inflatable-mat	インフレーターマットおすすめ5選【2026年版】厚さ・寝心地で選ぶ	sleeping-bag	購入型	2026-06-02	10	2	48	1328	3.61	11.4
inner-tent-kangaroo	カンガルースタイル用インナーテントおすすめ5選【2026年版】	tent	購入型	2026-09-09	5	5	1	60	1.67	13.3
insulated-tumbler	保冷缶ホルダー・真空断熱タンブラーおすすめ5選【2026年版】	cookware	購入型	2026-09-10	5	4	2	19	10.53	5.9
isuka-sleeping-bag	イスカの寝袋おすすめ5選【2026年版】用途別に比較	sleeping-bag	購入型	2026-09-16	5	5	1	1	100.00	13.0
iwatani-stove	イワタニのバーナーおすすめ3選【2026年版】用途別に使い分け	cookware	購入型	2026-06-15	6	3	8	100	8.00	7.1
jackery-power-station	Jackeryのポータブル電源おすすめ5選【2026年版】容量比較	power	購入型	2026-06-08	10	5	3	92	3.26	10.1
karrimor-backpack	カリマーのリュックおすすめ4選【2026年版】容量・用途で比較	backpack	購入型	2026-06-15	8	4	34	553	6.15	7.2
kids-sleeping-bag	子供用寝袋おすすめ5選【2026】キッズシュラフの年齢別選び方	sleeping-bag	購入型	2026-04-28	5	1	32	1822	1.76	23.4
lantern-furusato	ランタンをふるさと納税で選ぶ【2026年版】照明返礼品の狙い方	lighting	問題解決/その他	2026-08-24	1	0	0	6	0.00	9.3
lantern-stand	ランタンスタンドおすすめ5選【2026年版】卓上・自立式の選び方も解説	lighting	購入型	2026-06-02	10	1	0	21	0.00	7.5
large-tarp-recommend	大型タープテントおすすめ5選【2026年版】ワンタッチ自立式で選ぶ	tent	購入型	2026-06-02	10	1	2	83	2.41	7.8
large-tent-guide	大型テントの選び方｜失敗しない3つのポイント【2026年版】	tent	ハウツー	2026-05-26	5	5	1	5	20.00	9.0
lightweight-mountain-tent	軽量登山用テント5選｜初心者も失敗しないおすすめ選び方【2026年版】	tent	購入型	2026-04-29	5	5	0	6	0.00	10.3
log-carrier	薪バッグ・ログキャリーおすすめ5選【2026年版】素材で比較	bonfire	購入型	2026-08-07	5	1	0	1	0.00	9.0
logos-bonfire	ロゴスの焚き火台おすすめ3選【2026年版】サイズ・タイプ別に比較	bonfire	購入型	2026-06-08	6	3	9	169	5.33	7.2
logos-sleeping-bag	ロゴスの寝袋おすすめ5選｜丸洗いできるモデルの選び方【2026年版】	sleeping-bag	購入型	2026-09-07	5	4	0	9	0.00	6.3
logos-tent	ロゴスのテントおすすめ5選【2026年版】ソロ〜家族用を比較	tent	購入型	2026-08-24	5	5	1	16	6.25	5.1
low-style-bonfire	ロースタイル焚き火台のおすすめ5選【2026年版】	bonfire	購入型	2026-09-15	5	5	0	2	0.00	3.5
low-style-chair	キャンプ用ローチェアのおすすめ5選【2026年版】	chair-table	購入型	2026-09-11	5	4	0	2	0.00	5.0
low-style-table	ロースタイルテーブルおすすめ5選【2026年版】高さ・素材・天板タイプで選ぶ	chair-table	購入型	2026-06-02	10	2	0	7	0.00	7.6
mestin-recommend	メスティンおすすめ5選【2026年版】炊飯のやり方・選び方も徹底解説	cookware	購入型	2026-06-02	10	3	2	38	5.26	6.9
mobile-battery-camp	キャンプ向けモバイルバッテリー5選【2026年版】大容量で選ぶ	power	購入型	2026-06-02	10	2	3	47	6.38	6.3
montbell-sleeping-bag	モンベルのシュラフおすすめ4選【2026年版】季節別に比較	sleeping-bag	購入型	2026-07-22	3	4	0	4	0.00	5.5
moraknife	モーラナイフおすすめ5選【2026年版】用途別に定番モデルを比較	cookware	購入型	2026-07-29	5	5	0	2	0.00	8.5
mountain-backpack-30l	登山ザック30L｜初心者向けおすすめ5選【2026年版】	backpack	購入型	2026-04-23	5	4	17	383	4.44	13.0
mountain-camp-lantern	登山用ランタンおすすめ｜軽量20〜86gのLEDを重量順で比較【2026年版】	lighting	購入型	2026-05-26	6	6	63	1312	4.80	9.0
mountain-camp-mat	登山キャンプ用マット5選【2026年版】軽量・快眠重視の選び方を解説	sleeping-bag	購入型	2026-04-25	5	3	0	0		
mountain-camp-tent	登山キャンプ用テント5選｜初心者向けおすすめモデル【2026年版】	tent	購入型	2026-04-29	5	1	0	29	0.00	12.1
mountain-tent-cheap	安い登山テントおすすめ5選【2026年版】軽量・コスパで選ぶ	tent	購入型	2026-05-26	5	2	11	138	7.97	8.8
mummy-sleeping-bag	マミー型寝袋おすすめ5選【2026年版】耐寒温度・中綿で選ぶ	sleeping-bag	購入型	2026-06-02	10	1	1	17	5.88	7.5
mysteryranch-backpack	ミステリーランチのリュックおすすめ4選【2026年版】容量比較	backpack	購入型	2026-06-15	8	2	34	632	5.38	8.2
nanga-down-jacket	ナンガのダウンジャケットおすすめ5選【2026年版】オーロラ・HINOC比較	clothing	購入型	2026-09-14	10	2	0	11	0.00	8.1
nanga-sleeping-bag	ナンガ製シュラフおすすめ5選【2026年版】定番ダウン寝袋を季節別に比較	sleeping-bag	購入型	2026-06-01	5	5	3	50	6.00	7.9
naturehike-mat	Naturehikeのマットおすすめ5選【2026年版】R値・厚み・サイズで比較	sleeping-bag	購入型	2026-06-08	10	2	4	27	14.81	6.0
naturehike-sleeping-bag	Naturehikeの寝袋おすすめ5選【2026年版】温度・連結で比較	sleeping-bag	購入型	2026-06-15	10	5	0	26	0.00	7.1
naturehike-tent	Naturehikeテントおすすめ5選【2026年版】価格帯・モデルの選び方を解説	tent	購入型	2026-06-02	10	2	15	234	6.41	6.1
northface-backpack	ノースフェイスのリュックおすすめ5選【2026年版】定番モデル比較	backpack	購入型	2026-07-24	5	3	1	8	12.50	6.9
ogawa-tent	オガワのテントおすすめ5選【2026年版】役割別に徹底比較	tent	購入型	2026-08-26	4	5	6	77	7.79	6.0
oil-lantern	オイルランタンおすすめ5選【2026年版】人気ブランド徹底比較	lighting	購入型	2026-07-27	5	5	0	3	0.00	6.7
one-pole-tent	ワンポールテントおすすめ5選【2026年版】素材・設営で選ぶ	tent	購入型	2026-06-02	10	3	0	40	0.00	8.7
one-touch-tarp	ワンタッチタープのおすすめ5選【2026年版】設営簡単で初心者も安心	tent	購入型	2026-07-24	5	5	0	16	0.00	7.3
one-touch-tent	ワンタッチテントおすすめ5選【2026年版】設営が速い宿泊対応モデル	tent	購入型	2026-09-03	10	2	8	80	10.00	6.8
osprey-backpack	オスプレーのリュックおすすめ4選【2026年版】容量・用途で比較	backpack	購入型	2026-06-15	8	4	158	3860	4.09	8.2
osprey-daily-backpack	オスプレー普段使いリュックおすすめ5選【2026年版】通勤も	backpack	購入型	2026-08-07	5	5	110	1256	8.76	4.8
outdoor-coffee-mill	アウトドアコーヒーミルおすすめ5選｜手挽きで選ぶ携帯モデル【2026年版】	cookware	購入型	2026-08-12	5	3	1	2	50.00	4.5
outdoor-kitchen-table	アウトドアキッチンテーブルおすすめ5選｜ラック一体・ツーバーナー対応【2026年版】	chair-table	購入型	2026-08-12	5	2	0	2	0.00	8.0
outdoor-wagon	アウトドアワゴンのおすすめ5選【2026年版】積載と運搬を楽に	chair-table	購入型	2026-08-03	5	2	0	5	0.00	4.8
peg-hammer	ペグハンマーのおすすめ5選【2026年版】鍛造で設営がラクになる	tent	購入型	2026-07-30	5	2	0	12	0.00	6.1
petzl-headlight	ペツルのヘッドライトおすすめ5選【2026年版】モデル別に比較	lighting	購入型	2026-09-16	5	5	0	5	0.00	9.0
portable-cooler-aircon	ポータブルクーラーのおすすめ5選【2026年版】車中泊・猛暑キャンプの冷房対策	power	購入型	2026-07-31	5	2	0	2	0.00	5.5
portable-electric-kettle	ポータブル電気ケトル5選【2026年版】車中泊の湯沸かし比較	power	購入型	2026-08-14	5	3	6	50	12.00	7.3
portable-fridge	ポータブル冷蔵庫おすすめ5選【2026年版】容量・電源方式で比較	power	購入型	2026-06-02	10	1	8	340	2.35	7.9
portable-power-guide	キャンプのポータブル電源の選び方｜容量目安ガイド【2026年版】	power	ハウツー	2026-07-21	3	3	0	42	0.00	27.6
portable-power-large	大容量ポータブル電源おすすめ5選【2026年版】長時間使える	power	購入型	2026-06-08	10	4	0	21	0.00	8.8
portable-power-vehicle-camp	車中泊向けポータブル電源5選【2026年版】容量別に選ぶ	power	購入型	2026-04-24	5	4	0	3	0.00	18.0
power-furusato	ポータブル電源をふるさと納税で入手｜高額返礼品の選び方【2026年版】	power	ハウツー	2026-07-31	1	0	0	2	0.00	10.0
pup-tent	パップテント（軍幕）おすすめ5選【2026年版】ソロの無骨スタイルで選ぶ	tent	購入型	2026-06-02	10	2	4	29	13.79	6.1
rectangle-sleeping-bag	封筒型寝袋おすすめ5選【2026年版】布団感覚で快適・洗える	sleeping-bag	購入型	2026-06-08	10	1	0	4	0.00	7.5
screen-tarp	スクリーンタープおすすめ5選【2026年版】夏の虫・暑さを防ぐ快適リビング	tent	購入型	2026-07-27	5	1	0	5	0.00	5.0
secondary-combustion-bonfire	二次燃焼焚き火台おすすめ5選【2026年版】煙が少なくよく燃える	bonfire	購入型	2026-06-08	10	4	0	4	0.00	7.8
sierra-cup	シェラカップおすすめ｜定番チタン・3個セットと活用アイテム【2026年版】	cookware	購入型	2026-06-08	10	4	0	8	0.00	12.4
sleeping-bag-cover	シュラフカバーのおすすめ5選【2026年版】結露・濡れ対策	sleeping-bag	購入型	2026-09-01	3	5	0	21	0.00	16.9
sleeping-bag-furusato	寝袋をふるさと納税で｜NANGA返礼品の選び方【2026年版】	sleeping-bag	ハウツー	2026-08-19	1	0	1	22	4.55	5.1
sleeping-bag-liner	インナーシュラフおすすめ5選【2026年版】寝袋の保温力UP	sleeping-bag	購入型	2026-08-13	5	3	1	28	3.57	17.6
sleeping-bag-summer-cospa	夏キャンプの寝袋おすすめ5選【2026年版】コスパ重視で厳選	sleeping-bag	購入型	2025-04-21	10	5	0	5	0.00	8.2
sleeping-bag-temperature-guide	寝袋・シュラフの快適温度と最低使用温度 完全ガイド【2026年版】	sleeping-bag	問題解決/その他	2026-04-23	5	4	9	1554	0.58	22.0
sleeping-bag-winter-beginner	冬キャンプの寝袋おすすめ5選【2026年版】対応温度・保温力で徹底比較	sleeping-bag	購入型	2026-04-25	5	5	0	4	0.00	23.0
snowpeak-bonfire	スノーピークの焚き火台おすすめ5選【2026年版】S/M/L徹底比較	bonfire	購入型	2026-07-23	5	5	0	7	0.00	4.9
snowpeak-lantern	スノーピークのランタンおすすめ5選【2026年版】タイプ別に比較	lighting	購入型	2026-09-16	5	5	0	1	0.00	1.0
snowpeak-tent	スノーピークのテントおすすめ5選【2026年版】タイプ別に比較	tent	購入型	2026-07-22	5	4	0	5	0.00	6.6
solar-lantern	ソーラーランタンおすすめ5選【2026年版】防災とキャンプ兼用	lighting	購入型	2026-08-28	5	2	0	20	0.00	8.3
solar-panel-folding	折りたたみソーラーパネル5選【2026年版】電源を太陽光で充電	power	購入型	2026-06-08	10	3	2	12	16.67	8.7
solar-portable-power	ソーラー付きポータブル電源おすすめ5選【2026年版】蓄電セットで選ぶ	power	購入型	2026-06-01	5	5	0	17	0.00	9.4
solo-camp-beginners-guide	ソロキャンプ初心者完全ガイド【2026年版】必要な道具・費用・始め方	tent	ハウツー	2026-04-01	5	5	0	22	0.00	10.2
solo-camp-cot	ソロキャンプ用コットおすすめ3選【2026年版】3ブランド比較	chair-table	購入型	2026-06-02	3	3	0	0		
solo-gear-rental	ソロキャンプ道具はレンタルで試す【2026年版】買う前の見極め方	tent	問題解決/その他	2026-08-28	0	0	1	6	16.67	6.8
solo-tent-beginner	ソロテント初心者おすすめ5選【2026年版】設営簡単・コスパ重視	tent	購入型	2025-04-21	10	5	0	0		
solo-tent-lightweight	軽量ソロキャンプテント5選【2026年版】重量1.8kg〜で比較	tent	購入型	2026-04-28	5	5	12	1682	0.71	30.0
solo-tent-overall	ソロキャンプテント5選｜初心者から上級者まで使える総合ランキング【2026年版】	tent	購入型	2026-04-29	5	5	0	9	0.00	6.7
soto-burner	SOTOバーナーおすすめ5選【2026年版】ST-310比較・新富士バーナーとの違い	cookware	購入型	2026-06-15	10	5	25	1568	1.59	6.8
soup-jar-camp	スープジャー・保温フードコンテナおすすめ5選【2026年版】	cookware	購入型	2026-09-11	5	2	0	8	0.00	14.9
spice-box	キャンプ用スパイスボックスおすすめ5選【2026年版】	cookware	購入型	2026-08-24	3	5	1	10	10.00	5.9
stove-fan	薪ストーブ・石油ストーブ用ファンおすすめ5選【2026年版】	bonfire	購入型	2026-09-18	5	4	0	0		
stove-guard	ストーブガード・ヒーターガードおすすめ5選【2026年版】	bonfire	購入型	2026-09-17	5	5	0	0		
stylish-camp-tent	おしゃれキャンプ向けテント5選【2026年版】サイト映えする人気モデル	tent	購入型	2026-04-28	5	3	0	45	0.00	10.0
takibi-table	焚き火テーブルのおすすめ5選【2026年版】耐熱天板でサイドが快適	chair-table	購入型	2026-07-23	5	4	0	11	0.00	6.6
tarp-pole	タープポールおすすめ5選【2026年版】太さ・高さ調整・素材で選ぶ	tent	購入型	2026-06-02	10	1	0	50	0.00	8.6
tc-tarp-takibi	焚き火に強いTCタープおすすめ5選【2026年版】ポリコットン比較	tent	購入型	2026-09-01	5	2	2	44	4.55	7.9
tebura-camp	手ぶらキャンプの始め方｜道具ゼロで一泊を体験する完全ガイド【2026年版】	tent	ハウツー	2026-07-31	0	0	1	27	3.70	7.4
tent-furusato	テントをふるさと納税でお得に入手｜返礼品の選び方と注意点【2026年版】	tent	ハウツー	2026-07-31	1	0	0	1	0.00	10.0
tent-size-beginner-guide	テントのサイズ目安｜一人用210×90・二人用210×150cm・人数別早見表【2026年版】	tent	ハウツー	2026-05-25	3	3	17	693	2.45	8.1
tent-waterproof-spray	テント用防水スプレー・撥水剤おすすめ5選【2026年版】選び方と使い方	tent	購入型	2026-09-14	10	3	2	26	7.69	9.8
tent-wood-stove	テント内で使う薪ストーブのおすすめ5選【2026年版】幕内暖房入門	bonfire	購入型	2026-07-30	5	4	0	7	0.00	4.9
thermal-bottle	保温ボトルおすすめ5選｜秋冬キャンプ・登山のホットドリンクに【2026年版】	cookware	購入型	2026-08-11	5	5	0	3	0.00	5.0
titanium-cooker	チタンクッカーのおすすめ5選｜軽量セットの選び方【2026年版】	cookware	購入型	2026-09-07	5	4	0	15	0.00	7.7
titanium-mug	チタンマグおすすめ5選｜直火OKの軽量マグでキャンプの一杯を【2026年版】	cookware	購入型	2026-08-11	5	4	3	38	7.89	6.6
torch-burner	トーチバーナーのおすすめ5選【2026年版】着火・炙りで比較	cookware	購入型	2026-08-07	5	2	12	138	8.70	9.8
trekking-pole	トレッキングポールおすすめ5選【2026年版】登山ストックの選び方	backpack	購入型	2026-08-25	5	2	0	6	0.00	7.5
two-room-tent-guide	ツールームテントおすすめ5選【2026年版】家族・グループに最適	tent	購入型	2026-04-23	5	5	2	87	2.30	13.5
uniflame-burner	ユニフレームのバーナーおすすめ3選【2026年版】口数で比較	cookware	購入型	2026-06-15	6	3	4	61	6.56	9.3
uniflame-fire-grill	ユニフレームのファイアグリルおすすめ5選【2026年版】本体・関連比較	bonfire	購入型	2026-07-27	5	5	0	0		
vastland-tent	VASTLANDのテントおすすめ4選【2026年版】タイプ別に比較	tent	購入型	2026-06-08	9	5	0	3	0.00	4.7
waq-chair	WAQのチェアおすすめ5選【2026年版】タイプ別に比較	chair-table	購入型	2026-06-08	10	2	3	46	6.52	5.5
washable-sleeping-bag	化繊（洗える）寝袋おすすめ5選【2026年版】丸洗いモデル比較	sleeping-bag	購入型	2026-09-15	5	5	1	6	16.67	6.3
water-jug	ウォータージャグおすすめ5選【2026年版】保冷力と容量で選ぶ給水タンク	cookware	購入型	2026-07-27	5	2	1	16	6.25	7.8
waterproof-backpack	防水リュックおすすめ5選【2026年版】雨でも荷物が濡れない	backpack	購入型	2026-06-08	10	1	14	266	5.26	10.1
winter-camp-gloves	キャンプ用防寒グローブおすすめ5選【2026年版】冬も手が冷えない	clothing	購入型	2026-06-08	10	2	0	20	0.00	7.7
winter-camp-guide	冬キャンプ装備完全ガイド｜必要な道具・予算・始め方【2026年版】	tent	ハウツー	2026-09-08	13	10	0	5	0.00	25.6
winter-camp-rental	冬キャンプの防寒装備はレンタルで試す【2026年版】何を借りるべきか	tent	問題解決/その他	2026-08-31	0	0	0	15	0.00	13.0
winter-camp-tent	冬キャンプ用テントおすすめ5選【2026年版】スカート・煙突穴で選ぶ	tent	購入型	2026-08-26	5	4	5	22	22.73	9.0
wooden-tableware	アウトドア木製食器おすすめ5選【2026年版】プレート・ボウル比較	cookware	購入型	2026-08-24	4	5	2	16	12.50	7.9
yamadougu-rental	登山道具レンタルはあり？富士登山・初トレッキングの装備を借りる完全ガイド【2026年版】	tent	問題解決/その他	2026-07-30	0	0	0	22	0.00	8.9
yamadougu-rental-flow	登山道具レンタルの流れ【2026年版】何日前の予約なら間に合う？	backpack	ハウツー	2026-09-04	0	0	1	6	16.67	7.0
yamadougu-rental-price	登山道具レンタルの料金相場｜一式いくらか日数別に試算【2026年版】	backpack	問題解決/その他	2026-09-03	0	0	0	28	0.00	6.6
yamadougu-rental-trouble	登山道具レンタルでサイズ違い・破損したらどうなる？【2026年版】	backpack	問題解決/その他	2026-09-18	0	0	0	0		
