page	clicks	impressions	ctr	position
https://www.camp-kit-guide.com/posts/osprey-backpack	158	1900	8.32	8.1
https://www.camp-kit-guide.com/posts/osprey-daily-backpack	110	609	18.06	5.0
https://www.camp-kit-guide.com/posts/camp-backpack-capacity-guide	92	2696	3.41	8.8
https://www.camp-kit-guide.com/posts/mountain-camp-lantern	63	1107	5.69	8.7
https://www.camp-kit-guide.com/posts/family-camp-summer-tent	54	3034	1.78	10.0
https://www.camp-kit-guide.com/posts/fieldoor-tent	54	1108	4.87	6.2
https://www.camp-kit-guide.com/posts/inflatable-mat	48	1133	4.24	11.8
https://www.camp-kit-guide.com/posts/karrimor-backpack	34	501	6.79	7.3
https://www.camp-kit-guide.com/posts/mysteryranch-backpack	34	438	7.76	8.9
https://www.camp-kit-guide.com/posts/kids-sleeping-bag	32	1577	2.03	25.8
https://www.camp-kit-guide.com/posts/coleman-chair	28	576	4.86	7.4
https://www.camp-kit-guide.com/posts/soto-burner	25	819	3.05	6.8
https://www.camp-kit-guide.com/posts/gregory-backpack	22	429	5.13	8.5
https://www.camp-kit-guide.com/posts/deuter-backpack	19	208	9.13	7.9
https://www.camp-kit-guide.com/posts/mountain-backpack-30l	17	383	4.44	13.0
https://www.camp-kit-guide.com/posts/tent-size-beginner-guide	17	693	2.45	8.1
https://www.camp-kit-guide.com/posts/naturehike-tent	15	227	6.61	6.0
https://www.camp-kit-guide.com/posts/waterproof-backpack	14	266	5.26	10.1
https://www.camp-kit-guide.com/posts/family-camp-cot	13	43	30.23	4.7
https://www.camp-kit-guide.com/posts/camp-table-set	12	429	2.80	10.7
https://www.camp-kit-guide.com/posts/solo-tent-lightweight	12	1682	0.71	30.0
https://www.camp-kit-guide.com/posts/torch-burner	12	138	8.70	9.8
https://www.camp-kit-guide.com/posts/car-camp-lighting	11	231	4.76	8.4
https://www.camp-kit-guide.com/posts/group-camp-tent	11	156	7.05	8.0
https://www.camp-kit-guide.com/posts/mountain-tent-cheap	11	138	7.97	8.8
https://www.camp-kit-guide.com/posts/logos-bonfire	9	169	5.33	7.2
https://www.camp-kit-guide.com/posts/sleeping-bag-temperature-guide	9	1515	0.59	22.3
https://www.camp-kit-guide.com/posts/car-side-tarp	8	194	4.12	9.6
https://www.camp-kit-guide.com/posts/iwatani-stove	8	100	8.00	7.1
https://www.camp-kit-guide.com/posts/one-touch-tent	8	80	10.00	6.8
https://www.camp-kit-guide.com/posts/portable-fridge	8	340	2.35	7.9
https://www.camp-kit-guide.com/posts/camp-dust-stand	7	76	9.21	8.5
https://www.camp-kit-guide.com/posts/camp-gear-sale-timing	7	162	4.32	6.3
https://www.camp-kit-guide.com/posts/camp-kettle-recommend	7	94	7.45	8.6
https://www.camp-kit-guide.com/posts/camp-rainwear	6	204	2.94	8.8
https://www.camp-kit-guide.com/posts/forged-peg	6	149	4.03	10.9
https://www.camp-kit-guide.com/posts/ogawa-tent	6	77	7.79	6.0
https://www.camp-kit-guide.com/posts/portable-electric-kettle	6	50	12.00	7.3
https://www.camp-kit-guide.com/posts/camp-rental-hygiene	5	27	18.52	4.2
https://www.camp-kit-guide.com/posts/closed-cell-mat	5	191	2.62	9.8
https://www.camp-kit-guide.com/posts/family-camp-chair	5	51	9.80	6.1
https://www.camp-kit-guide.com/posts/helinox-chair	5	89	5.62	9.2
https://www.camp-kit-guide.com/posts/hot-sandwich-maker	5	43	11.63	8.6
https://www.camp-kit-guide.com/posts/winter-camp-tent	5	22	22.73	9.0
https://www.camp-kit-guide.com/posts/camp-cooler-soft	4	68	5.88	8.1
https://www.camp-kit-guide.com/posts/captain-stag-table	4	33	12.12	6.1
https://www.camp-kit-guide.com/posts/day-camp-tent	4	107	3.74	11.7
https://www.camp-kit-guide.com/posts/duo-tent	4	186	2.15	21.3
https://www.camp-kit-guide.com/posts/family-camp-lantern	4	23	17.39	9.0
https://www.camp-kit-guide.com/posts/hexa-tarp	4	59	6.78	8.2
https://www.camp-kit-guide.com/posts/naturehike-mat	4	27	14.81	6.0
https://www.camp-kit-guide.com/posts/pup-tent	4	29	13.79	6.1
https://www.camp-kit-guide.com/posts/uniflame-burner	4	61	6.56	9.3
https://www.camp-kit-guide.com/posts/camp-pillow	3	23	13.04	9.0
https://www.camp-kit-guide.com/posts/camp-skillet	3	57	5.26	8.5
https://www.camp-kit-guide.com/posts/car-shade	3	37	8.11	10.9
https://www.camp-kit-guide.com/posts/dod-chair	3	24	12.50	4.4
https://www.camp-kit-guide.com/posts/family-camp-bbq	3	35	8.57	7.4
https://www.camp-kit-guide.com/posts/family-camp-mat	3	45	6.67	8.9
https://www.camp-kit-guide.com/posts/guy-rope-recommend	3	25	12.00	6.9
https://www.camp-kit-guide.com/posts/jackery-power-station	3	92	3.26	10.1
https://www.camp-kit-guide.com/posts/mobile-battery-camp	3	47	6.38	6.3
https://www.camp-kit-guide.com/posts/nanga-sleeping-bag	3	50	6.00	7.9
https://www.camp-kit-guide.com/posts/titanium-mug	3	38	7.89	6.6
https://www.camp-kit-guide.com/posts/waq-chair	3	46	6.52	5.5
https://www.camp-kit-guide.com/posts/backpack-large	2	12	16.67	8.8
https://www.camp-kit-guide.com/posts/camp-rainy-day-plan	2	24	8.33	7.0
https://www.camp-kit-guide.com/posts/camp-sleeping-bag-temperature-guide	2	83	2.41	9.1
https://www.camp-kit-guide.com/posts/coleman-tent	2	38	5.26	6.9
https://www.camp-kit-guide.com/posts/family-summer-large-tent	2	19	10.53	7.4
https://www.camp-kit-guide.com/posts/field-rack	2	17	11.76	8.4
https://www.camp-kit-guide.com/posts/fire-tongs	2	29	6.90	9.7
https://www.camp-kit-guide.com/posts/ground-sheet	2	20	10.00	7.8
https://www.camp-kit-guide.com/posts/hot-water-bottle	2	66	3.03	25.1
https://www.camp-kit-guide.com/posts/insulated-tumbler	2	19	10.53	5.9
https://www.camp-kit-guide.com/posts/large-tarp-recommend	2	83	2.41	7.8
https://www.camp-kit-guide.com/posts/mestin-recommend	2	38	5.26	6.9
https://www.camp-kit-guide.com/posts/solar-panel-folding	2	12	16.67	8.7
https://www.camp-kit-guide.com/posts/tc-tarp-takibi	2	44	4.55	7.9
https://www.camp-kit-guide.com/posts/tent-waterproof-spray	2	26	7.69	9.8
https://www.camp-kit-guide.com/posts/two-room-tent-guide	2	87	2.30	13.5
https://www.camp-kit-guide.com/posts/wooden-tableware	2	16	12.50	7.9
https://www.camp-kit-guide.com/category/bonfire	1	7	14.29	21.6
https://www.camp-kit-guide.com/category/sleeping-bag	1	12	8.33	9.5
https://www.camp-kit-guide.com/posts/anker-power	1	87	1.15	14.2
https://www.camp-kit-guide.com/posts/barebones-light	1	12	8.33	5.6
https://www.camp-kit-guide.com/posts/bluetti-power	1	199	0.50	11.0
https://www.camp-kit-guide.com/posts/bonfire-sheet	1	19	5.26	7.6
https://www.camp-kit-guide.com/posts/camp-air-pump	1	18	5.56	10.4
https://www.camp-kit-guide.com/posts/camp-bbq-grill	1	13	7.69	6.8
https://www.camp-kit-guide.com/posts/camp-blanket	1	11	9.09	7.4
https://www.camp-kit-guide.com/posts/camp-chair-highback	1	30	3.33	8.0
https://www.camp-kit-guide.com/posts/camp-electric-heater	1	17	5.88	11.7
https://www.camp-kit-guide.com/posts/camp-furusato	1	4	25.00	9.5
https://www.camp-kit-guide.com/posts/camp-knife-beginner	1	46	2.17	13.8
https://www.camp-kit-guide.com/posts/camp-lighting-guide	1	9	11.11	11.9
https://www.camp-kit-guide.com/posts/camp-nata	1	10	10.00	5.8
https://www.camp-kit-guide.com/posts/camp-rental-flow	1	7	14.29	8.9
https://www.camp-kit-guide.com/posts/camp-rental-trouble	1	7	14.29	5.4
https://www.camp-kit-guide.com/posts/camp-smoker	1	18	5.56	11.9
https://www.camp-kit-guide.com/posts/camp-table-folding	1	110	0.91	9.1
https://www.camp-kit-guide.com/posts/captain-stag-chair	1	8	12.50	3.1
https://www.camp-kit-guide.com/posts/car-camp-bed-kit	1	10	10.00	7.6
https://www.camp-kit-guide.com/posts/charcoal-starter	1	22	4.55	6.6
https://www.camp-kit-guide.com/posts/coleman-lantern	1	25	4.00	8.0
https://www.camp-kit-guide.com/posts/cooler-ice-pack	1	13	7.69	9.2
https://www.camp-kit-guide.com/posts/day-camp-starter-set	1	24	4.17	7.0
https://www.camp-kit-guide.com/posts/day-camp-tarp-cheap	1	29	3.45	8.6
https://www.camp-kit-guide.com/posts/disaster-portable-power	1	6	16.67	6.7
https://www.camp-kit-guide.com/posts/dod-table	1	10	10.00	8.6
https://www.camp-kit-guide.com/posts/dod-tarp	1	28	3.57	4.8
https://www.camp-kit-guide.com/posts/dutch-oven	1	12	8.33	5.5
https://www.camp-kit-guide.com/posts/family-gear-rental	1	12	8.33	7.8
https://www.camp-kit-guide.com/posts/fire-extinguish-pot	1	52	1.92	8.4
https://www.camp-kit-guide.com/posts/fireproof-gloves	1	26	3.85	9.4
https://www.camp-kit-guide.com/posts/folding-cutting-board	1	7	14.29	5.3
https://www.camp-kit-guide.com/posts/furusato-camp-ticket	1	38	2.63	11.3
https://www.camp-kit-guide.com/posts/furusato-shipping-timing	1	5	20.00	19.2
https://www.camp-kit-guide.com/posts/gentos-light	1	7	14.29	5.3
https://www.camp-kit-guide.com/posts/hand-axe	1	11	9.09	8.5
https://www.camp-kit-guide.com/posts/inner-tent-kangaroo	1	60	1.67	13.3
https://www.camp-kit-guide.com/posts/isuka-sleeping-bag	1	1	100.00	13.0
https://www.camp-kit-guide.com/posts/large-tent-guide	1	5	20.00	9.0
https://www.camp-kit-guide.com/posts/logos-tent	1	16	6.25	5.1
https://www.camp-kit-guide.com/posts/mummy-sleeping-bag	1	17	5.88	7.5
https://www.camp-kit-guide.com/posts/northface-backpack	1	8	12.50	6.9
https://www.camp-kit-guide.com/posts/outdoor-coffee-mill	1	2	50.00	4.5
https://www.camp-kit-guide.com/posts/sleeping-bag-furusato	1	22	4.55	5.1
https://www.camp-kit-guide.com/posts/sleeping-bag-liner	1	28	3.57	17.6
https://www.camp-kit-guide.com/posts/sleeping-bag-season-guide	1	69	1.45	9.8
https://www.camp-kit-guide.com/posts/sleeping-bag-temp-guide	1	44	2.27	8.3
https://www.camp-kit-guide.com/posts/solo-gear-rental	1	6	16.67	6.8
https://www.camp-kit-guide.com/posts/spice-box	1	10	10.00	5.9
https://www.camp-kit-guide.com/posts/tebura-camp	1	27	3.70	7.4
https://www.camp-kit-guide.com/posts/washable-sleeping-bag	1	6	16.67	6.3
https://www.camp-kit-guide.com/posts/water-jug	1	16	6.25	7.8
https://www.camp-kit-guide.com/posts/yamadougu-rental-flow	1	6	16.67	7.0
https://www.camp-kit-guide.com/	0	3	0.00	4.7
https://www.camp-kit-guide.com/about	0	3	0.00	6.0
https://www.camp-kit-guide.com/category/chair-table	0	7	0.00	16.9
https://www.camp-kit-guide.com/category/cookware	0	5	0.00	8.0
https://www.camp-kit-guide.com/category/lighting	0	7	0.00	5.9
https://www.camp-kit-guide.com/category/power	0	6	0.00	40.0
https://www.camp-kit-guide.com/category/tent	0	72	0.00	16.3
https://www.camp-kit-guide.com/contact	0	3	0.00	5.3
https://www.camp-kit-guide.com/posts/air-frame-tent	0	3	0.00	6.3
https://www.camp-kit-guide.com/posts/alcohol-stove	0	10	0.00	8.1
https://www.camp-kit-guide.com/posts/attack-pack	0	25	0.00	8.8
https://www.camp-kit-guide.com/posts/backpack-rain-cover	0	46	0.00	8.2
https://www.camp-kit-guide.com/posts/bonfire-furusato	0	6	0.00	7.8
https://www.camp-kit-guide.com/posts/bonfire-tripod	0	6	0.00	8.7
https://www.camp-kit-guide.com/posts/camp-activity-booking	0	1	0.00	8.0
https://www.camp-kit-guide.com/posts/camp-activity-booking-flow	0	1	0.00	1.0
https://www.camp-kit-guide.com/posts/camp-backpack-beginner	0	161	0.00	18.3
https://www.camp-kit-guide.com/posts/camp-backpack-capacity-guide#%E3%81%AF%E3%81%98%E3%82%81%E3%81%AB	0	64	0.00	6.7
https://www.camp-kit-guide.com/posts/camp-backpack-capacity-guide#%E3%81%BE%E3%81%9A%E7%B5%90%E8%AB%96%E3%82%AD%E3%83%A3%E3%83%B3%E3%83%97%E5%AE%B9%E9%87%8F%E6%97%A9%E8%A6%8B%E8%A1%A8	0	145	0.00	7.8
https://www.camp-kit-guide.com/posts/camp-backpack-capacity-guide#%E3%82%AD%E3%83%A3%E3%83%B3%E3%83%97%E8%A3%85%E5%82%99%E3%81%8B%E3%82%89%E5%BF%85%E8%A6%81%E5%AE%B9%E9%87%8F%E3%82%92%E9%80%86%E7%AE%97%E3%81%99%E3%82%8B	0	136	0.00	7.9
https://www.camp-kit-guide.com/posts/camp-backpack-capacity-guide#%E3%83%87%E3%82%A4%E3%82%AD%E3%83%A3%E3%83%B3%E3%83%97%E3%83%BB%E6%97%A5%E5%B8%B0%E3%82%8A%E3%83%8F%E3%82%A4%E3%82%AF2030l	0	39	0.00	7.5
https://www.camp-kit-guide.com/posts/camp-backpack-capacity-guide#%E3%83%AA%E3%83%A5%E3%83%83%E3%82%AF%E3%81%AE%E5%AE%B9%E9%87%8F%E7%9B%AE%E5%AE%89%E3%82%92%E4%B8%80%E8%A6%A7%E3%81%A710l80l%E3%81%A7%E4%BD%95%E3%81%8C%E5%85%A5%E3%82%8B%E3%81%8B	0	137	0.00	7.9
https://www.camp-kit-guide.com/posts/camp-backpack-capacity-guide#%E5%AD%A3%E7%AF%80%E3%81%A7%E5%BF%85%E8%A6%81%E5%AE%B9%E9%87%8F%E3%81%AF%E5%A4%89%E3%82%8F%E3%82%8B%E5%A4%8F-vs-%E5%86%AC	0	74	0.00	7.8
https://www.camp-kit-guide.com/posts/camp-backpack-capacity-guide#%E5%AE%B9%E9%87%8F%E3%81%A8%E8%83%8C%E8%B2%A0%E3%81%88%E3%82%8B%E9%87%8D%E3%81%95%E3%81%AF%E5%88%A5%E5%95%8F%E9%A1%8C	0	119	0.00	7.9
https://www.camp-kit-guide.com/posts/camp-backpack-capacity-guide#%E5%AE%B9%E9%87%8F%E8%A1%A8%E8%A8%98%E3%81%AEl%E3%81%AF%E3%81%A9%E3%81%86%E6%B8%AC%E3%82%89%E3%82%8C%E3%81%A6%E3%81%84%E3%82%8B%E3%81%AE%E3%81%8B	0	84	0.00	7.8
https://www.camp-kit-guide.com/posts/camp-backpack-capacity-guide#%E7%99%BB%E5%B1%B1%E3%83%BB%E7%B8%A6%E8%B5%B04070l%E6%97%A5%E7%A8%8B%E3%83%BB%E3%83%AB%E3%83%BC%E3%83%88%E3%81%AB%E3%82%88%E3%82%8B	0	38	0.00	6.5
https://www.camp-kit-guide.com/posts/camp-backpack-capacity-guide#1%E6%B3%8A2%E6%97%A5%E3%82%BD%E3%83%AD%E3%82%AD%E3%83%A3%E3%83%B3%E3%83%97%E3%82%AA%E3%83%BC%E3%83%88%E3%82%AD%E3%83%A3%E3%83%B3%E3%83%97%E5%A0%B43050l	0	85	0.00	8.0
https://www.camp-kit-guide.com/posts/camp-backpack-capacity-guide#2%E6%B3%8A%E4%BB%A5%E4%B8%8A%E3%81%AE%E3%82%BD%E3%83%AD%E3%82%AD%E3%83%A3%E3%83%B3%E3%83%97%E3%83%BB%E3%83%90%E3%83%83%E3%82%AF%E3%83%91%E3%83%83%E3%82%AF%E3%82%AD%E3%83%A3%E3%83%B3%E3%83%975065l	0	107	0.00	8.1
https://www.camp-kit-guide.com/posts/camp-coffee-dripper	0	4	0.00	9.0
https://www.camp-kit-guide.com/posts/camp-cooker-beginner	0	23	0.00	21.0
https://www.camp-kit-guide.com/posts/camp-cooler-box-overall	0	8	0.00	8.0
https://www.camp-kit-guide.com/posts/camp-cutlery	0	13	0.00	10.7
https://www.camp-kit-guide.com/posts/camp-fan-summer	0	21	0.00	8.1
https://www.camp-kit-guide.com/posts/camp-gear-initial-cost	0	16	0.00	20.8
https://www.camp-kit-guide.com/posts/camp-gear-rental	0	11	0.00	17.5
https://www.camp-kit-guide.com/posts/camp-gear-where-to-buy	0	56	0.00	9.2
https://www.camp-kit-guide.com/posts/camp-gift	0	5	0.00	6.2
https://www.camp-kit-guide.com/posts/camp-grill-plate	0	2	0.00	4.5
https://www.camp-kit-guide.com/posts/camp-hammock	0	1	0.00	9.0
https://www.camp-kit-guide.com/posts/camp-hot-carpet	0	13	0.00	7.2
https://www.camp-kit-guide.com/posts/camp-lantern-led	0	3	0.00	4.7
https://www.camp-kit-guide.com/posts/camp-oil-stove	0	4	0.00	5.8
https://www.camp-kit-guide.com/posts/camp-portable-power-beginner	0	1	0.00	50.0
https://www.camp-kit-guide.com/posts/camp-rainwear#%E3%81%AF%E3%81%98%E3%82%81%E3%81%AB%E3%82%AD%E3%83%A3%E3%83%B3%E3%83%97%E7%94%A8%E3%83%AC%E3%82%A4%E3%83%B3%E3%82%A6%E3%82%A7%E3%82%A2%E9%81%B8%E3%81%B3%E3%81%A7%E5%A4%B1%E6%95%97%E3%81%97%E3%81%AA%E3%81%84%E3%81%9F%E3%82%81%E3%81%AB	0	6	0.00	7.0
https://www.camp-kit-guide.com/posts/camp-rainwear#%E3%83%9D%E3%82%A4%E3%83%B3%E3%83%881%E8%80%90%E6%B0%B4%E5%9C%A7%E3%81%A7%E9%98%B2%E6%B0%B4%E5%8A%9B%E3%82%92%E8%A6%8B%E6%A5%B5%E3%82%81%E3%82%8B	0	6	0.00	7.0
https://www.camp-kit-guide.com/posts/camp-rainwear#%E3%83%9D%E3%82%A4%E3%83%B3%E3%83%882%E9%80%8F%E6%B9%BF%E6%80%A7%E3%81%A7%E8%92%B8%E3%82%8C%E3%81%AB%E3%81%8F%E3%81%95%E3%82%92%E7%A2%BA%E8%AA%8D	0	6	0.00	7.0
https://www.camp-kit-guide.com/posts/camp-rainwear#%E7%AC%AC1%E4%BD%8D%E8%80%90%E6%B0%B4%E5%9C%A720000mm-%E3%82%B9%E3%83%88%E3%83%AC%E3%83%83%E3%83%81%E3%83%AC%E3%82%A4%E3%83%B3%E3%82%B9%E3%83%BC%E3%83%84nasr-100	0	6	0.00	7.0
https://www.camp-kit-guide.com/posts/camp-rainwear#%E7%AC%AC2%E4%BD%8D%E3%83%9F%E3%82%BA%E3%83%8E-%E3%83%99%E3%83%AB%E3%82%B0%E3%83%86%E3%83%83%E3%82%AFex-%E3%82%B9%E3%83%88%E3%83%BC%E3%83%A0%E3%82%BB%E3%82%A4%E3%83%90%E3%83%BCvi%E3%83%A1%E3%83%B3%E3%82%BA	0	6	0.00	7.0
https://www.camp-kit-guide.com/posts/camp-rainwear#%E7%AC%AC3%E4%BD%8D4way%E3%82%B9%E3%83%88%E3%83%AC%E3%83%83%E3%83%81%E3%82%B7%E3%83%BC%E3%83%AB%E3%83%89ex-%E9%80%8F%E6%B9%BF%E9%98%B2%E6%B0%B4%E3%83%AC%E3%82%A4%E3%83%B3%E3%82%A6%E3%82%A7%E3%82%A27572	0	6	0.00	7.0
https://www.camp-kit-guide.com/posts/camp-rainwear#%E7%AC%AC4%E4%BD%8D%E3%83%9E%E3%83%83%E3%82%AF-%E3%83%AC%E3%82%A4%E3%83%B3%E3%82%B9%E3%83%BC%E3%83%84-%E4%B8%8A%E4%B8%8B%E3%82%BB%E3%83%83%E3%83%88as-7100as-6700	0	6	0.00	7.0
https://www.camp-kit-guide.com/posts/camp-rental-price	0	50	0.00	6.6
https://www.camp-kit-guide.com/posts/camp-sleeping-mat	0	1	0.00	30.0
https://www.camp-kit-guide.com/posts/camp-table-set#%E4%BA%BA%E6%95%B0%E5%88%A5%E3%81%AE%E6%97%A9%E8%A6%8B%E8%A1%A8	0	2	0.00	13.0
https://www.camp-kit-guide.com/posts/camp-table-set#%E7%AC%AC1%E4%BD%8D%E3%82%A2%E3%82%A6%E3%83%88%E3%83%89%E3%82%A2%E3%83%86%E3%83%BC%E3%83%96%E3%83%AB-%E6%8A%98%E3%82%8A%E3%81%9F%E3%81%9F%E3%81%BF-%E3%83%99%E3%83%B3%E3%83%812%E8%84%9A%E3%82%BB%E3%83%83%E3%83%88%E5%B9%8590cm	0	2	0.00	13.0
https://www.camp-kit-guide.com/posts/camp-table-set#%E7%AC%AC2%E4%BD%8D%E3%82%A2%E3%82%A6%E3%83%88%E3%83%89%E3%82%A2%E3%83%86%E3%83%BC%E3%83%96%E3%83%AB-%E6%8A%98%E3%82%8A%E3%81%9F%E3%81%9F%E3%81%BF-%E3%83%99%E3%83%B3%E3%83%812%E8%84%9A%E3%82%BB%E3%83%83%E3%83%88%E5%B9%85110cm	0	2	0.00	13.0
https://www.camp-kit-guide.com/posts/camp-table-set#%E7%AC%AC3%E4%BD%8D%E3%83%AC%E3%82%B8%E3%83%A3%E3%83%BC%E3%83%86%E3%83%BC%E3%83%96%E3%83%AB-%E3%83%81%E3%82%A7%E3%82%A24%E8%84%9A%E3%82%BB%E3%83%83%E3%83%88%E5%B9%85120cm	0	2	0.00	13.0
https://www.camp-kit-guide.com/posts/camp-table-set#2%E4%BA%BA%E3%82%BD%E3%83%AD%E3%83%BB%E3%83%87%E3%83%A5%E3%82%AA%E5%B9%856090cm%E3%83%BB%E3%83%99%E3%83%B3%E3%83%812%E8%84%9A	0	2	0.00	13.0
https://www.camp-kit-guide.com/posts/camp-table-set#4%E4%BA%BA%E3%83%95%E3%82%A1%E3%83%9F%E3%83%AA%E3%83%BC%E5%B9%85110120cm%E3%83%BB%E3%83%99%E3%83%B3%E3%83%812%E8%84%9A%E3%81%BE%E3%81%9F%E3%81%AF%E3%83%81%E3%82%A7%E3%82%A24%E8%84%9A	0	2	0.00	13.0
https://www.camp-kit-guide.com/posts/camp-table-set#5%E4%BA%BA%E4%BB%A5%E4%B8%8A%E3%82%B0%E3%83%AB%E3%83%BC%E3%83%97120cm%E4%BB%A5%E4%B8%8A%E3%81%BE%E3%81%9F%E3%81%AF%E8%A4%87%E6%95%B0%E5%8F%B0%E3%81%AE%E7%B5%84%E3%81%BF%E5%90%88%E3%82%8F%E3%81%9B	0	2	0.00	13.0
https://www.camp-kit-guide.com/posts/camp-tarp-beginner	0	4	0.00	5.8
https://www.camp-kit-guide.com/posts/camp-windscreen	0	29	0.00	7.8
https://www.camp-kit-guide.com/posts/captain-stag-bonfire	0	8	0.00	8.6
https://www.camp-kit-guide.com/posts/car-camp-mat	0	26	0.00	8.7
https://www.camp-kit-guide.com/posts/chair-table-furusato	0	4	0.00	6.8
https://www.camp-kit-guide.com/posts/co-checker	0	4	0.00	19.5
https://www.camp-kit-guide.com/posts/coleman-bonfire	0	14	0.00	7.4
https://www.camp-kit-guide.com/posts/coleman-chair#%E3%81%AF%E3%81%98%E3%82%81%E3%81%AB	0	126	0.00	7.2
https://www.camp-kit-guide.com/posts/coleman-chair#%E3%83%9D%E3%82%A4%E3%83%B3%E3%83%881%E3%82%BF%E3%82%A4%E3%83%97%E3%81%A7%E9%81%B8%E3%81%B6%E3%82%A4%E3%83%B3%E3%83%95%E3%82%A3%E3%83%8B%E3%83%86%E3%82%A3%E3%83%87%E3%83%83%E3%82%AD%E3%83%81%E3%82%A7%E3%82%A2%E3%82%BB%E3%83%83%E3%83%88	0	106	0.00	7.3
https://www.camp-kit-guide.com/posts/coleman-chair#%E3%83%9D%E3%82%A4%E3%83%B3%E3%83%882%E3%83%AA%E3%82%AF%E3%83%A9%E3%82%A4%E3%83%8B%E3%83%B3%E3%82%B0%E6%A9%9F%E8%83%BD%E3%81%A7%E9%81%B8%E3%81%B6	0	16	0.00	7.4
https://www.camp-kit-guide.com/posts/coleman-chair#%E3%83%9D%E3%82%A4%E3%83%B3%E3%83%883%E8%A3%85%E5%82%99%E3%83%BB%E4%BB%98%E5%B1%9E%E6%A9%9F%E8%83%BD%E3%81%A7%E9%81%B8%E3%81%B6%E3%82%B5%E3%82%A4%E3%83%89%E3%83%86%E3%83%BC%E3%83%96%E3%83%AB%E3%83%BB%E3%82%AB%E3%83%A9%E3%83%BC	0	2	0.00	5.0
https://www.camp-kit-guide.com/posts/coleman-chair#%E3%83%9D%E3%82%A4%E3%83%B3%E3%83%884%E7%94%A8%E9%80%94%E3%83%BB%E4%BA%BA%E6%95%B0%E3%81%A7%E9%81%B8%E3%81%B6%E3%82%BD%E3%83%AD%E3%83%87%E3%83%A5%E3%82%AA%E3%83%BB%E3%83%95%E3%82%A1%E3%83%9F%E3%83%AA%E3%83%BC	0	88	0.00	7.3
https://www.camp-kit-guide.com/posts/coleman-chair#%E7%AC%AC1%E4%BD%8D%E3%82%B3%E3%83%BC%E3%83%AB%E3%83%9E%E3%83%B3-%E3%82%A4%E3%83%B3%E3%83%95%E3%82%A3%E3%83%8B%E3%83%86%E3%82%A3%E3%83%81%E3%82%A7%E3%82%A2-%E3%83%99%E3%83%BC%E3%82%B8%E3%83%A5%E7%84%A1%E9%87%8D%E5%8A%9B%E3%83%AA%E3%82%AF%E3%83%A9%E3%82%A4%E3%83%8B%E3%83%B3%E3%82%B0%E3%81%AE%E7%9C%8B%E6%9D%BF	0	126	0.00	7.2
https://www.camp-kit-guide.com/posts/coleman-chair#%E7%AC%AC2%E4%BD%8D%E3%82%B3%E3%83%BC%E3%83%AB%E3%83%9E%E3%83%B3-%E3%82%A4%E3%83%B3%E3%83%95%E3%82%A3%E3%83%8B%E3%83%86%E3%82%A3%E3%83%81%E3%82%A7%E3%82%A2%E9%AB%98%E8%A9%95%E4%BE%A1%E3%83%BB%E6%89%8B%E9%A0%83%E3%81%AA%E3%82%B0%E3%83%AC%E3%83%BC%E7%B3%BB	0	122	0.00	7.2
https://www.camp-kit-guide.com/posts/coleman-chair#%E7%AC%AC3%E4%BD%8D%E3%82%B3%E3%83%BC%E3%83%AB%E3%83%9E%E3%83%B3-%E3%82%B5%E3%82%A4%E3%83%89%E3%83%86%E3%83%BC%E3%83%96%E3%83%AB%E3%83%87%E3%83%83%E3%82%AD%E3%83%81%E3%82%A7%E3%82%A2st%E3%83%86%E3%83%BC%E3%83%96%E3%83%AB%E4%B8%80%E4%BD%93%E5%9E%8B%E3%81%AE%E6%89%8B%E8%BB%BD%E3%83%A2%E3%83%87%E3%83%AB	0	106	0.00	7.3
https://www.camp-kit-guide.com/posts/coleman-chair#%E7%AC%AC4%E4%BD%8D%E3%82%B3%E3%83%BC%E3%83%AB%E3%83%9E%E3%83%B3-%E3%82%A2%E3%82%A6%E3%83%88%E3%83%89%E3%82%A2%E3%83%81%E3%82%A7%E3%82%A22%E7%82%B9%E3%82%BB%E3%83%83%E3%83%88%E3%83%87%E3%83%A5%E3%82%AA%E3%81%A7%E3%81%8A%E5%BE%97%E3%81%AA%E3%83%87%E3%83%83%E3%82%AD%E3%83%81%E3%82%A7%E3%82%A2	0	106	0.00	7.3
https://www.camp-kit-guide.com/posts/coleman-sleeping-bag	0	31	0.00	8.1
https://www.camp-kit-guide.com/posts/compact-portable-power	0	4	0.00	4.3
https://www.camp-kit-guide.com/posts/cookware-furusato	0	1	0.00	6.0
https://www.camp-kit-guide.com/posts/cooler-furusato	0	4	0.00	7.0
https://www.camp-kit-guide.com/posts/day-camp-cooler-box	0	32	0.00	5.9
https://www.camp-kit-guide.com/posts/deuter-backpack#%E3%81%AF%E3%81%98%E3%82%81%E3%81%AB	0	2	0.00	8.0
https://www.camp-kit-guide.com/posts/deuter-backpack#%E3%83%9D%E3%82%A4%E3%83%B3%E3%83%883%E8%83%8C%E9%9D%A2%E3%82%B7%E3%82%B9%E3%83%86%E3%83%A0%E3%83%BB%E8%83%8C%E8%B2%A0%E3%81%84%E5%BF%83%E5%9C%B0%E3%81%A7%E9%81%B8%E3%81%B6	0	2	0.00	8.0
https://www.camp-kit-guide.com/posts/deuter-backpack#%E3%83%9D%E3%82%A4%E3%83%B3%E3%83%884%E3%83%95%E3%82%A3%E3%83%83%E3%83%88%E6%84%9F%E3%83%BB%E8%AA%BF%E6%95%B4%E6%A9%9F%E8%83%BD%E3%81%A7%E9%81%B8%E3%81%B6	0	2	0.00	8.0
https://www.camp-kit-guide.com/posts/deuter-backpack#%E7%AC%AC1%E4%BD%8D%E3%83%89%E3%82%A4%E3%82%BF%E3%83%BC-%E3%82%AA%E3%83%AB%E3%83%81%E3%83%A3-25%E3%82%BF%E3%82%A6%E3%83%B3%E3%81%AB%E3%82%82%E4%BD%BF%E3%81%88%E3%82%8B%E5%AE%9A%E7%95%AA%E3%83%87%E3%82%A4%E3%83%91%E3%83%83%E3%82%AF	0	2	0.00	8.0
https://www.camp-kit-guide.com/posts/deuter-backpack#%E7%AC%AC2%E4%BD%8D%E3%83%89%E3%82%A4%E3%82%BF%E3%83%BC-%E3%83%AC%E3%83%BC%E3%82%B9-%E3%82%A8%E3%82%A2%E3%83%BC-143%E8%87%AA%E8%BB%A2%E8%BB%8A%E3%83%BB%E3%82%B5%E3%82%A4%E3%82%AF%E3%83%AA%E3%83%B3%E3%82%B0%E5%90%91%E3%81%91	0	2	0.00	8.0
https://www.camp-kit-guide.com/posts/deuter-backpack#%E7%AC%AC3%E4%BD%8D%E3%83%89%E3%82%A4%E3%82%BF%E3%83%BC-%E3%83%AB%E3%82%AC%E3%83%BC%E3%83%8E-20%E8%BB%BD%E5%BF%AB%E3%81%AB%E4%BD%BF%E3%81%88%E3%82%8B20l%E3%83%87%E3%82%A4%E3%83%91%E3%83%83%E3%82%AF	0	2	0.00	8.0
https://www.camp-kit-guide.com/posts/deuter-backpack#%E7%AC%AC4%E4%BD%8D%E3%83%89%E3%82%A4%E3%82%BF%E3%83%BC-%E3%83%95%E3%83%A5%E3%83%BC%E3%83%81%E3%83%A5%E3%83%A9-pro-36%E9%80%9A%E6%B0%97%E6%80%A7%E3%81%AB%E5%84%AA%E3%82%8C%E3%81%9F%E6%97%A5%E5%B8%B0%E3%82%8A%E5%B0%8F%E5%B1%8B%E6%B3%8A%E7%99%BB%E5%B1%B1	0	2	0.00	8.0
https://www.camp-kit-guide.com/posts/disaster-camp-gear	0	14	0.00	17.1
https://www.camp-kit-guide.com/posts/disaster-radio	0	18	0.00	6.6
https://www.camp-kit-guide.com/posts/dod-tent	0	1	0.00	10.0
https://www.camp-kit-guide.com/posts/ecoflow-power	0	25	0.00	13.6
https://www.camp-kit-guide.com/posts/electric-blanket-camp	0	3	0.00	21.0
https://www.camp-kit-guide.com/posts/family-camp-summer-tent#%E3%81%AF%E3%81%98%E3%82%81%E3%81%AB%E5%A4%8F%E3%81%AE%E3%83%95%E3%82%A1%E3%83%9F%E3%83%AA%E3%83%BC%E3%83%86%E3%83%B3%E3%83%88%E9%81%B8%E3%81%B3%E3%81%A7%E5%A4%B1%E6%95%97%E3%81%97%E3%81%AA%E3%81%84%E3%81%9F%E3%82%81%E3%81%AB	0	258	0.00	10.5
https://www.camp-kit-guide.com/posts/family-camp-summer-tent#%E3%83%81%E3%82%A7%E3%83%83%E3%82%AF1%E3%83%A1%E3%83%83%E3%82%B7%E3%83%A5%E9%9D%A2%E7%A9%8D%E3%81%AF%E4%BD%95%E9%9D%A2%E3%82%92%E3%83%95%E3%83%AB%E3%83%A1%E3%83%83%E3%82%B7%E3%83%A5%E3%81%AB%E3%81%A7%E3%81%8D%E3%82%8B%E3%81%8B%E3%81%A7%E8%A6%8B%E3%82%8B	0	1	0.00	9.0
https://www.camp-kit-guide.com/posts/family-camp-summer-tent#%E3%83%81%E3%82%A7%E3%83%83%E3%82%AF2%E3%83%99%E3%83%B3%E3%83%81%E3%83%AC%E3%83%BC%E3%82%BF%E3%83%BC%E3%81%AF%E4%BD%8D%E7%BD%AE%E3%81%A8%E9%AB%98%E3%81%95%E3%81%A7%E5%8A%B9%E3%81%8D%E6%96%B9%E3%81%8C%E5%A4%89%E3%82%8F%E3%82%8B	0	1	0.00	12.0
https://www.camp-kit-guide.com/posts/family-camp-summer-tent#%E3%83%81%E3%82%A7%E3%83%83%E3%82%AF3%E9%81%AE%E5%85%89%E3%81%AF%E6%95%B0%E5%80%A4%E9%81%AE%E7%86%B1%E3%81%AF%E5%8A%A0%E5%B7%A5%E5%90%8D%E3%81%A7%E7%A2%BA%E8%AA%8D%E3%81%99%E3%82%8B	0	1	0.00	8.0
https://www.camp-kit-guide.com/posts/family-camp-summer-tent#%E3%83%81%E3%82%A7%E3%83%83%E3%82%AF4%E3%82%B9%E3%82%AB%E3%83%BC%E3%83%88%E3%81%AF%E5%A4%8F%E3%81%AB%E3%81%AF%E4%B8%8D%E5%88%A9%E3%81%AB%E3%81%AA%E3%82%8B%E3%81%93%E3%81%A8%E3%81%8C%E3%81%82%E3%82%8B	0	12	0.00	10.7
https://www.camp-kit-guide.com/posts/family-camp-summer-tent#%E3%83%9D%E3%82%A4%E3%83%B3%E3%83%881%E9%80%9A%E6%B0%97%E6%80%A7%E3%83%A1%E3%83%83%E3%82%B7%E3%83%A5%E3%83%91%E3%83%8D%E3%83%AB%E3%81%AE%E5%85%85%E5%AE%9F%E5%BA%A6	0	30	0.00	8.5
https://www.camp-kit-guide.com/posts/family-camp-summer-tent#%E3%83%9D%E3%82%A4%E3%83%B3%E3%83%882%E9%81%AE%E5%85%89%E6%80%A7uv%E3%82%AB%E3%83%83%E3%83%88%E3%83%BB%E9%81%AE%E5%85%89%E3%82%B3%E3%83%BC%E3%83%86%E3%82%A3%E3%83%B3%E3%82%B0	0	21	0.00	8.8
https://www.camp-kit-guide.com/posts/family-camp-summer-tent#%E3%83%9D%E3%82%A4%E3%83%B3%E3%83%883%E5%B1%85%E4%BD%8F%E7%A9%BA%E9%96%93%E3%81%AE%E5%BA%83%E3%81%95%E3%82%A4%E3%83%B3%E3%83%8A%E3%83%BC%E3%82%B5%E3%82%A4%E3%82%BA%E3%83%BB%E5%89%8D%E5%AE%A4	0	15	0.00	8.0
https://www.camp-kit-guide.com/posts/family-camp-summer-tent#%E3%83%9D%E3%82%A4%E3%83%B3%E3%83%884%E8%A8%AD%E5%96%B6%E3%81%AE%E3%81%97%E3%82%84%E3%81%99%E3%81%95%E6%A7%8B%E9%80%A0%E3%83%BB%E3%83%9D%E3%83%BC%E3%83%AB%E6%95%B0	0	40	0.00	6.8
https://www.camp-kit-guide.com/posts/family-camp-summer-tent#%E7%9C%9F%E5%A4%8F%E3%81%A7%E3%82%82%E6%B6%BC%E3%81%97%E3%81%84%E3%83%86%E3%83%B3%E3%83%88%E3%82%92%E9%81%B8%E3%81%B63%E3%81%A4%E3%81%AE%E6%9D%A1%E4%BB%B6	0	30	0.00	8.8
https://www.camp-kit-guide.com/posts/family-camp-summer-tent#%E7%AC%AC1%E4%BD%8Dtomount-triarc-%E3%83%88%E3%83%B3%E3%83%8D%E3%83%AB2%E3%83%AB%E3%83%BC%E3%83%A0%E3%83%86%E3%83%B3%E3%83%884%E4%BA%BA%E7%94%A8	0	54	0.00	7.9
https://www.camp-kit-guide.com/posts/family-camp-summer-tent#%E7%AC%AC2%E4%BD%8Dfieldoor-%E3%83%95%E3%82%A1%E3%83%9F%E3%83%AA%E3%83%BC%E3%83%86%E3%83%B3%E3%83%884%E7%82%B9%E3%82%BB%E3%83%83%E3%83%8846%E4%BA%BA%E7%94%A8	0	256	0.00	10.5
https://www.camp-kit-guide.com/posts/family-camp-summer-tent#%E7%AC%AC3%E4%BD%8Dratelworks-boden%E3%83%9C%E3%83%BC%E3%83%87%E3%83%B32%E3%83%AB%E3%83%BC%E3%83%A0%E3%83%86%E3%83%B3%E3%83%88	0	39	0.00	6.8
https://www.camp-kit-guide.com/posts/family-camp-summer-tent#%E7%AC%AC4%E4%BD%8D%E3%83%AF%E3%83%B3%E3%82%BF%E3%83%83%E3%83%81-%E3%83%95%E3%82%A1%E3%83%9F%E3%83%AA%E3%83%BC%E3%83%86%E3%83%B3%E3%83%884%E4%BA%BA%E7%94%A8%E3%83%BB%E9%81%AE%E5%85%89	0	24	0.00	6.5
https://www.camp-kit-guide.com/posts/fieldoor-tent#%E3%81%AF%E3%81%98%E3%82%81%E3%81%AB	0	22	0.00	3.8
https://www.camp-kit-guide.com/posts/fieldoor-tent#%E3%83%9D%E3%82%A4%E3%83%B3%E3%83%881%E3%82%B5%E3%82%A4%E3%82%BA%E3%81%A7%E9%81%B8%E3%81%B625m-25m-vs-3m-3m	0	12	0.00	3.5
https://www.camp-kit-guide.com/posts/fieldoor-tent#%E3%83%9D%E3%82%A4%E3%83%B3%E3%83%882%E9%81%AE%E5%85%89%E3%83%BB%E9%81%AE%E7%86%B1%E3%83%A2%E3%83%87%E3%83%AB%E3%81%8B%E3%81%A7%E9%81%B8%E3%81%B6	0	4	0.00	6.5
https://www.camp-kit-guide.com/posts/fieldoor-tent#%E3%83%9D%E3%82%A4%E3%83%B3%E3%83%883%E7%94%A8%E9%80%94%E3%81%A7%E9%81%B8%E3%81%B6%E3%82%BF%E3%83%BC%E3%83%97%E3%83%86%E3%83%B3%E3%83%88%E3%83%BB%E3%83%9D%E3%83%83%E3%83%97%E3%82%A2%E3%83%83%E3%83%97%E3%83%BB%E3%83%89%E3%83%BC%E3%83%A0	0	19	0.00	4.2
https://www.camp-kit-guide.com/posts/fieldoor-tent#%E3%83%9D%E3%82%A4%E3%83%B3%E3%83%884%E8%A8%AD%E5%96%B6%E3%81%AE%E3%81%97%E3%82%84%E3%81%99%E3%81%95%E3%83%BB%E4%BB%98%E5%B1%9E%E5%93%81%E3%81%A7%E9%81%B8%E3%81%B6	0	6	0.00	3.5
https://www.camp-kit-guide.com/posts/fieldoor-tent#%E7%AC%AC1%E4%BD%8Dfieldoor-%E3%83%AF%E3%83%B3%E3%82%BF%E3%83%83%E3%83%81%E3%82%BF%E3%83%BC%E3%83%97%E3%83%86%E3%83%B3%E3%83%88-25m25m-%E3%82%B5%E3%82%A4%E3%83%89%E3%82%B7%E3%83%BC%E3%83%88%E4%BB%98%E6%A8%AA%E5%B9%95%E4%BB%98%E3%81%8D%E3%81%AE%E6%9C%AC%E5%91%BD	0	23	0.00	3.9
https://www.camp-kit-guide.com/posts/fieldoor-tent#%E7%AC%AC2%E4%BD%8Dfieldoor-%E3%83%AF%E3%83%B3%E3%82%BF%E3%83%83%E3%83%81%E3%82%BF%E3%83%BC%E3%83%97%E3%83%86%E3%83%B3%E3%83%88-3m3m%E5%BA%83%E3%81%84%E6%97%A5%E9%99%B0%E3%81%AE%E3%83%95%E3%82%A1%E3%83%9F%E3%83%AA%E3%83%BC%E5%90%91%E3%81%91	0	20	0.00	4.0
https://www.camp-kit-guide.com/posts/fieldoor-tent#%E7%AC%AC3%E4%BD%8Dfieldoor-%E3%83%AF%E3%83%B3%E3%82%BF%E3%83%83%E3%83%81%E3%83%86%E3%83%B3%E3%83%88-200cm-24%E4%BA%BA%E7%94%A8%E3%83%95%E3%83%AB%E3%82%AF%E3%83%AD%E3%83%BC%E3%82%BA%E3%81%AE%E3%83%9D%E3%83%83%E3%83%97%E3%82%A2%E3%83%83%E3%83%97	0	20	0.00	4.0
https://www.camp-kit-guide.com/posts/fieldoor-tent#%E7%AC%AC4%E4%BD%8Dfieldoor-%E3%83%AF%E3%83%B3%E3%82%BF%E3%83%83%E3%83%81%E3%82%BF%E3%83%BC%E3%83%97%E3%83%86%E3%83%B3%E3%83%88-25m25m%E5%8F%96%E3%82%8A%E5%9B%9E%E3%81%97%E9%87%8D%E8%A6%96%E3%81%AE%E6%A8%99%E6%BA%96%E3%82%B5%E3%82%A4%E3%82%BA	0	23	0.00	3.9
https://www.camp-kit-guide.com/posts/fire-blower	0	19	0.00	8.8
https://www.camp-kit-guide.com/posts/fireproof-chair	0	2	0.00	8.5
https://www.camp-kit-guide.com/posts/forged-peg#%E3%81%AF%E3%81%98%E3%82%81%E3%81%AB%E7%A1%AC%E3%81%84%E5%9C%B0%E9%9D%A2%E3%82%82%E3%82%AC%E3%83%83%E3%83%81%E3%83%AA%E5%9B%BA%E5%AE%9A%E3%81%99%E3%82%8B%E9%8D%9B%E9%80%A0%E3%83%9A%E3%82%B0	0	1	0.00	8.0
https://www.camp-kit-guide.com/posts/forged-peg#%E3%83%9D%E3%82%A4%E3%83%B3%E3%83%881%E9%95%B7%E3%81%95%E5%9C%B0%E9%9D%A2%E3%81%A8%E7%94%A8%E9%80%94%E3%81%AB%E5%90%88%E3%82%8F%E3%81%9B%E3%82%8B	0	1	0.00	8.0
https://www.camp-kit-guide.com/posts/forged-peg#%E3%83%9D%E3%82%A4%E3%83%B3%E3%83%883%E7%B4%A0%E6%9D%90%E3%83%BB%E5%BD%A2%E7%8A%B6s55c%E3%83%BB%E6%A5%95%E5%86%86%E4%B8%B8%E6%A3%92	0	1	0.00	8.0
https://www.camp-kit-guide.com/posts/forged-peg#%E7%AC%AC1%E4%BD%8D%E6%9D%91%E3%81%AE%E9%8D%9B%E5%86%B6%E5%B1%8B-%E3%82%A8%E3%83%AA%E3%83%83%E3%82%BC%E3%82%B9%E3%83%86%E3%83%BC%E3%82%AF-28cm-8%E6%9C%AC%E3%82%BB%E3%83%83%E3%83%88%E9%BB%92%E3%82%AB%E3%83%81%E3%82%AA%E3%83%B3%E3%83%BBs55c	0	1	0.00	8.0
https://www.camp-kit-guide.com/posts/forged-peg#%E7%AC%AC2%E4%BD%8Diwano-%E9%8D%9B%E9%80%A0%E3%83%9A%E3%82%B0-30cm-8%E6%9C%AC%E6%97%A5%E6%9C%AC%E8%A3%BD%E3%83%BB%E3%82%AB%E3%83%81%E3%82%AA%E3%83%B3%E9%9B%BB%E7%9D%80%E5%A1%97%E8%A3%85	0	1	0.00	8.0
https://www.camp-kit-guide.com/posts/forged-peg#%E7%AC%AC3%E4%BD%8D%E6%9D%91%E3%81%AE%E9%8D%9B%E5%86%B6%E5%B1%8B-%E3%82%A8%E3%83%AA%E3%83%83%E3%82%BC%E3%82%B9%E3%83%86%E3%83%BC%E3%82%AF-28cm-5%E6%9C%AC%E3%82%BB%E3%83%83%E3%83%88%E9%BB%92%E3%82%AB%E3%83%81%E3%82%AA%E3%83%B3%E3%83%BB%E3%81%8A%E8%A9%A6%E3%81%97%E3%81%AB	0	1	0.00	8.0
https://www.camp-kit-guide.com/posts/forged-peg#%E7%AC%AC4%E4%BD%8Dreiden-%E9%8D%9B%E9%80%A0%E3%83%9A%E3%82%B0-2030cm-%E3%82%BB%E3%83%83%E3%83%88%E7%8F%BE%E5%BD%B9%E3%82%AD%E3%83%A3%E3%83%B3%E3%83%91%E3%83%BC%E7%9B%A3%E4%BF%AE%E3%83%BB%E6%9C%AC%E6%95%B0%E9%81%B8%E3%81%B9%E3%82%8B	0	1	0.00	8.0
https://www.camp-kit-guide.com/posts/fuji-climb-rental-vs-buy	0	4	0.00	5.8
https://www.camp-kit-guide.com/posts/furusato-year-end	0	48	0.00	31.8
https://www.camp-kit-guide.com/posts/gas-lantern	0	4	0.00	5.8
https://www.camp-kit-guide.com/posts/gear-storage-box	0	28	0.00	8.1
https://www.camp-kit-guide.com/posts/group-camp-rental	0	2	0.00	5.0
https://www.camp-kit-guide.com/posts/group-camp-table	0	5	0.00	6.2
https://www.camp-kit-guide.com/posts/hanging-rack	0	5	0.00	3.6
https://www.camp-kit-guide.com/posts/headlight-rechargeable	0	14	0.00	6.5
https://www.camp-kit-guide.com/posts/infinity-chair	0	5	0.00	7.6
https://www.camp-kit-guide.com/posts/inflatable-mat#%E3%81%AF%E3%81%98%E3%82%81%E3%81%AB%E3%82%A4%E3%83%B3%E3%83%95%E3%83%AC%E3%83%BC%E3%82%BF%E3%83%BC%E3%83%9E%E3%83%83%E3%83%88%E3%81%A7%E5%9C%B0%E9%9D%A2%E3%81%AE%E7%A1%AC%E3%81%95%E3%81%A8%E5%BA%95%E5%86%B7%E3%81%88%E3%82%92%E8%A7%A3%E6%B1%BA	0	23	0.00	9.0
https://www.camp-kit-guide.com/posts/inflatable-mat#%E3%82%A4%E3%83%B3%E3%83%95%E3%83%AC%E3%83%BC%E3%82%BF%E3%83%BC%E3%83%9E%E3%83%83%E3%83%88%E3%81%AE%E9%81%B8%E3%81%B3%E6%96%B9%E5%A4%B1%E6%95%97%E3%81%97%E3%81%AA%E3%81%844%E3%81%A4%E3%81%AE%E3%83%9D%E3%82%A4%E3%83%B3%E3%83%88	0	25	0.00	9.0
https://www.camp-kit-guide.com/posts/inflatable-mat#%E3%82%A4%E3%83%B3%E3%83%95%E3%83%AC%E3%83%BC%E3%82%BF%E3%83%BC%E3%83%9E%E3%83%83%E3%83%88%E3%81%AF%E4%BD%95%E3%82%BB%E3%83%B3%E3%83%81%E3%82%92%E9%81%B8%E3%81%B68cm%E3%81%A810cm%E3%81%AE%E5%A2%83%E7%95%8C	0	27	0.00	8.8
https://www.camp-kit-guide.com/posts/inflatable-mat#%E3%82%A4%E3%83%B3%E3%83%95%E3%83%AC%E3%83%BC%E3%82%BF%E3%83%BC%E5%BC%8F%E3%81%A8%E3%82%A8%E3%82%A2%E3%83%BC%E5%BC%8F%E3%82%A8%E3%82%A2%E3%83%9E%E3%83%83%E3%83%88%E3%81%AE%E9%81%95%E3%81%84	0	1	0.00	10.0
https://www.camp-kit-guide.com/posts/inflatable-mat#%E3%83%9D%E3%82%A4%E3%83%B3%E3%83%882r%E5%80%A4%E6%96%AD%E7%86%B1%E6%80%A7%E5%BA%95%E5%86%B7%E3%81%88%E3%81%AE%E3%81%97%E3%81%AB%E3%81%8F%E3%81%95	0	1	0.00	8.0
https://www.camp-kit-guide.com/posts/inflatable-mat#%E3%83%9D%E3%82%A4%E3%83%B3%E3%83%883%E8%86%A8%E5%BC%B5%E6%96%B9%E5%BC%8F%E6%89%8B%E5%8B%95%E4%BB%95%E4%B8%8A%E3%81%92-or-%E9%9B%BB%E5%8B%95%E3%83%9D%E3%83%B3%E3%83%97%E5%86%85%E8%94%B5	0	5	0.00	8.4
https://www.camp-kit-guide.com/posts/inflatable-mat#%E7%AC%AC1%E4%BD%8Daiflycy-%E3%82%A4%E3%83%B3%E3%83%95%E3%83%AC%E3%83%BC%E3%82%BF%E3%83%BC%E3%83%9E%E3%83%83%E3%83%88-%E5%8E%9A%E6%89%8B810cm%E6%9E%95%E4%BB%98%E3%81%8D%E3%83%BB%E5%B9%8575cm	0	29	0.00	8.8
https://www.camp-kit-guide.com/posts/inflatable-mat#%E7%AC%AC2%E4%BD%8D%E9%9B%BB%E5%8B%95%E3%82%A4%E3%83%B3%E3%83%95%E3%83%AC%E3%83%BC%E3%82%BF%E3%83%BC%E3%83%9E%E3%83%83%E3%83%88-%E5%8E%9A%E6%89%8B10cm%E9%9B%BB%E5%8B%95%E3%83%9D%E3%83%B3%E3%83%97%E5%86%85%E8%94%B5	0	29	0.00	9.0
https://www.camp-kit-guide.com/posts/inflatable-mat#%E7%AC%AC3%E4%BD%8Donetigris-dreamstar-%E3%82%A4%E3%83%B3%E3%83%95%E3%83%AC%E3%83%BC%E3%82%BF%E3%83%96%E3%83%AB%E3%83%9E%E3%83%83%E3%83%88-8cmr%E5%80%A463%E3%83%BB%E8%B6%85%E8%BB%BD%E9%87%8F	0	28	0.00	9.1
https://www.camp-kit-guide.com/posts/inflatable-mat#%E7%AC%AC4%E4%BD%8Dpykes-peak-%E3%82%A4%E3%83%B3%E3%83%95%E3%83%AC%E3%83%BC%E3%82%BF%E3%83%BC%E3%83%9E%E3%83%83%E3%83%88-8cmr%E5%80%A4893	0	27	0.00	9.0
https://www.camp-kit-guide.com/posts/karrimor-backpack#%E3%81%AF%E3%81%98%E3%82%81%E3%81%AB	0	8	0.00	6.1
https://www.camp-kit-guide.com/posts/karrimor-backpack#%E3%82%AB%E3%83%AA%E3%83%9E%E3%83%BC%E3%81%AE%E3%83%AA%E3%83%A5%E3%83%83%E3%82%AF%E3%81%AF%E3%81%A9%E3%82%8C%E3%82%92%E9%81%B8%E3%81%B63%E3%81%A4%E3%81%AE%E8%B3%AA%E5%95%8F%E3%81%A7%E7%B5%9E%E3%82%8A%E8%BE%BC%E3%82%80	0	1	0.00	5.0
https://www.camp-kit-guide.com/posts/karrimor-backpack#%E3%83%9D%E3%82%A4%E3%83%B3%E3%83%881%E5%AE%B9%E9%87%8Fl%E3%81%A7%E9%81%B8%E3%81%B6	0	6	0.00	6.7
https://www.camp-kit-guide.com/posts/karrimor-backpack#%E3%83%9D%E3%82%A4%E3%83%B3%E3%83%882%E7%94%A8%E9%80%94%E8%A1%97%E4%BD%BF%E3%81%84%E7%99%BB%E5%B1%B1%E3%83%BB%E3%82%AD%E3%83%A3%E3%83%B3%E3%83%97%E3%81%A7%E9%81%B8%E3%81%B6	0	6	0.00	6.7
https://www.camp-kit-guide.com/posts/karrimor-backpack#%E3%83%9D%E3%82%A4%E3%83%B3%E3%83%883%E8%83%8C%E8%B2%A0%E3%81%84%E5%BF%83%E5%9C%B0%E3%83%BB%E3%83%95%E3%82%A3%E3%83%83%E3%83%88%E6%84%9F%E3%81%A7%E9%81%B8%E3%81%B6	0	6	0.00	6.7
https://www.camp-kit-guide.com/posts/karrimor-backpack#%E7%AC%AC1%E4%BD%8Dkarrimor-%E3%82%A4%E3%82%AF%E3%83%AA%E3%83%97%E3%82%B927%E8%A1%97%E3%82%82%E7%99%BB%E5%B1%B1%E3%82%82%E3%81%93%E3%81%AA%E3%81%99%E4%B8%87%E8%83%BD27l	0	8	0.00	6.1
https://www.camp-kit-guide.com/posts/karrimor-backpack#%E7%AC%AC2%E4%BD%8Dkarrimor-%E3%83%88%E3%83%AA%E3%83%93%E3%83%A5%E3%83%BC%E3%83%884012%E6%B3%8A%E3%81%AE%E3%82%AD%E3%83%A3%E3%83%B3%E3%83%97%E3%83%BB%E6%97%85%E8%A1%8C%E3%81%AB%E5%A4%A7%E5%AE%B9%E9%87%8F40l	0	8	0.00	6.1
https://www.camp-kit-guide.com/posts/karrimor-backpack#%E7%AC%AC3%E4%BD%8Dkarrimor-vt%E3%83%87%E3%82%A4%E3%83%91%E3%83%83%E3%82%AFf%E6%99%AE%E6%AE%B5%E4%BD%BF%E3%81%84%E3%81%AB%E3%82%82%E3%81%AA%E3%81%98%E3%82%80%E5%AE%9A%E7%95%AA20l	0	7	0.00	6.4
https://www.camp-kit-guide.com/posts/karrimor-backpack#%E7%AC%AC4%E4%BD%8Dkarrimor-%E3%82%BF%E3%83%88%E3%83%A920%E3%81%97%E3%81%A3%E3%81%8B%E3%82%8A%E8%83%8C%E8%B2%A0%E3%81%88%E3%82%8B%E3%83%87%E3%82%A4%E3%83%91%E3%83%83%E3%82%AF20l	0	1	0.00	5.0
https://www.camp-kit-guide.com/posts/karrimor-backpack#4%E3%83%A2%E3%83%87%E3%83%AB-%E3%82%B9%E3%83%9A%E3%83%83%E3%82%AF%E6%AF%94%E8%BC%83%E8%A1%A8	0	1	0.00	5.0
https://www.camp-kit-guide.com/posts/kids-sleeping-bag#%E3%81%9D%E3%82%82%E3%81%9D%E3%82%82%E5%AD%90%E4%BE%9B%E7%94%A8%E5%AF%9D%E8%A2%8B%E3%81%AF%E5%BF%85%E8%A6%81%E5%A4%A7%E4%BA%BA%E7%94%A8%E3%81%A7%E4%BB%A3%E7%94%A8%E3%81%A7%E3%81%8D%E3%82%8B	0	35	0.00	7.7
https://www.camp-kit-guide.com/posts/kids-sleeping-bag#%E3%83%9D%E3%82%A4%E3%83%B3%E3%83%881%E5%BF%AB%E9%81%A9%E6%B8%A9%E5%BA%A6%E4%BD%BF%E7%94%A8%E6%B8%A9%E5%BA%A6%E3%81%A7%E9%81%B8%E3%81%B6	0	21	0.00	6.7
https://www.camp-kit-guide.com/posts/kids-sleeping-bag#%E5%AE%9A%E7%95%AA%E3%83%96%E3%83%A9%E3%83%B3%E3%83%89%E3%82%B3%E3%83%BC%E3%83%AB%E3%83%9E%E3%83%B3%E3%83%BB%E3%83%A2%E3%83%B3%E3%83%99%E3%83%AB%E3%83%BB%E3%83%8A%E3%83%B3%E3%82%AC%E3%81%AF%E3%81%A9%E3%81%86%E8%80%83%E3%81%88%E3%82%8B	0	1	0.00	10.0
https://www.camp-kit-guide.com/posts/kids-sleeping-bag#%E5%B9%BC%E5%85%90%E6%9C%AA%E5%B0%B1%E5%AD%A6%E3%81%A8%E3%82%AD%E3%83%83%E3%82%BA%E5%B0%8F%E5%AD%A6%E7%94%9F%E3%81%A7%E9%81%B8%E3%81%B3%E6%96%B9%E3%81%AF%E3%81%A9%E3%81%86%E5%A4%89%E3%82%8F%E3%82%8B	0	19	0.00	8.5
https://www.camp-kit-guide.com/posts/kids-sleeping-bag#%E7%AC%AC1%E4%BD%8Dbears-rock-%E5%AD%90%E3%81%90%E3%81%BE%E5%AF%9D%E8%A2%8B-mx-604j%E5%AD%90%E3%81%A9%E3%82%82%E5%B0%82%E7%94%A8%E3%83%BB35%E3%82%B7%E3%83%BC%E3%82%BA%E3%83%B3	0	35	0.00	7.7
https://www.camp-kit-guide.com/posts/kids-sleeping-bag#%E7%AC%AC2%E4%BD%8D%E3%83%AD%E3%82%B4%E3%82%B9-%E5%8F%8E%E7%B4%8D%E6%A5%BD%E3%82%89%E3%81%8F%E4%B8%B8%E6%B4%97%E3%81%84%E3%82%AD%E3%83%83%E3%82%BA%E3%82%B9%E3%83%A9%E3%83%B3%E3%83%90%E3%83%BC%E3%83%BB10%E5%85%AC%E5%BC%8F%E3%83%BB%E9%80%A3%E7%B5%90%E5%8F%AF	0	35	0.00	7.7
https://www.camp-kit-guide.com/posts/kids-sleeping-bag#%E7%AC%AC3%E4%BD%8Dghc%E3%82%A2%E3%82%A6%E3%83%88%E3%83%89%E3%82%A2-%E5%AF%9D%E8%A2%8B-%E5%B0%81%E7%AD%92%E5%9E%8B-%E4%B8%AD%E7%B6%BF2100g-%E3%82%AA%E3%83%AA%E3%83%BC%E3%83%96%E6%9C%80%E5%AE%89%E3%82%AF%E3%83%A9%E3%82%B9%E3%83%BB%E4%B8%B8%E6%B4%97%E3%81%84ok	0	31	0.00	7.6
https://www.camp-kit-guide.com/posts/kids-sleeping-bag#%E7%AC%AC3%E4%BD%8Dseahay-%E3%81%AD%E3%81%B6%E3%81%8F%E3%82%8D%E3%82%93%E3%82%AD%E3%83%83%E3%82%BA%E6%9C%80%E5%AE%89%E3%82%AF%E3%83%A9%E3%82%B9%E3%83%BB-10%E5%AF%BE%E5%BF%9C	0	4	0.00	8.5
https://www.camp-kit-guide.com/posts/kids-sleeping-bag#%E7%AC%AC4%E4%BD%8D2%E4%BA%BA%E7%94%A8-%E5%B0%81%E7%AD%92%E5%9E%8B%E3%83%80%E3%83%96%E3%83%AB%E3%82%B5%E3%82%A4%E3%82%BA%E8%A6%AA%E5%AD%90%E3%81%AE%E6%B7%BB%E3%81%84%E5%AF%9D%E3%81%AB	0	29	0.00	7.9
https://www.camp-kit-guide.com/posts/kids-sleeping-bag#%E7%AC%AC5%E4%BD%8D%E3%82%A4%E3%83%B3%E3%83%8A%E3%83%BC%E3%82%B7%E3%83%A5%E3%83%A9%E3%83%95%E6%97%A2%E5%AD%98%E5%AF%9D%E8%A2%8B%E3%81%AE%E4%BF%9D%E6%B8%A9%E3%83%BB%E6%B8%85%E6%BD%94%E3%82%92%E3%83%97%E3%83%A9%E3%82%B9	0	35	0.00	7.7
https://www.camp-kit-guide.com/posts/lantern-furusato	0	6	0.00	9.3
https://www.camp-kit-guide.com/posts/lantern-stand	0	21	0.00	7.5
https://www.camp-kit-guide.com/posts/lightweight-mountain-tent	0	6	0.00	10.3
https://www.camp-kit-guide.com/posts/log-carrier	0	1	0.00	9.0
https://www.camp-kit-guide.com/posts/logos-sleeping-bag	0	9	0.00	6.3
https://www.camp-kit-guide.com/posts/low-style-bonfire	0	2	0.00	3.5
https://www.camp-kit-guide.com/posts/low-style-chair	0	2	0.00	5.0
https://www.camp-kit-guide.com/posts/low-style-table	0	7	0.00	7.6
https://www.camp-kit-guide.com/posts/montbell-sleeping-bag	0	4	0.00	5.5
https://www.camp-kit-guide.com/posts/moraknife	0	2	0.00	8.5
https://www.camp-kit-guide.com/posts/mountain-camp-lantern#%E3%82%B4%E3%83%BC%E3%83%AB%E3%82%BC%E3%83%AD-%E3%83%A9%E3%82%A4%E3%83%88%E3%83%8F%E3%82%A6%E3%82%B9%E3%83%9E%E3%82%A4%E3%82%AF%E3%83%AD%E3%83%95%E3%83%A9%E3%83%83%E3%82%B7%E3%83%A568g%E3%83%BB150lm	0	27	0.00	10.3
https://www.camp-kit-guide.com/posts/mountain-camp-lantern#%E7%AC%AC1%E4%BD%8D%E3%82%AD%E3%83%A3%E3%83%AA%E3%83%BC%E3%82%B6%E3%82%B5%E3%83%B3-%E3%83%9F%E3%83%87%E3%82%A3%E3%82%A2%E3%83%A0-led%E3%83%A9%E3%83%B3%E3%82%BF%E3%83%B3life-is	0	36	0.00	10.4
https://www.camp-kit-guide.com/posts/mountain-camp-lantern#%E7%AC%AC2%E4%BD%8D%E3%82%AD%E3%83%A3%E3%83%AA%E3%83%BC%E3%83%BB%E3%82%B6%E3%83%BB%E3%82%B5%E3%83%B3-%E3%82%B9%E3%83%A2%E3%83%BC%E3%83%ABoutdoorstyle-%E3%82%B5%E3%83%B3%E3%83%87%E3%83%BC%E3%83%9E%E3%82%A6%E3%83%B3%E3%83%86%E3%83%B3	0	27	0.00	10.3
https://www.camp-kit-guide.com/posts/mountain-camp-lantern#%E7%AC%AC3%E4%BD%8Dbruno-%E3%83%96%E3%83%AB%E3%83%BC%E3%83%8E-led%E3%83%A9%E3%83%B3%E3%82%BF%E3%83%B3-bol001plywood	0	27	0.00	10.3
https://www.camp-kit-guide.com/posts/mountain-camp-lantern#%E7%AC%AC4%E4%BD%8D%E3%83%A9%E3%83%B3%E3%82%BF%E3%83%B3-led-%E5%85%85%E9%9B%BB%E5%BC%8F-%E3%82%BD%E3%83%BC%E3%83%A9%E3%83%BC-%E6%8A%98%E3%82%8A%E7%95%B3%E3%81%BFe-finds	0	27	0.00	10.3
https://www.camp-kit-guide.com/posts/mountain-camp-lantern#%E7%AC%AC5%E4%BD%8Dlepro-led%E3%83%A9%E3%83%B3%E3%82%BF%E3%83%B3-4%E5%80%8B%E5%85%A5%E3%82%8Alepro	0	34	0.00	10.4
https://www.camp-kit-guide.com/posts/mountain-camp-lantern#%E8%BB%BD%E9%87%8F%E3%83%A9%E3%83%B3%E3%82%AD%E3%83%B3%E3%82%B0%E6%AF%94%E8%BC%83%E8%A1%A8%E9%87%8D%E9%87%8Fg%E6%98%87%E9%A0%86	0	27	0.00	10.3
https://www.camp-kit-guide.com/posts/mountain-camp-tent	0	29	0.00	12.1
https://www.camp-kit-guide.com/posts/mysteryranch-backpack#%E3%81%AF%E3%81%98%E3%82%81%E3%81%AB	0	30	0.00	6.7
https://www.camp-kit-guide.com/posts/mysteryranch-backpack#%E3%83%9D%E3%82%A4%E3%83%B3%E3%83%881%E5%AE%B9%E9%87%8F%E3%81%A7%E9%81%B8%E3%81%B6%E7%94%A8%E9%80%94%E5%88%A5%E3%81%AE%E7%9B%AE%E5%AE%89	0	18	0.00	5.8
https://www.camp-kit-guide.com/posts/mysteryranch-backpack#%E3%83%9D%E3%82%A4%E3%83%B3%E3%83%882%E7%94%A8%E9%80%94%E3%83%BB%E3%82%B7%E3%83%BC%E3%83%B3%E3%81%A7%E9%81%B8%E3%81%B6	0	25	0.00	6.4
https://www.camp-kit-guide.com/posts/mysteryranch-backpack#%E3%83%9D%E3%82%A4%E3%83%B3%E3%83%8833%E3%82%B8%E3%83%83%E3%83%97%E3%83%87%E3%82%B6%E3%82%A4%E3%83%B3%E3%83%BB%E4%BD%BF%E3%81%84%E5%8B%9D%E6%89%8B%E3%81%A7%E9%81%B8%E3%81%B6	0	9	0.00	7.7
https://www.camp-kit-guide.com/posts/mysteryranch-backpack#%E3%83%9D%E3%82%A4%E3%83%B3%E3%83%884%E8%83%8C%E8%B2%A0%E3%81%84%E5%BF%83%E5%9C%B0%E3%83%BB%E8%80%90%E4%B9%85%E6%80%A7%E3%81%A7%E9%81%B8%E3%81%B6	0	26	0.00	6.4
https://www.camp-kit-guide.com/posts/mysteryranch-backpack#%E7%AC%AC1%E4%BD%8D%E3%83%9F%E3%82%B9%E3%83%86%E3%83%AA%E3%83%BC%E3%83%A9%E3%83%B3%E3%83%81-%E3%82%AF%E3%83%BC%E3%83%AA%E3%83%BC-30%E4%B8%87%E8%83%BD%E3%81%AB%E4%BD%BF%E3%81%88%E3%82%8B%E5%AE%9A%E7%95%AA%E3%81%AE30l	0	30	0.00	6.7
https://www.camp-kit-guide.com/posts/mysteryranch-backpack#%E7%AC%AC2%E4%BD%8D%E3%83%9F%E3%82%B9%E3%83%86%E3%83%AA%E3%83%BC%E3%83%A9%E3%83%B3%E3%83%81-%E3%82%AE%E3%83%A3%E3%83%A9%E3%82%B2%E3%83%BC%E3%82%BF%E3%83%BC-20l%E6%89%8B%E9%A0%83%E3%81%A7%E8%A1%97%E3%81%AB%E3%82%82%E4%BD%BF%E3%81%88%E3%82%8B%E3%83%87%E3%82%A4%E3%83%91%E3%83%83%E3%82%AF	0	27	0.00	6.6
https://www.camp-kit-guide.com/posts/mysteryranch-backpack#%E7%AC%AC3%E4%BD%8D%E3%83%9F%E3%82%B9%E3%83%86%E3%83%AA%E3%83%BC%E3%83%A9%E3%83%B3%E3%83%81-%E3%82%AF%E3%83%BC%E3%83%AA%E3%83%BC-4012%E6%B3%8A%E3%81%AB%E5%AF%BE%E5%BF%9C%E3%81%99%E3%82%8B%E5%A4%A7%E3%81%8D%E3%82%81%E5%AE%B9%E9%87%8F	0	29	0.00	6.6
https://www.camp-kit-guide.com/posts/nanga-down-jacket	0	11	0.00	8.1
https://www.camp-kit-guide.com/posts/naturehike-sleeping-bag	0	26	0.00	7.1
https://www.camp-kit-guide.com/posts/naturehike-tent#%E3%81%AF%E3%81%98%E3%82%81%E3%81%AB%E3%82%B3%E3%82%B9%E3%83%91%E3%81%A8%E3%83%87%E3%82%B6%E3%82%A4%E3%83%B3%E3%81%A7%E4%BA%BA%E6%B0%97%E6%80%A5%E4%B8%8A%E6%98%87%E3%81%AEnaturehike	0	1	0.00	8.0
https://www.camp-kit-guide.com/posts/naturehike-tent#%E3%83%89%E3%83%BC%E3%83%A0%E3%83%86%E3%83%B3%E3%83%882%E4%B8%87%E5%86%86%E5%89%8D%E5%BE%8C%E7%99%BB%E5%B1%B1%E3%83%BB%E3%82%BD%E3%83%AD%E3%81%AE%E5%AE%9A%E7%95%AA	0	1	0.00	8.0
https://www.camp-kit-guide.com/posts/naturehike-tent#%E7%AC%AC1%E4%BD%8Dnaturehike-cloud-up2-pro-ul-%E3%83%89%E3%83%BC%E3%83%A0%E3%83%86%E3%83%B3%E3%83%88%E8%B6%85%E8%BB%BD%E9%87%8F%E3%83%BB12%E4%BA%BA	0	1	0.00	8.0
https://www.camp-kit-guide.com/posts/naturehike-tent#%E7%AC%AC2%E4%BD%8Dnaturehike-%E8%BB%BD%E9%87%8F%E3%83%86%E3%83%B3%E3%83%88-12%E4%BA%BA%E7%94%A820d%E3%83%BB%E8%80%90%E6%B0%B4%E5%9C%A74000mm%E3%83%BB%E3%82%B0%E3%83%A9%E3%83%B3%E3%83%89%E3%82%B7%E3%83%BC%E3%83%88%E4%BB%98	0	1	0.00	8.0
https://www.camp-kit-guide.com/posts/naturehike-tent#%E7%AC%AC3%E4%BD%8Dnaturehike-dune76-2%E3%83%AB%E3%83%BC%E3%83%A0%E3%83%86%E3%83%B3%E3%83%88%E7%85%99%E7%AA%81%E5%8F%A3%E4%BB%98%E3%81%8D%E3%83%BB%E8%87%AA%E7%AB%8B%E5%BC%8F	0	1	0.00	8.0
https://www.camp-kit-guide.com/posts/naturehike-tent#%E7%AC%AC4%E4%BD%8Dnaturehike-%E3%83%AF%E3%83%B3%E3%82%BF%E3%83%83%E3%83%81%E3%83%86%E3%83%B3%E3%83%88-ti-black-%E3%83%AD%E3%83%83%E3%82%B8%E5%9E%8B13%E5%B9%B3%E7%B1%B3%E3%83%BB34%E4%BA%BA	0	1	0.00	8.0
https://www.camp-kit-guide.com/posts/naturehike-tent#2%E3%83%AB%E3%83%BC%E3%83%A0%E3%83%86%E3%83%B3%E3%83%885%E4%B8%87%E5%86%86%E5%89%8D%E5%BE%8C%E3%83%95%E3%82%A1%E3%83%9F%E3%83%AA%E3%83%BC%E3%81%AE%E3%83%99%E3%83%BC%E3%82%B9	0	1	0.00	8.0
https://www.camp-kit-guide.com/posts/oil-lantern	0	3	0.00	6.7
https://www.camp-kit-guide.com/posts/one-pole-tent	0	40	0.00	8.7
https://www.camp-kit-guide.com/posts/one-touch-tarp	0	16	0.00	7.3
https://www.camp-kit-guide.com/posts/osprey-backpack#%E3%81%AF%E3%81%98%E3%82%81%E3%81%AB	0	313	0.00	8.2
https://www.camp-kit-guide.com/posts/osprey-backpack#%E3%83%9D%E3%82%A4%E3%83%B3%E3%83%881%E5%AE%B9%E9%87%8Fl%E3%81%A7%E9%81%B8%E3%81%B6	0	259	0.00	8.4
https://www.camp-kit-guide.com/posts/osprey-backpack#%E3%83%9D%E3%82%A4%E3%83%B3%E3%83%883%E8%83%8C%E8%B2%A0%E3%81%84%E5%BF%83%E5%9C%B0%E3%83%BB%E8%83%8C%E9%9D%A2%E6%A7%8B%E9%80%A0%E3%81%A7%E9%81%B8%E3%81%B6	0	259	0.00	8.4
https://www.camp-kit-guide.com/posts/osprey-backpack#%E3%83%9D%E3%82%A4%E3%83%B3%E3%83%884%E6%A9%9F%E8%83%BD%E3%83%BB%E5%8F%8E%E7%B4%8D%E3%81%A7%E9%81%B8%E3%81%B6	0	259	0.00	8.4
https://www.camp-kit-guide.com/posts/osprey-backpack#%E7%AC%AC1%E4%BD%8Dosprey-%E3%83%87%E3%82%A4%E3%83%A9%E3%82%A4%E3%83%88%E3%83%97%E3%83%A9%E3%82%B9%E6%97%A5%E5%B8%B0%E3%82%8A%E3%83%BB%E8%A1%97%E4%BD%BF%E3%81%84%E3%81%AE%E5%AE%9A%E7%95%AA%E3%83%87%E3%82%A4%E3%83%91%E3%83%83%E3%82%AF	0	281	0.00	8.4
https://www.camp-kit-guide.com/posts/osprey-backpack#%E7%AC%AC2%E4%BD%8Dosprey-%E3%82%B9%E3%83%88%E3%83%A9%E3%83%88%E3%82%B9-36%E8%83%8C%E9%9D%A2%E9%80%9A%E6%B0%97%E3%81%A7%E3%83%86%E3%83%B3%E3%83%88%E6%B3%8A%E3%83%BB%E7%B8%A6%E8%B5%B0%E3%81%AB%E5%AF%BE%E5%BF%9C	0	298	0.00	8.2
https://www.camp-kit-guide.com/posts/osprey-backpack#%E7%AC%AC3%E4%BD%8Dosprey-%E3%82%B7%E3%83%A9%E3%82%B9-24%E5%A5%B3%E6%80%A7%E5%90%91%E3%81%91%E3%81%AB%E8%A8%AD%E8%A8%88%E3%81%95%E3%82%8C%E3%81%9F%E7%99%BB%E5%B1%B1%E3%83%BB%E3%83%8F%E3%82%A4%E3%82%AD%E3%83%B3%E3%82%B0%E3%83%A2%E3%83%87%E3%83%AB	0	291	0.00	8.2
https://www.camp-kit-guide.com/posts/osprey-daily-backpack#%E3%81%AF%E3%81%98%E3%82%81%E3%81%AB	0	99	0.00	4.4
https://www.camp-kit-guide.com/posts/osprey-daily-backpack#%E3%83%9D%E3%82%A4%E3%83%B3%E3%83%881%E5%AE%B9%E9%87%8Fl%E3%81%A7%E9%81%B8%E3%81%B6	0	7	0.00	8.3
https://www.camp-kit-guide.com/posts/osprey-daily-backpack#%E3%83%9D%E3%82%A4%E3%83%B3%E3%83%882%E9%80%9A%E5%8B%A4%E3%83%BB%E9%80%9A%E5%AD%A6%E3%81%A7%E3%81%AE%E4%BD%BF%E3%81%84%E3%82%84%E3%81%99%E3%81%95pc%E5%8F%8E%E7%B4%8D%E3%83%BB%E8%A6%8B%E3%81%9F%E7%9B%AE%E3%81%A7%E9%81%B8%E3%81%B6	0	87	0.00	4.7
https://www.camp-kit-guide.com/posts/osprey-daily-backpack#%E3%83%9D%E3%82%A4%E3%83%B3%E3%83%884%E6%A9%9F%E8%83%BD%E3%83%BB%E8%80%90%E4%B9%85%E6%80%A7%E3%81%A7%E9%81%B8%E3%81%B6	0	83	0.00	4.6
https://www.camp-kit-guide.com/posts/osprey-daily-backpack#%E7%AC%AC1%E4%BD%8Dosprey-%E3%83%87%E3%82%A4%E3%83%A9%E3%82%A4%E3%83%88%E3%83%97%E3%83%A9%E3%82%B9-20l%E9%80%9A%E5%8B%A4%E3%83%BB%E3%82%BF%E3%82%A6%E3%83%B3%E3%81%AE%E5%AE%9A%E7%95%AA%E3%83%87%E3%82%A4%E3%83%91%E3%83%83%E3%82%AF	0	102	0.00	4.6
https://www.camp-kit-guide.com/posts/osprey-daily-backpack#%E7%AC%AC2%E4%BD%8Dosprey-%E3%83%87%E3%82%A4%E3%83%A9%E3%82%A4%E3%83%88-13l%E8%BA%AB%E8%BB%BD%E3%81%AB%E4%BD%BF%E3%81%88%E3%82%8B%E3%82%B3%E3%83%B3%E3%83%91%E3%82%AF%E3%83%88%E3%83%A2%E3%83%87%E3%83%AB	0	89	0.00	4.6
https://www.camp-kit-guide.com/posts/osprey-daily-backpack#%E7%AC%AC3%E4%BD%8Dosprey-%E3%82%A2%E3%83%BC%E3%82%B1%E3%82%A4%E3%83%B3-%E3%83%A9%E3%83%BC%E3%82%B8%E3%83%87%E3%82%A4-28lpc%E5%8F%8E%E7%B4%8D%E3%81%8C%E6%95%B4%E3%81%86%E9%80%9A%E5%8B%A4%E7%89%B9%E5%8C%96%E3%83%A2%E3%83%87%E3%83%AB	0	93	0.00	4.7
https://www.camp-kit-guide.com/posts/osprey-daily-backpack#%E7%AC%AC4%E4%BD%8Dosprey-%E3%83%8F%E3%82%A4%E3%82%AF%E3%83%A9%E3%82%A4%E3%83%88-26l%E3%82%BF%E3%82%A6%E3%83%B3%E3%81%A8%E8%BB%BD%E3%82%A2%E3%82%A6%E3%83%88%E3%83%89%E3%82%A2%E3%82%92%E5%85%BC%E3%81%AD%E3%82%8B%E9%80%9A%E6%B0%97%E8%83%8C%E9%9D%A2	0	87	0.00	4.7
https://www.camp-kit-guide.com/posts/outdoor-kitchen-table	0	2	0.00	8.0
https://www.camp-kit-guide.com/posts/outdoor-wagon	0	5	0.00	4.8
https://www.camp-kit-guide.com/posts/peg-hammer	0	12	0.00	6.1
https://www.camp-kit-guide.com/posts/petzl-headlight	0	5	0.00	9.0
https://www.camp-kit-guide.com/posts/portable-cooler-aircon	0	2	0.00	5.5
https://www.camp-kit-guide.com/posts/portable-power-guide	0	42	0.00	27.6
https://www.camp-kit-guide.com/posts/portable-power-large	0	21	0.00	8.8
https://www.camp-kit-guide.com/posts/portable-power-vehicle-camp	0	3	0.00	18.0
https://www.camp-kit-guide.com/posts/power-furusato	0	2	0.00	10.0
https://www.camp-kit-guide.com/posts/rectangle-sleeping-bag	0	4	0.00	7.5
https://www.camp-kit-guide.com/posts/screen-tarp	0	5	0.00	5.0
https://www.camp-kit-guide.com/posts/secondary-combustion-bonfire	0	4	0.00	7.8
https://www.camp-kit-guide.com/posts/sierra-cup	0	8	0.00	12.4
https://www.camp-kit-guide.com/posts/sleeping-bag-cover	0	21	0.00	16.9
https://www.camp-kit-guide.com/posts/sleeping-bag-summer-cospa	0	5	0.00	8.2
https://www.camp-kit-guide.com/posts/sleeping-bag-temperature-guide#%E3%81%93%E3%81%AE%E8%A8%98%E4%BA%8B%E3%81%A7%E3%82%8F%E3%81%8B%E3%82%8B%E3%81%93%E3%81%A8	0	1	0.00	11.0
https://www.camp-kit-guide.com/posts/sleeping-bag-temperature-guide#%E3%82%B9%E3%83%86%E3%83%83%E3%83%971%E4%BD%BF%E3%81%86%E6%9C%80%E4%BD%8E%E6%B0%97%E6%B8%A9%E3%81%8B%E3%82%89%E6%B8%A9%E5%BA%A6%E5%B8%AF%E3%82%92%E6%B1%BA%E3%82%81%E3%82%8B	0	7	0.00	9.1
https://www.camp-kit-guide.com/posts/sleeping-bag-temperature-guide#%E5%86%AC%E3%82%AD%E3%83%A3%E3%83%B3%E3%83%9712%E6%9C%882%E6%9C%88	0	5	0.00	7.2
https://www.camp-kit-guide.com/posts/sleeping-bag-temperature-guide#%E5%A4%8F%E3%82%AD%E3%83%A3%E3%83%B3%E3%83%976%E6%9C%888%E6%9C%88	0	5	0.00	7.2
https://www.camp-kit-guide.com/posts/sleeping-bag-temperature-guide#%E5%BF%AB%E9%81%A9%E6%B8%A9%E5%BA%A6%E3%82%B3%E3%83%B3%E3%83%95%E3%82%A9%E3%83%BC%E3%83%88%E3%81%A8%E4%B8%8B%E9%99%90%E6%B8%A9%E5%BA%A6%E3%83%AA%E3%83%9F%E3%83%83%E3%83%88%E3%81%AE%E9%81%95%E3%81%84	0	10	0.00	8.5
https://www.camp-kit-guide.com/posts/sleeping-bag-temperature-guide#%E7%A7%8B%E3%82%AD%E3%83%A3%E3%83%B3%E3%83%979%E6%9C%8811%E6%9C%88	0	2	0.00	10.5
https://www.camp-kit-guide.com/posts/sleeping-bag-temperature-guide#%E7%AC%AC1%E4%BD%8Dcamdoor-%E5%86%AC%E7%94%A8-25%E5%AF%BE%E5%BF%9C-%E5%B0%81%E7%AD%92%E5%9E%8B%E3%82%B7%E3%83%A5%E3%83%A9%E3%83%95	0	6	0.00	8.5
https://www.camp-kit-guide.com/posts/sleeping-bag-temperature-guide#%E7%AC%AC2%E4%BD%8D%E3%81%AD%E3%81%B6%E3%81%8F%E3%82%8D%E3%82%93-230t-%E5%8E%9A%E6%89%8B%E5%B0%81%E7%AD%92%E5%9E%8B%E3%82%B7%E3%83%A5%E3%83%A9%E3%83%95	0	3	0.00	10.7
https://www.camp-kit-guide.com/posts/sleeping-bag-winter-beginner	0	4	0.00	23.0
https://www.camp-kit-guide.com/posts/snowpeak-bonfire	0	7	0.00	4.9
https://www.camp-kit-guide.com/posts/snowpeak-lantern	0	1	0.00	1.0
https://www.camp-kit-guide.com/posts/snowpeak-tent	0	5	0.00	6.6
https://www.camp-kit-guide.com/posts/solar-lantern	0	20	0.00	8.3
https://www.camp-kit-guide.com/posts/solar-portable-power	0	17	0.00	9.4
https://www.camp-kit-guide.com/posts/solo-camp-beginners-guide	0	22	0.00	10.2
https://www.camp-kit-guide.com/posts/solo-tent-overall	0	9	0.00	6.7
https://www.camp-kit-guide.com/posts/soto-burner#%E3%81%AF%E3%81%98%E3%82%81%E3%81%AB	0	115	0.00	6.8
https://www.camp-kit-guide.com/posts/soto-burner#%E3%83%9D%E3%82%A4%E3%83%B3%E3%83%881%E8%AA%BF%E7%90%86%E7%94%A8%E3%83%90%E3%83%BC%E3%83%8A%E3%83%BC%E3%81%8B%E7%9D%80%E7%81%AB%E7%94%A8%E3%83%88%E3%83%BC%E3%83%81%E3%81%8B%E3%81%A7%E9%81%B8%E3%81%B6	0	88	0.00	6.8
https://www.camp-kit-guide.com/posts/soto-burner#%E3%83%9D%E3%82%A4%E3%83%B3%E3%83%882%E3%82%AC%E3%82%B9%E3%81%AE%E7%A8%AE%E9%A1%9Ecb%E7%BC%B6od%E7%BC%B6%E3%81%A7%E9%81%B8%E3%81%B6	0	88	0.00	6.9
https://www.camp-kit-guide.com/posts/soto-burner#%E3%83%9D%E3%82%A4%E3%83%B3%E3%83%883%E8%80%90%E9%A2%A8%E6%80%A7%E3%83%BB%E7%81%AB%E5%8A%9B%E3%81%AE%E5%AE%89%E5%AE%9A%E6%80%A7%E3%81%A7%E9%81%B8%E3%81%B6	0	19	0.00	7.3
https://www.camp-kit-guide.com/posts/soto-burner#%E3%83%9D%E3%82%A4%E3%83%B3%E3%83%884%E6%90%BA%E5%B8%AF%E6%80%A7%E3%83%BB%E5%8F%8E%E7%B4%8D%E3%82%B5%E3%82%A4%E3%82%BA%E3%81%A7%E9%81%B8%E3%81%B6	0	7	0.00	7.4
https://www.camp-kit-guide.com/posts/soto-burner#%E7%AC%AC1%E4%BD%8Dsoto-%E3%82%A6%E3%82%A4%E3%83%B3%E3%83%89%E3%83%9E%E3%82%B9%E3%82%BF%E3%83%BC-sod-310%E8%80%90%E9%A2%A8%E6%80%A7no1%E3%81%AE%E6%9C%AC%E6%A0%BC%E3%82%B7%E3%83%B3%E3%82%B0%E3%83%AB%E3%83%90%E3%83%BC%E3%83%8A%E3%83%BC	0	116	0.00	6.8
https://www.camp-kit-guide.com/posts/soto-burner#%E7%AC%AC2%E4%BD%8Dsoto-%E3%83%AC%E3%82%AE%E3%83%A5%E3%83%AC%E3%83%BC%E3%82%BF%E3%83%BC%E3%82%B9%E3%83%88%E3%83%BC%E3%83%96-st-310cb%E7%BC%B6%E3%81%A7%E6%89%B1%E3%81%84%E3%82%84%E3%81%99%E3%81%84%E5%AE%9A%E7%95%AA	0	99	0.00	6.8
https://www.camp-kit-guide.com/posts/soto-burner#%E7%AC%AC3%E4%BD%8Dsoto-%E3%83%9E%E3%82%A4%E3%82%AF%E3%83%AD%E3%83%88%E3%83%BC%E3%83%81-active-st-486%E7%82%99%E3%82%8A%E6%96%99%E7%90%86%E3%83%BB%E7%9D%80%E7%81%AB%E3%81%AB%E4%BE%BF%E5%88%A9%E3%81%AA%E5%B0%8F%E5%9E%8B%E3%83%88%E3%83%BC%E3%83%81	0	100	0.00	6.8
https://www.camp-kit-guide.com/posts/soto-burner#soto%E3%81%A8%E6%96%B0%E5%AF%8C%E5%A3%AB%E3%83%90%E3%83%BC%E3%83%8A%E3%83%BC%E3%81%AF%E5%90%8C%E3%81%98%E3%83%96%E3%83%A9%E3%83%B3%E3%83%89%E3%81%AE%E9%81%95%E3%81%84%E3%82%92%E8%A7%A3%E8%AA%AC	0	117	0.00	6.8
https://www.camp-kit-guide.com/posts/soup-jar-camp	0	8	0.00	14.9
https://www.camp-kit-guide.com/posts/stylish-camp-tent	0	45	0.00	10.0
https://www.camp-kit-guide.com/posts/takibi-table	0	11	0.00	6.6
https://www.camp-kit-guide.com/posts/tarp-pole	0	50	0.00	8.6
https://www.camp-kit-guide.com/posts/tent-furusato	0	1	0.00	10.0
https://www.camp-kit-guide.com/posts/tent-wood-stove	0	7	0.00	4.9
https://www.camp-kit-guide.com/posts/thermal-bottle	0	3	0.00	5.0
https://www.camp-kit-guide.com/posts/titanium-cooker	0	15	0.00	7.7
https://www.camp-kit-guide.com/posts/trekking-pole	0	6	0.00	7.5
https://www.camp-kit-guide.com/posts/vastland-tent	0	3	0.00	4.7
https://www.camp-kit-guide.com/posts/winter-camp-gloves	0	20	0.00	7.7
https://www.camp-kit-guide.com/posts/winter-camp-guide	0	5	0.00	25.6
https://www.camp-kit-guide.com/posts/winter-camp-rental	0	15	0.00	13.0
https://www.camp-kit-guide.com/posts/yamadougu-rental	0	22	0.00	8.9
https://www.camp-kit-guide.com/posts/yamadougu-rental-price	0	28	0.00	6.6
https://www.camp-kit-guide.com/privacy-policy	0	6	0.00	23.8
https://www.camp-kit-guide.com/ranking	0	254	0.00	9.3
