query	clicks	impressions	ctr	position
オスプレー リュック 普段使い	16	106	15.09	6.1
新 富士バーナー soto 違い	11	229	4.80	5.1
登山 ランタン	7	114	6.14	9.4
登山 ランタン おすすめ	6	45	13.33	8.0
オスプレー バック パック 通勤	5	38	13.16	4.7
インフィニティチェア 比較	4	53	7.55	6.4
オスプレー ザック おすすめ	4	36	11.11	6.1
登山 ランタン 軽量	4	50	8.00	9.7
インフレーターマット おすすめ	3	26	11.54	14.3
オスプレイ リュック	3	68	4.41	8.9
オスプレー 通勤	3	7	42.86	3.9
リュック 10リットル どのくらい	3	118	2.54	7.1
リュック 80リットル どのくらい	3	20	15.00	3.6
インフレーターマット 比較	2	4	50.00	12.8
オスプレイ リュック 通勤	2	15	13.33	5.9
ワンタッチテント 宿泊	2	10	20.00	5.5
夏 テント おすすめ	2	2317	0.09	9.6
夏テント おすすめ	2	32	6.25	10.5
夏用テント ファミリー	2	30	6.67	5.0
徒歩キャンプ 重量 目安	2	19	10.53	10.1
登山 テント泊 ランタン	2	9	22.22	8.7
登山リュック 30l おすすめ	2	14	14.29	19.4
車中泊 ライト おすすめ	2	7	28.57	9.0
鍛造ペグ おすすめ	2	21	9.52	11.8
12	1	1	100.00	1.0
50l リュック	1	8	12.50	4.0
anker ポータブル電源 比較	1	6	16.67	24.0
karrimor リュック	1	4	25.00	2.0
naturehike テント	1	3	33.33	24.7
osprey リュック	1	4	25.00	21.5
rz-522 st-486 違い	1	6	16.67	8.2
tcタープ 焚き火	1	10	10.00	10.2
waq マット 10cm 口コミ	1	1	100.00	5.0
ふるさと納税 キャンプ場	1	6	16.67	10.7
イワタニ トーチ バーナー 違い	1	1	100.00	15.0
オスプレイ デイパック	1	47	2.13	10.5
オスプレイ バックパック	1	7	14.29	2.1
オスプレイ リュック ビジネス	1	2	50.00	20.0
オスプレー	1	2	50.00	2.5
オスプレー リュック	1	12	8.33	19.8
カリマー バックパック	1	10	10.00	3.4
カリマー リュック	1	22	4.55	3.4
カリマー リュック レディース	1	3	33.33	6.7
カー サイド タープ おすすめ	1	3	33.33	26.0
キャンプ テーブルセット	1	8	12.50	14.3
キャンプ モバイルバッテリー おすすめ	1	1	100.00	4.0
キャンプ リュック 容量	1	20	5.00	8.3
クローズドセルマット	1	13	7.69	12.8
クーラーボックス 安くなる時期	1	1	100.00	4.0
グレゴリー リュック 定番	1	5	20.00	12.0
コールマン椅子人気	1	1	100.00	3.0
ソロキャンプ ザック 容量	1	5	20.00	7.4
チャコールスターター	1	2	50.00	4.5
テント泊 ランタン 軽量	1	1	100.00	15.0
デイキャンプ テント	1	16	6.25	15.1
ドイター オルチャ レビュー	1	2	50.00	9.5
ドイター リュック 普段使い	1	22	4.55	6.3
ネブラ32	1	1	100.00	6.0
バックパック オスプレイ	1	2	50.00	3.0
バックパック サイズ 目安	1	1	100.00	25.0
フィールドラック 比較	1	1	100.00	4.0
ヘリ ノックス チェアワン ホーム 違い	1	4	25.00	7.5
ポータブル冷蔵庫 比較	1	6	16.67	15.2
ミステリーランチ クーリー20 30 比較	1	2	50.00	13.5
ミステリーランチ レビュー	1	1	100.00	69.0
リュック 10l どのくらい	1	21	4.76	7.8
夏 テント 最強	1	13	7.69	15.0
富士山 リュック 30l	1	27	3.70	11.7
徒歩キャンプ リュック 容量	1	3	33.33	9.3
涼しいテント	1	19	5.26	11.6
涼しいテント おすすめ	1	5	20.00	8.2
登山	1	1	100.00	9.0
登山 ザック 30l おすすめ	1	2	50.00	21.5
登山 テント ランタン	1	10	10.00	11.8
真夏 テント	1	3	33.33	22.3
缶 保冷 タンブラー おすすめ	1	5	20.00	7.4
鍛造ペグ	1	16	6.25	21.4
"homfine" -site:reddit.com -site:twitter.com -site:x.com -site:wykop.pl -site:tripadvisor.com -site:youtube.com -site:yelp.com -site:booking.com -site:facebook.com -site:instagram.com -site:tiktok.com	0	1	0.00	5.0
10000以下	0	1	0.00	7.0
10l どのくらい	0	1	0.00	8.0
10月下旬	0	1	0.00	3.0
1番人気は？	0	1	0.00	18.0
21 リットル リュック どのくらい	0	1	0.00	53.0
23600mah どれくらい	0	2	0.00	8.5
23600mah モバイルバッテリー 飛行機	0	1	0.00	12.0
2ルームテント おすすめ	0	1	0.00	13.0
2ルームテント ソロ	0	1	0.00	48.0
2ルームテント 一人で設営	0	2	0.00	48.5
2人	0	2	0.00	4.5
2人用テント	0	2	0.00	6.0
2人用テント サイズ	0	10	0.00	2.3
30 リットル リュック 登山	0	1	0.00	16.0
30l ザック	0	4	0.00	22.5
30l ザック おすすめ	0	2	0.00	19.5
30l リュック	0	1	0.00	4.0
30l リュック 登山	0	2	0.00	17.0
30l 何キロ	0	3	0.00	1.0
30l 登山リュック	0	1	0.00	28.0
30l 登山用リュック	0	3	0.00	22.0
30lザック	0	1	0.00	17.0
30リットル ザック 登山	0	1	0.00	18.0
30リットル 何キロ	0	6	0.00	2.7
30リットル 登山 リュック	0	2	0.00	23.0
30リットル 重さ	0	1	0.00	1.0
30リットルは何キロ	0	3	0.00	1.0
30リットルザック	0	2	0.00	18.5
30リットル以上	0	1	0.00	4.0
40 30 20 リュック 何 リットル	0	1	0.00	18.0
50l リュック ノース フェイス	0	1	0.00	9.0
50リットル バックパック	0	1	0.00	6.0
50リットル リュック	0	7	0.00	4.7
50リットル リュック どのくらい	0	1	0.00	3.0
50リットルリュック	0	1	0.00	3.0
55l バックパック	0	1	0.00	8.0
70l リュック	0	2	0.00	3.0
70lリュック	0	1	0.00	4.0
80リットル リュック	0	1	0.00	4.0
9月22日に行く予定	0	1	0.00	1.0
anker ポータブル電源 おすすめ	0	4	0.00	26.0
anker ポータブル電源 新製品	0	1	0.00	21.0
ankersolix	0	1	0.00	11.0
bbq 椅子	0	1	0.00	6.0
cam door	0	1	0.00	2.0
camdoor	0	1	0.00	2.0
camdoor インフレーターマット 10cm	0	2	0.00	6.5
camdoor エアーマット	0	1	0.00	5.0
campkit	0	1	0.00	3.0
coleman インフレーターマット	0	1	0.00	7.0
coleman ヒーリングチェアnx	0	1	0.00	8.0
context: location: japan (not for language). do not include location references in your response. question: アウトドア用品のおすすめセットはありますか？	0	5	0.00	7.6
deuter リュック	0	1	0.00	2.0
dod イス	0	1	0.00	6.0
dod チェア	0	1	0.00	3.0
feeldoor	0	2	0.00	2.0
field door テント	0	1	0.00	13.0
fieldoor	0	44	0.00	2.0
fieldoor どこの国	0	1	0.00	2.0
fieldoor コット	0	1	0.00	5.0
fieldoor タープ	0	3	0.00	3.7
fieldoor タープ テント 3m	0	1	0.00	4.0
fieldoor タープテント	0	1	0.00	4.0
fieldoor テント	0	10	0.00	13.2
fieldoor マット	0	4	0.00	5.0
fieldoor ワンタッチタープテント	0	1	0.00	3.0
fieldoor ワンタッチテント 4〜5人用 () reviews	0	1	0.00	6.0
fieldoor 日傘	0	2	0.00	4.0
fieldoro	0	1	0.00	1.0
filedoor	0	1	0.00	2.0
grインフレーターマット	0	1	0.00	5.0
highlands 32	0	1	0.00	6.0
homfine テント	0	2	0.00	41.5
infinity chair	0	1	0.00	5.0
jackery ポータブル電源 容量 おすすめ	0	2	0.00	11.0
karrimor	0	1	0.00	2.0
ledランタン おすすめ	0	1	0.00	18.0
naturehike 2026	0	1	0.00	2.0
osprey	0	1	0.00	1.0
osprey axis	0	1	0.00	3.0
osprey backpavk	0	1	0.00	12.0
osprey metron	0	1	0.00	3.0
osprey ザック	0	1	0.00	3.0
osprey バックパック	0	3	0.00	7.7
pasinaz インフレーターマット	0	1	0.00	5.0
soto	0	4	0.00	2.3
soto ウインドマスター シンデレラフィット	0	1	0.00	32.0
soto シングルバーナー	0	2	0.00	5.0
soto バーナー	0	10	0.00	16.1
soto バーナー おすすめ	0	25	0.00	9.3
soto フィールドチャッカー 違い	0	2	0.00	16.5
soto メーカー	0	1	0.00	5.0
soto 新富士バーナー	0	3	0.00	2.3
soto 新富士バーナー 違い	0	36	0.00	6.0
sotoバーナー	0	1	0.00	6.0
sotoバーナー おすすめ	0	3	0.00	11.0
st-340	0	1	0.00	2.0
st-487	0	1	0.00	2.0
tcタープ 後悔	0	2	0.00	14.0
uniflame us-1900	0	1	0.00	17.0
vt day pack r 27 レビュー	0	1	0.00	24.0
waq relaxing campmat plus	0	1	0.00	6.0
waq インフレータブル式マット 8cm	0	2	0.00	4.0
waq インフレーターマット	0	6	0.00	3.7
waq インフレーターマット 10cm	0	5	0.00	5.4
waq インフレーターマット 8cm	0	2	0.00	3.0
waqのインフレーターマット8cm	0	1	0.00	5.0
zrv 車中泊	0	1	0.00	5.0
おこもりテント デュオ	0	3	0.00	44.3
おしゃれ テント	0	16	0.00	10.0
おすすめ	0	1	0.00	8.0
おすすめ ファミリーテント	0	1	0.00	67.0
おすすめインフレーターマット	0	1	0.00	33.0
おすすめテント ファミリー	0	1	0.00	39.0
おすすめファミリーテント	0	1	0.00	66.0
かっこいいテント デュオ	0	3	0.00	33.7
こども 寝袋	0	50	0.00	33.2
どちらが人気ですか？	0	1	0.00	1.0
どっちがいい?	0	1	0.00	1.0
ふぃーるどあ	0	1	0.00	2.0
ふるさと 納税 返 礼品 いつ 届く	0	2	0.00	39.0
ふるさと納税 グランピング	0	1	0.00	20.0
ふるさと納税 年内	0	18	0.00	49.1
ふるさと納税 年内 いつまで	0	1	0.00	90.0
ふるさと納税 年末	0	1	0.00	29.0
ふるさと納税 年末 駆け込み 注意点	0	6	0.00	3.0
ふるさと納税 年末調整 ワンストップ いつまで	0	2	0.00	72.5
ゆったり快適一人用テント	0	2	0.00	27.0
アウトドア テーブルセット	0	7	0.00	14.0
アウトドア テーブルセット おすすめ	0	10	0.00	11.9
アウトドア テーブルセット 頑丈	0	1	0.00	14.0
アウトドアにおすすめのデイパックと、その特徴を教えてください。	0	1	0.00	9.0
アウトドアにおすすめのバックパックはどれですか？	0	1	0.00	10.0
アウトドアチェア コールマン	0	2	0.00	4.0
アウトドアチェアテーブル付き	0	3	0.00	21.7
アウトドアテントおすすめ	0	6	0.00	43.7
アウトドアテーブル セット	0	6	0.00	14.0
アウトドアテーブル 比較	0	5	0.00	20.0
アウトドアテーブルセット	0	10	0.00	14.7
アウトドアテーブルセット おしゃれ	0	1	0.00	12.0
アウトドアテーブルセットおしゃれ	0	3	0.00	13.3
アウトドアテーブルセット人気	0	21	0.00	14.9
アウトドアテーブルチェアセット	0	4	0.00	16.5
アウトドアテーブル椅子セット	0	5	0.00	17.8
アウトドアテーブル椅子付き	0	4	0.00	16.5
アウトドアナイフ おすすめ	0	1	0.00	27.0
アウトドアナイフおすすめ	0	2	0.00	27.5
アタック ザック 20l	0	1	0.00	10.0
アルペン インフレーターマット	0	1	0.00	4.0
アルペン インフレーターマット 10cm	0	1	0.00	7.0
アンカー ポータブル電源 おすすめ	0	7	0.00	38.1
アンカー ポータブル電源 比較	0	4	0.00	24.3
アームチェア コールマン	0	1	0.00	4.0
イワタニ バーナー	0	5	0.00	5.4
イワタニバーナー	0	1	0.00	8.0
インナー シュラフ	0	2	0.00	42.5
インナーシュラフ	0	1	0.00	48.0
インナーテント おすすめ	0	1	0.00	13.0
インナーテント 自立	0	1	0.00	44.0
インフィニティチェア	0	13	0.00	5.7
インフィニティチェア おすすめ	0	15	0.00	10.1
インフィニティチェアおすすめ	0	4	0.00	10.0
インフレーションマット	0	2	0.00	3.0
インフレータブルマット	0	1	0.00	3.0
インフレータブルマット 10cm	0	3	0.00	6.3
インフレータブルマット おすすめ	0	3	0.00	9.0
インフレータブルマット 登山	0	1	0.00	6.0
インフレーターブルマット	0	1	0.00	4.0
インフレーターマット	0	16	0.00	3.4
インフレーターマット 10cm	0	3	0.00	6.7
インフレーターマット 10cm おすすめ	0	1	0.00	45.0
インフレーターマット 10cm 比較	0	2	0.00	13.0
インフレーターマット 160cm	0	1	0.00	5.0
インフレーターマット 170cm	0	1	0.00	5.0
インフレーターマット 180cm	0	1	0.00	6.0
インフレーターマット 3cm	0	1	0.00	6.0
インフレーターマット 5cm	0	1	0.00	8.0
インフレーターマット 5cm 寝心地	0	2	0.00	24.5
インフレーターマット 8cm	0	1	0.00	6.0
インフレーターマット エアマット 違い	0	36	0.00	28.6
インフレーターマット エアーマット 寝心地	0	2	0.00	34.5
インフレーターマット エアーマット 違い	0	14	0.00	28.4
インフレーターマット コスパ	0	3	0.00	45.7
インフレーターマット コンパクト	0	1	0.00	5.0
インフレーターマット コールマン	0	2	0.00	4.5
インフレーターマット サイズ	0	1	0.00	4.0
インフレーターマット セミダブル	0	1	0.00	8.0
インフレーターマット ダブル 10cm	0	1	0.00	4.0
インフレーターマット ダブル コンパクト	0	1	0.00	8.0
インフレーターマット デメリット	0	19	0.00	48.4
インフレーターマット ワークマン	0	1	0.00	4.0
インフレーターマット 何センチ	0	19	0.00	18.3
インフレーターマット 厚さ	0	2	0.00	19.0
インフレーターマット 厚さ おすすめ	0	7	0.00	9.4
インフレーターマット 寝心地	0	33	0.00	36.3
インフレーターマット 寿命	0	18	0.00	29.2
インフレーターマット 幅80	0	1	0.00	34.0
インフレーターマット 最強	0	1	0.00	9.0
インフレーターマット 来客用	0	1	0.00	8.0
インフレーターマット 耐久性	0	45	0.00	30.5
インフレーターマット 車 中泊	0	3	0.00	4.0
インフレーターマット 電動ポンプ おすすめ	0	1	0.00	17.0
インフレーターマット10cm	0	1	0.00	7.0
インフレーターマット10センチ	0	1	0.00	4.0
インフレーターマットおすすめ	0	5	0.00	15.8
インフレーターマットとは	0	1	0.00	3.0
インフレーターマットとエアーマットの違い	0	8	0.00	21.0
エアーポンプ キャンプ おすすめ	0	1	0.00	7.0
エアーマット インフレーターマット 違い	0	6	0.00	41.2
エアーマット 自動膨張 おすすめ	0	7	0.00	27.7
エコフロウ ポータブル電源仕様	0	1	0.00	27.0
エコフロー おすすめ	0	1	0.00	37.0
オガワ テント おすすめ	0	6	0.00	6.2
オスプレイ カバン	0	1	0.00	2.0
オスプレイ ザック	0	1	0.00	2.0
オスプレイ ストラトス	0	1	0.00	7.0
オスプレイ ビジネスリュック	0	1	0.00	35.0
オスプレイ 登山リュック	0	1	0.00	7.0
オスプレイリュック	0	1	0.00	2.0
オスプレー エイジャ	0	1	0.00	5.0
オスプレー ザック	0	9	0.00	2.9
オスプレー ザック 評価	0	4	0.00	25.5
オスプレー ザック 評判	0	10	0.00	30.9
オスプレー タロンプロ	0	1	0.00	4.0
オスプレー デイパック	0	1	0.00	20.0
オスプレー バックパック	0	3	0.00	5.7
オスプレー ビジネスリュック	0	1	0.00	7.0
オスプレー リュック 30l	0	1	0.00	5.0
オスプレー リュック ビジネス	0	1	0.00	22.0
オスプレー 日帰りザック	0	24	0.00	8.1
オスプレー 登山リュック	0	2	0.00	12.0
オスプレーケストレル38	0	1	0.00	8.0
カトラリー キャンプ	0	1	0.00	22.0
カリマー	0	1	0.00	5.0
カリマー vt デイパック	0	1	0.00	3.0
カリマー グラブ ナップサック レビュー	0	1	0.00	9.0
カリマー ザック	0	2	0.00	4.0
カリマー デイパック	0	1	0.00	6.0
カリマー トートリュック	0	1	0.00	13.0
カリマー リュック 18	0	1	0.00	6.0
カリマー リュック 20l	0	1	0.00	4.0
カリマー リュック おすすめ	0	8	0.00	12.4
カリマー リュック 人気ランキング	0	2	0.00	5.5
カリマー リュック 登山	0	1	0.00	4.0
カリマー リュック 通勤	0	1	0.00	7.0
カリマー リュックサック	0	1	0.00	4.0
カリマー 登山リュック	0	1	0.00	2.0
カリマー 軽量リュック	0	1	0.00	7.0
カリマーのリュック	0	1	0.00	4.0
カリマーは？	0	1	0.00	3.0
カリマーザック	0	2	0.00	3.0
カンガルースタイル テント	0	1	0.00	14.0
カンガルーテント おすすめ	0	2	0.00	14.5
カンガルーテントとは	0	1	0.00	3.0
カーサイド タープ おすすめ	0	9	0.00	34.0
カーサイドシェルター おすすめ	0	1	0.00	22.0
カーサイドタープ	0	3	0.00	34.0
カーサイドタープ おすすめ	0	1	0.00	8.0
ガイロープ パラコード	0	1	0.00	5.0
ガイロープ 太さ	0	1	0.00	5.0
ガストーチ おすすめ	0	1	0.00	43.0
キッズ シュラフ	0	43	0.00	34.7
キッズ 寝袋	0	55	0.00	35.6
キトラパック 50	0	1	0.00	9.0
キャプテンスタッグ ゴミ箱	0	1	0.00	25.0
キャンパーインフレーターマットハイピーク	0	1	0.00	3.0
キャンプ	0	2	0.00	6.0
キャンプ soto	0	1	0.00	2.0
キャンプ アフィリエイト	0	4	0.00	30.8
キャンプ インフレーターマット	0	2	0.00	4.5
キャンプ インフレーターマット おすすめ	0	1	0.00	25.0
キャンプ エアー ポンプ おすすめ	0	1	0.00	12.0
キャンプ カッパ おすすめ	0	1	0.00	12.0
キャンプ カトラリー	0	1	0.00	19.0
キャンプ ギア ランキング	0	2	0.00	32.0
キャンプ ケトル おすすめ	0	1	0.00	23.0
キャンプ ゴミ箱 おすすめ	0	1	0.00	26.0
キャンプ ザック	0	2	0.00	35.5
キャンプ シュラフ 冬	0	1	0.00	14.0
キャンプ シュラフ 夏	0	7	0.00	42.6
キャンプ ソロテント	0	1	0.00	5.0
キャンプ チェア テーブル	0	1	0.00	23.0
キャンプ テント 2ルーム 比較	0	2	0.00	30.0
キャンプ テント 2人用	0	2	0.00	24.0
キャンプ テント ファミリー	0	1	0.00	34.0
キャンプ テント 二人用	0	2	0.00	23.0
キャンプ テーブル イス	0	7	0.00	11.0
キャンプ テーブル サイズ	0	1	0.00	21.0
キャンプ テーブル セット	0	5	0.00	13.0
キャンプ テーブル チェア	0	3	0.00	14.7
キャンプ テーブル チェア セット	0	10	0.00	12.7
キャンプ テーブル 椅子	0	5	0.00	15.2
キャンプ テーブル 椅子 セット	0	8	0.00	14.9
キャンプ テーブルと椅子セット	0	1	0.00	23.0
キャンプ テーブルセット おすすめ	0	16	0.00	10.9
キャンプ テーブル椅子セット	0	7	0.00	13.0
キャンプ トラッシュボックス おすすめ	0	1	0.00	8.0
キャンプ トーチ おすすめ	0	2	0.00	21.5
キャンプ ナイフ おすすめ	0	1	0.00	11.0
キャンプ ナイフおすすめ	0	2	0.00	35.5
キャンプ バック パック おすすめ	0	1	0.00	41.0
キャンプ バックパック	0	1	0.00	3.0
キャンプ バックパック 大容量	0	1	0.00	42.0
キャンプ パック	0	3	0.00	38.7
キャンプ ファミリー テント	0	1	0.00	32.0
キャンプ ポタ電 容量	0	1	0.00	15.0
キャンプ ポータブル電源 容量	0	3	0.00	86.0
キャンプ マット コンパクト	0	1	0.00	7.0
キャンプ リュック	0	21	0.00	44.2
キャンプ リュック おすすめ	0	1	0.00	38.0
キャンプ レイン ウェア	0	2	0.00	38.5
キャンプ レインウェア	0	3	0.00	27.3
キャンプ 中止 代わり	0	2	0.00	9.0
キャンプ 二人用テント	0	1	0.00	12.0
キャンプ 充電	0	1	0.00	58.0
キャンプ 夏 寝袋	0	3	0.00	48.0
キャンプ 夏用シュラフ	0	1	0.00	44.0
キャンプ 寝袋 おすすめ	0	1	0.00	22.0
キャンプ 椅子 テーブル	0	7	0.00	12.7
キャンプ 椅子 テーブルセット	0	2	0.00	20.5
キャンプ 椅子付きテーブル	0	1	0.00	19.0
キャンプ 湯たんぽ	0	6	0.00	55.2
キャンプ 湯たんぽ おすすめ	0	1	0.00	3.0
キャンプ 登山 リュック	0	4	0.00	24.5
キャンプ 調理用ナイフ おすすめ	0	2	0.00	10.0
キャンプ 電気ストーブ おすすめ	0	1	0.00	9.0
キャンプ 電気ストーブ 最強	0	2	0.00	43.5
キャンプです	0	1	0.00	3.0
キャンプに最適なアウトドア用バックパックはどれですか？	0	8	0.00	7.1
キャンプエアーポンプおすすめ	0	2	0.00	21.5
キャンプケトル おすすめ	0	1	0.00	27.0
キャンプケトル 直 火 おすすめ	0	10	0.00	11.6
キャンプテント 2人用	0	1	0.00	24.0
キャンプテントおすすめ	0	3	0.00	25.7
キャンプテーブルセット	0	6	0.00	17.7
キャンプバックパック	0	6	0.00	32.7
キャンプバックパックおすすめ	0	1	0.00	29.0
キャンプ場 レンタルあり	0	1	0.00	6.0
キャンプ好き プレゼント 消耗品	0	1	0.00	5.0
キャンプ椅子 コールマン	0	1	0.00	7.0
キャンプ湯たんぽ	0	4	0.00	52.3
キャンプ用 カトラリー	0	1	0.00	16.0
キャンプ用リュック	0	1	0.00	30.0
キャンプ用品 どこで買う	0	1	0.00	11.0
キャンプ用品 クッカー 選び方	0	11	0.00	32.2
キャンプ用品 テント 選び方	0	1	0.00	24.0
キャンプ用品 テーブルセット	0	9	0.00	14.0
キャンプ用品 ブランド ランキング	0	1	0.00	6.0
キャンプ用品 防災	0	1	0.00	30.0
キャンプ用品 防災 おすすめ	0	2	0.00	27.5
キャンプ用品で暮らすテーブル	0	1	0.00	46.0
キャンプ用品どこで買う	0	1	0.00	9.0
キャンプ用品レンタル	0	1	0.00	3.0
キャンプ用品一式	0	6	0.00	38.3
キャンプ用品防災	0	1	0.00	38.0
キャンプ用品防災おすすめ	0	2	0.00	29.0
キャンプ道具 どこで買う	0	1	0.00	7.0
クイックキャンプ インフレーターマット 8cm	0	1	0.00	5.0
クローズド セル マット おすすめ	0	3	0.00	9.7
クローズド セル マット 最強	0	1	0.00	18.0
クローズドシェル	0	2	0.00	22.0
クローズドシェル とは	0	1	0.00	1.0
クローズドセル マット	0	1	0.00	10.0
クローズドセルマット おすすめ	0	10	0.00	9.3
クローズドセルマット 最強	0	1	0.00	18.0
クーラーボックス おすすめ	0	6	0.00	18.5
グレゴリー おすすめ	0	1	0.00	9.0
グレゴリー おすすめ リュック	0	2	0.00	5.5
グレゴリー おすすめ 旅行	0	1	0.00	45.0
グレゴリー ザック 比較	0	5	0.00	11.0
グレゴリー ノース フェイス どっち	0	1	0.00	26.0
グレゴリー バックパック おすすめ	0	3	0.00	14.0
グレゴリー リュック おすすめ	0	4	0.00	9.0
グレゴリー リュック サイズ 比較	0	3	0.00	8.0
グレゴリー リュック サイズ比較	0	16	0.00	9.9
グレゴリー リュック 人気	0	1	0.00	10.0
グレゴリー リュック 何リットル	0	3	0.00	8.0
グレゴリー リュック 大きさ	0	2	0.00	11.5
グレゴリー リュック 容量	0	10	0.00	10.8
グレゴリー リュック 容量別	0	10	0.00	9.0
グレゴリー リュック 比較	0	4	0.00	6.8
グレゴリー リュック 種類	0	1	0.00	25.0
グレゴリー 定番	0	1	0.00	11.0
グレゴリー 定番リュック	0	1	0.00	13.0
グレゴリーリュック おすすめ	0	1	0.00	1.0
コスパいいもの	0	1	0.00	2.0
コールマン イス	0	1	0.00	4.0
コールマン インフィニティ	0	1	0.00	3.0
コールマン インフィニティ チェア	0	1	0.00	4.0
コールマン インフィニティチェア	0	11	0.00	4.3
コールマン インフレーター	0	1	0.00	5.0
コールマン インフレーターマット	0	9	0.00	3.3
コールマン インフレーターマット ダブル	0	1	0.00	9.0
コールマン キャンパーインフレーターマットハイピーク	0	1	0.00	5.0
コールマン グランドチェア	0	1	0.00	3.0
コールマン コンフォートマスター チェア	0	1	0.00	8.0
コールマン チェア	0	7	0.00	4.6
コールマン チェア おすすめ	0	1	0.00	15.0
コールマン チェア 激安	0	1	0.00	9.0
コールマン ハイピーク	0	9	0.00	4.8
コールマン ハイピークダブル	0	1	0.00	4.0
コールマン ヒーリングチェア	0	2	0.00	3.5
コールマン ファイアーディスク サイズ おすすめ	0	2	0.00	6.5
コールマン マット	0	2	0.00	4.5
コールマン マットレス ダブル	0	1	0.00	9.0
コールマン メッシュチェア	0	1	0.00	5.0
コールマン リクライニングチェア	0	1	0.00	4.0
コールマン レイチェア	0	2	0.00	5.0
コールマン ワンマイルチェア	0	1	0.00	5.0
コールマン 折りたたみ椅子	0	1	0.00	4.0
コールマン 椅子	0	5	0.00	3.8
コールマン 椅子 メッシュ	0	1	0.00	6.0
コールマン 無重力チェア	0	14	0.00	8.9
コールマン(coleman) チェア インフィニティチェア	0	1	0.00	3.0
コールマンの「インフィニティチェア」	0	2	0.00	3.0
コールマンの椅子	0	1	0.00	9.0
コールマンイス	0	1	0.00	6.0
コールマンインフィニティチェア	0	2	0.00	4.5
コールマンインフレーターマット	0	2	0.00	4.5
コールマンチェア	0	2	0.00	5.5
コールマンチェア インフィニティチェア	0	1	0.00	7.0
コールマンハイピーク	0	1	0.00	7.0
コールマンマスターシリーズ インフレーターマット	0	1	0.00	4.0
コールマンマット	0	1	0.00	4.0
コールマンレイチェア	0	1	0.00	9.0
コールマン折りたたみチェア	0	1	0.00	5.0
コールマン椅子	0	1	0.00	4.0
サイズテント	0	48	0.00	19.5
サブザック	0	3	0.00	11.0
サブザック おすすめ	0	4	0.00	8.0
サンシェード おすすめ 車種別 キャンプ	0	1	0.00	25.0
サンシェード 車 車中泊	0	4	0.00	16.8
サンシェード 車 車中泊 収納	0	1	0.00	12.0
サーマレスト zライトソル	0	1	0.00	3.0
ザック 30l	0	1	0.00	22.0
ザック 30l おすすめ	0	3	0.00	22.7
ザック 30l 登山	0	1	0.00	18.0
ザック 30リットル	0	1	0.00	18.0
ザック 50l	0	1	0.00	7.0
ザック 容量 泊数 目安表	0	6	0.00	10.7
ザック 登山 おすすめ コスパ	0	1	0.00	2.0
ザック30l	0	1	0.00	23.0
ザック30リットル	0	1	0.00	24.0
ザックカバー おすすめ	0	1	0.00	26.0
シュラフ 3シーズン 温度	0	27	0.00	19.4
シュラフ インナー	0	3	0.00	40.3
シュラフ キッズ	0	39	0.00	33.7
シュラフ コンフォート リミット 違い	0	7	0.00	12.3
シュラフ サイズ	0	1	0.00	84.0
シュラフ 子供	0	46	0.00	34.9
シュラフ 子供用	0	44	0.00	38.4
シュラフ 寝袋 違い	0	2	0.00	54.0
シュラフ 快適温度	0	40	0.00	35.2
シュラフ 快適温度 0度	0	28	0.00	37.9
シュラフ 快適温度 10度	0	44	0.00	24.7
シュラフ 快適温度 5度	0	38	0.00	26.6
シュラフ 快適温度 冬	0	43	0.00	21.4
シュラフ 快適温度 限界温度	0	39	0.00	26.9
シュラフ 快適温度-10度	0	44	0.00	25.5
シュラフ 快適温度5度	0	34	0.00	23.3
シュラフ 快適温度とは	0	1	0.00	9.0
シュラフ 春	0	33	0.00	38.1
シュラフ 最低使用温度	0	41	0.00	23.3
シュラフ 温度	0	37	0.00	33.4
シュラフ 温度域 規格 en13537	0	5	0.00	16.4
シュラフ 結露 原因	0	1	0.00	48.0
シュラフ 結露対策	0	5	0.00	27.4
シュラフ 適正温度	0	30	0.00	25.9
シュラフ 選び方	0	20	0.00	38.5
シュラフ 限界温度	0	42	0.00	27.0
シュラフカバー おすすめ	0	1	0.00	48.0
ジャクリ ポータブル電源	0	16	0.00	2.4
ジャクリ ポータブル電源 おすすめ	0	1	0.00	22.0
ジャクリ ポータブル電源おすすめ	0	1	0.00	3.0
ジャクリポータブル電源	0	1	0.00	3.0
ジャックリー おすすめ	0	2	0.00	40.5
ジャーポット 選び方	0	1	0.00	61.0
スノーピーク レンタル	0	1	0.00	6.0
スノーピークインフレーターマット	0	1	0.00	5.0
スパイスボックス おすすめ	0	1	0.00	6.0
スープジャー 乳製品	0	1	0.00	9.0
セルマット	0	1	0.00	26.0
ソト シングルバーナー	0	1	0.00	4.0
ソト バーナー	0	4	0.00	14.3
ソトバーナー	0	1	0.00	17.0
ソロ	0	1	0.00	4.0
ソロ デュオ テント	0	2	0.00	51.0
ソロキャン レンタル	0	1	0.00	7.0
ソロキャンプ テント おすすめ 軽量	0	6	0.00	29.0
ソロキャンプ テント コンパクト	0	8	0.00	31.0
ソロキャンプ テント 前室あり 軽量	0	40	0.00	35.5
ソロキャンプ テント 軽量	0	53	0.00	32.6
ソロキャンプ テント 軽量 比較	0	17	0.00	32.4
ソロキャンプ デュオキャンプ 違い	0	1	0.00	24.0
ソロキャンプ バックパック	0	1	0.00	3.0
ソロキャンプ リュック 容量	0	10	0.00	10.1
ソロキャンプ 軽量テント	0	41	0.00	31.8
ソロキャンプテント 前室 あり 軽量	0	1	0.00	10.0
ソロテント 2ルーム	0	3	0.00	47.3
ソロテント おすすめ	0	1	0.00	4.0
ソロテント おすすめ 軽量	0	1	0.00	26.0
ソロテント 軽量	0	3	0.00	37.7
ソロテント 軽量 自立	0	1	0.00	51.0
ソロデュオテント	0	1	0.00	52.0
タープ テント 2.5m 3m どっち	0	1	0.00	16.0
タープ フィールドア	0	1	0.00	4.0
タープテントフィールドア	0	1	0.00	2.0
ダイワ35lクーラー	0	1	0.00	6.0
チェア ワン ハイバック チェアツー 違い	0	3	0.00	10.3
チェアワンハイバック チェアツー 違い	0	2	0.00	5.0
チタンマグ おすすめ	0	8	0.00	5.3
チャコールスターター おすすめ	0	1	0.00	8.0
チャムス 焚き火 台 m	0	1	0.00	7.0
ツーリング テント 二人用	0	3	0.00	29.7
ツーリングテント 二人用	0	2	0.00	33.5
テント 2人用	0	6	0.00	19.8
テント 3人用 2ルーム	0	1	0.00	4.0
テント fieldoor	0	19	0.00	11.4
テント おすすめ	0	6	0.00	32.7
テント おすすめ ファミリー	0	6	0.00	25.0
テント ふたり用	0	1	0.00	14.0
テント カンガルースタイル	0	1	0.00	33.0
テント サイズ	0	16	0.00	24.9
テント サイズ キャンプ	0	5	0.00	10.0
テント サイズ 目安	0	5	0.00	5.0
テント ソロ 軽量	0	31	0.00	38.5
テント ツールーム ドーム 比較 ファミリー	0	7	0.00	36.3
テント デイキャンプ	0	7	0.00	12.0
テント デュオ	0	1	0.00	28.0
テント デュオ おすすめ	0	1	0.00	10.0
テント ファミリー	0	3	0.00	29.3
テント ファミリー おすすめ	0	2	0.00	69.0
テント フィールドア	0	1	0.00	5.0
テント ランキング	0	1	0.00	4.0
テント ランタン	0	1	0.00	4.0
テント 一人 用 軽量	0	41	0.00	32.7
テント 一人用 サイズ	0	45	0.00	38.1
テント 一人用 二人用	0	1	0.00	38.0
テント 一人用 超軽量	0	35	0.00	33.9
テント 一人用 軽い	0	41	0.00	35.0
テント 一人用 軽量	0	43	0.00	32.6
テント 二人用	0	5	0.00	25.8
テント 二人用 キャンプ	0	4	0.00	20.0
テント 二人用 サイズ	0	24	0.00	16.8
テント 二人用 ツーリング	0	3	0.00	44.3
テント 二人用 自立	0	3	0.00	57.0
テント 人数	0	5	0.00	21.6
テント 人気 ファミリー	0	1	0.00	63.0
テント 初心者 二人用	0	4	0.00	40.5
テント 夏	0	1	0.00	17.0
テント 夏 涼しい	0	1	0.00	17.0
テント 夏用	0	5	0.00	14.4
テント 大きさ	0	2	0.00	60.0
テント 大きさ 目安	0	14	0.00	4.3
テント 安い時期	0	3	0.00	11.7
テント 定番	0	2	0.00	21.5
テント 撥水剤 おすすめ	0	1	0.00	10.0
テント 涼しい	0	10	0.00	11.7
テント 涼しい おすすめ	0	8	0.00	12.0
テント 軽い	0	3	0.00	36.3
テント 軽量	0	71	0.00	31.1
テント 軽量 コンパクト	0	1	0.00	33.0
テント 軽量 ソロ	0	67	0.00	37.1
テント 軽量 一人用	0	44	0.00	33.6
テント 通気性	0	1	0.00	11.0
テント 防水スプレー 最強	0	7	0.00	7.3
テント2人用 おすすめ	0	2	0.00	17.0
テント2間3間 おすすめ	0	3	0.00	37.0
テントおすすめ	0	1	0.00	21.0
テントのサイズの基準	0	9	0.00	3.1
テントの大きさ サイズ	0	1	0.00	3.0
テントふたり用	0	1	0.00	14.0
テントサイズ	0	2	0.00	11.5
テントサイズ 目安	0	10	0.00	4.8
テントセール	0	1	0.00	6.0
テントファクトリー テント	0	1	0.00	4.0
テントファミリー	0	1	0.00	35.0
テントファミリーおすすめ	0	1	0.00	66.0
テント一人用 軽量	0	43	0.00	34.3
テント二人用	0	4	0.00	28.0
テント大きさ	0	1	0.00	18.0
テント大きさ 目安	0	6	0.00	5.0
テント泊 ライト	0	2	0.00	10.5
テント泊 ランタン	0	11	0.00	8.8
テント泊 何リットル	0	1	0.00	18.0
テント涼しい	0	1	0.00	13.0
テント軽量	0	1	0.00	18.0
テーブル チェア セット アウトドア	0	2	0.00	14.5
テーブル付き椅子 アウトドア	0	1	0.00	12.0
デイ キャンプ テント	0	2	0.00	16.0
デイキャンプ テント おすすめ	0	17	0.00	11.8
デイキャンプ バックパック	0	1	0.00	6.0
デイキャンプ リュック	0	4	0.00	10.8
デイキャンプ用テント	0	5	0.00	12.4
デイテント	0	7	0.00	7.1
デイパック 容量	0	1	0.00	27.0
デュオ	0	1	0.00	2.0
デュオ キャンプ テント	0	3	0.00	27.0
デュオ テント	0	5	0.00	17.6
デュオキャンプ テント おすすめ	0	3	0.00	11.3
デュオテント	0	5	0.00	20.6
デュオテント おすすめ	0	4	0.00	9.8
デュオ用テント	0	4	0.00	24.8
トランク カーゴ おすすめ	0	1	0.00	17.0
トランクカーゴ	0	1	0.00	3.0
トランクカーゴ おすすめ	0	1	0.00	14.0
トランクカーゴ 種類	0	1	0.00	27.0
トレッキング リュック 30l	0	1	0.00	22.0
トーチバーナー おすすめ	0	1	0.00	12.0
ドイター	0	1	0.00	3.0
ドイター オルチャ 25 レビュー	0	1	0.00	20.0
ドイター リュック	0	2	0.00	2.5
ドイター リュック レディース	0	1	0.00	5.0
ドイター リュック 評判	0	2	0.00	63.5
ドイター ルガーノ 20 レビュー	0	2	0.00	17.0
ナイフ おすすめ	0	4	0.00	25.3
ネイチャーハイク	0	1	0.00	6.0
ネイチャーハイク テント	0	7	0.00	11.6
ノースフェイス リュック 50l	0	1	0.00	7.0
ハイエース 車中泊 ライト	0	2	0.00	5.5
ハイキングやキャンプで使うアウトドア向けのリュックのおすすめを教えて。	0	6	0.00	35.3
ハイピーク	0	14	0.00	4.4
ハイピーク コールマン	0	1	0.00	4.0
バックパッカー リュック 容量	0	1	0.00	44.0
バックパッキングパックの適切な重さは？	0	2	0.00	20.0
バックパック ? 30l おすすめ	0	1	0.00	26.0
バックパック サイズ	0	1	0.00	55.0
バックパック 容量 選び方	0	5	0.00	45.2
バックパック 選び方	0	1	0.00	22.0
バックパック 重さ	0	1	0.00	11.0
バックパックの選び方	0	15	0.00	28.6
バックパックキャンプ	0	1	0.00	1.0
バックパック容量	0	1	0.00	11.0
バッグ 容量	0	7	0.00	40.4
バッテリー キャンプ	0	1	0.00	45.0
バーナー	0	1	0.00	2.0
パシナーズ インフレーターマット	0	1	0.00	5.0
パワートーチ おすすめ	0	2	0.00	13.5
ヒーリングチェア コールマン	0	1	0.00	5.0
ファスト ハイク ザック 30l	0	1	0.00	27.0
ファミリー キャンプ テント	0	1	0.00	37.0
ファミリー テント おすすめ	0	2	0.00	35.0
ファミリーキャンプ インフレーターマット	0	1	0.00	18.0
ファミリーキャンプ テント	0	1	0.00	33.0
ファミリーキャンプ テント おすすめ	0	1	0.00	22.0
ファミリーテント	0	4	0.00	32.0
ファミリーテント おすすめ	0	4	0.00	26.5
ファミリーテントおすすめ	0	1	0.00	30.0
フィールダー タープ	0	1	0.00	3.0
フィールダー テント	0	2	0.00	10.5
フィールダーテント	0	1	0.00	11.0
フィールド ア クーラーボックス 評判	0	2	0.00	6.5
フィールドあ	0	1	0.00	2.0
フィールドア	0	85	0.00	2.1
フィールドア インフレーターマット	0	2	0.00	5.5
フィールドア タープ	0	5	0.00	2.0
フィールドア タープ テント	0	1	0.00	6.0
フィールドア テント	0	11	0.00	6.5
フィールドア マットレス	0	1	0.00	4.0
フィールドア ワンタッチタープ	0	2	0.00	4.0
フィールドア ワンタッチテント	0	2	0.00	5.0
フィールドア 椅子	0	1	0.00	6.0
フィールドアー	0	3	0.00	2.0
フィールドドア タープ	0	1	0.00	2.0
フィールドドア タープテント	0	3	0.00	4.0
フィールドドア テント	0	11	0.00	8.6
フィールドドアテント	0	1	0.00	10.0
フィールドーア	0	1	0.00	2.0
ブルーティ おすすめ	0	8	0.00	29.9
ヘリノックス おすすめ	0	1	0.00	45.0
ヘリノックス チェア おすすめ	0	1	0.00	16.0
ヘリノックス チェア 比較	0	2	0.00	21.0
ヘリノックス ハイバック 比較	0	4	0.00	7.0
ベアーズロック マット	0	1	0.00	4.0
ベアーズロック マット 8cm	0	1	0.00	5.0
ペグ 鍛造	0	2	0.00	36.5
ペツル ヘッドライト 比較	0	1	0.00	4.0
ペツル ヘッドライトおすすめ	0	2	0.00	12.5
ポータブル電源 おすすめ 2026	0	3	0.00	6.7
ホットカーペット 消費電力 キャンプ	0	1	0.00	5.0
ポータブル 冷蔵庫 バッテリー内蔵 おすすめ	0	3	0.00	9.3
ポータブル 冷蔵庫 比較	0	6	0.00	18.7
ポータブル 電源 冷蔵庫	0	3	0.00	3.0
ポータブル 電源 容量	0	3	0.00	28.0
ポータブル冷蔵庫 ブランド	0	2	0.00	2.0
ポータブル電源 2026	0	1	0.00	9.0
ポータブル電源 bluetti おすすめ	0	10	0.00	27.4
ポータブル電源 キャンプ 容量	0	2	0.00	51.5
ポータブル電源 ブルーティ おすすめ	0	9	0.00	26.2
ポータブル電源 冷蔵庫 おすすめ	0	1	0.00	19.0
ポータブル電源 大容量 おすすめ	0	1	0.00	42.0
ポータブル電源 容量	0	2	0.00	49.0
ポータブル電源 容量 目安	0	3	0.00	49.3
ポータブル電源 容量 目安 キャンプ	0	1	0.00	82.0
ポータブル電源 選び方	0	1	0.00	58.0
ポータブル電源容量	0	1	0.00	51.0
マイクロトーチ おすすめ	0	2	0.00	19.5
マット クローズドセル	0	1	0.00	15.0
ミステリーランチ おすすめ	0	3	0.00	31.3
ミステリーランチ クーリー30 レビュー	0	2	0.00	16.5
ミステリーランチ クーリー30 普段使い	0	1	0.00	5.0
ミステリーランチ サイズ	0	1	0.00	10.0
ミステリーランチ ザック	0	1	0.00	6.0
ミステリーランチ バックパック おすすめ	0	1	0.00	26.0
ミステリーランチ リュック	0	1	0.00	4.0
ミステリーランチ リュック おすすめ	0	1	0.00	19.0
ミステリーランチ リュック 普段使い	0	3	0.00	11.0
ミステリーランチ 小さいリュック	0	1	0.00	5.0
ミステリーランチ 特徴	0	1	0.00	10.0
ミステリーランチ 登山 おすすめ	0	2	0.00	24.5
ミステリーランチ 登山 重い	0	1	0.00	20.0
ミステリーランチ 重い	0	1	0.00	26.0
ムーンレンス インフレーターマット	0	1	0.00	2.0
モバイル バッテリー キャンプ	0	2	0.00	58.5
モンベル 50l リュック	0	1	0.00	5.0
モンベル キトラパック50	0	1	0.00	7.0
モンベル テント 軽量	0	1	0.00	3.0
ユニバーサルオーバーオール リュック 30l	0	1	0.00	3.0
ユニフレーム バーナー	0	4	0.00	11.0
ユニフレームバーナー	0	2	0.00	13.0
ランタン おすすめ	0	1	0.00	24.0
ランタン 登山	0	36	0.00	9.5
ランタンおすすめ	0	1	0.00	21.0
リクライニングチェア コールマン	0	1	0.00	9.0
リュック 10 リットル どのくらい 入る	0	13	0.00	6.0
リュック 10キロ どのくらい	0	1	0.00	11.0
リュック 10リットル どのくらい入る	0	6	0.00	8.0
リュック 13l どのくらい	0	1	0.00	56.0
リュック 1泊2日 何リットル	0	1	0.00	32.0
リュック 23 リットル どれくらい	0	1	0.00	63.0
リュック 30l 登山	0	1	0.00	25.0
リュック 40l どれくらい	0	1	0.00	39.0
リュック 50l	0	1	0.00	4.0
リュック 50l どれくらい	0	2	0.00	39.0
リュック 50リットル	0	1	0.00	4.0
リュック 60リットル	0	1	0.00	4.0
リュック 70リットル	0	1	0.00	4.0
リュック 7リットル どのくらい	0	1	0.00	20.0
リュック l 目安	0	2	0.00	6.5
リュック オスプレー	0	1	0.00	4.0
リュック カリマー	0	1	0.00	4.0
リュック カリマー おすすめ	0	32	0.00	18.9
リュック サイズ 目安	0	1	0.00	70.0
リュック サイズ 表	0	1	0.00	67.0
リュック サイズ表	0	1	0.00	68.0
リュック リットル 比較	0	1	0.00	30.0
リュック リットル 目安	0	1	0.00	12.0
リュック 何リットル	0	2	0.00	16.5
リュック 大きさ	0	1	0.00	80.0
リュック 容量	0	5	0.00	45.2
リュック 容量 目安	0	62	0.00	40.0
リュック 雨	0	9	0.00	26.2
リュック10l どのくらい	0	14	0.00	7.4
リュック10リットル 大きさ	0	1	0.00	1.0
リュックの大きさ	0	1	0.00	83.0
リュックの容量	0	1	0.00	48.0
リュックの容量 目安	0	1	0.00	21.0
リュックカバー 防水 どこで 売ってる	0	1	0.00	2.0
リュックサイズ 目安	0	1	0.00	67.0
リュックサック 25リットル	0	1	0.00	2.0
リュックサック サイズ	0	2	0.00	61.0
リュックサック 大容量	0	1	0.00	4.0
リュックサック 容量	0	1	0.00	34.0
リュック大きさ	0	1	0.00	78.0
リュック容量	0	6	0.00	33.0
ロゴス ピラミッドグリル m	0	1	0.00	9.0
ロゴス 焚き火 台 m	0	1	0.00	5.0
ロゴス 焚き火台 サイズ	0	4	0.00	7.5
ロゴスは	0	1	0.00	3.0
ロゴス焚き火台	0	2	0.00	7.5
ロゴス焚き火台 m 網サイズ	0	9	0.00	9.3
ワイルドワン インフレーターマット	0	1	0.00	3.0
ワック インフレーターマット	0	1	0.00	4.0
ワック インフレーターマット ダブル	0	1	0.00	4.0
ワックインフレーターマット	0	2	0.00	4.5
ワンス トップ いつまで	0	1	0.00	24.0
ワンタッチ	0	1	0.00	3.0
ワンタッチタープ 大型	0	1	0.00	5.0
ワンタッチテント fieldoor	0	2	0.00	11.0
ワンタッチテント 宿泊 おすすめ	0	5	0.00	9.0
ワンポールテント 夏	0	1	0.00	24.0
ワンポールテント 夏 暑い	0	3	0.00	43.0
一人用 テント 軽量	0	37	0.00	33.8
一人用 軽量 テント	0	37	0.00	34.8
一人用テント 1kg以下	0	3	0.00	58.7
一人用テント おすすめ	0	1	0.00	39.0
一人用テント サイズ	0	37	0.00	31.6
一人用テント 最軽量	0	39	0.00	32.8
一人用テント 軽い	0	47	0.00	32.9
一人用テント 軽量	0	40	0.00	34.6
一人用テント 軽量 コンパクト	0	10	0.00	24.6
一人用テント軽量コンパクト	0	7	0.00	26.6
一人用軽量テント	0	36	0.00	33.7
一酸化炭素チェッカー おすすめ	0	1	0.00	40.0
丈夫さは？	0	1	0.00	8.0
九州	0	1	0.00	4.0
二 人 用 テント	0	2	0.00	28.5
二人用 キャンプ テント	0	1	0.00	16.0
二人用 テント	0	2	0.00	26.5
二人用のテント	0	2	0.00	23.5
二人用テント	0	3	0.00	29.7
二人用テント キャンプ	0	1	0.00	19.0
二人用テント ツーリング	0	2	0.00	36.5
人気のは？	0	1	0.00	5.0
人気？	0	1	0.00	4.0
仕様は同じ？	0	1	0.00	6.0
他にはない？	0	1	0.00	2.0
値段の違いは何？	0	1	0.00	2.0
側面	0	1	0.00	2.0
冬 キャンプ 必需品	0	1	0.00	64.0
冬 キャンプ 装備	0	1	0.00	47.0
冬用グローブ バイク	0	1	0.00	4.0
冬用テント ソロ 軽量	0	1	0.00	10.0
冷蔵庫 バッテリー	0	1	0.00	3.0
厚さ10cmのインフレーターマット	0	1	0.00	2.0
夏 キャンプ テント	0	1	0.00	15.0
夏 キャンプ 寝袋	0	1	0.00	53.0
夏 キャンプ 暑さ対策	0	1	0.00	7.0
夏 キャンプ 焚き火	0	1	0.00	6.0
夏 テント	0	5	0.00	16.2
夏 テント 涼しい	0	2	0.00	9.5
夏 涼しい テント	0	1	0.00	41.0
夏のテント	0	1	0.00	13.0
夏キャンプ シュラフ	0	1	0.00	39.0
夏キャンプ テント	0	1	0.00	14.0
夏キャンプ テント おすすめ	0	4	0.00	13.0
夏キャンプ 寝袋	0	1	0.00	53.0
夏涼しいテント	0	2	0.00	12.5
夏用テント	0	4	0.00	17.5
夏用テント おすすめ	0	10	0.00	11.1
大容量 リュック 50l	0	1	0.00	6.0
娘と二人	0	1	0.00	5.0
子ども 寝袋	0	68	0.00	37.3
子供 キャンプ リュック	0	1	0.00	4.0
子供 シュラフ	0	43	0.00	32.1
子供 寝袋	0	64	0.00	35.5
子供 寝袋 おすすめ	0	2	0.00	36.0
子供 寝袋 冬	0	19	0.00	33.7
子供の寝袋	0	62	0.00	31.8
子供寝袋	0	49	0.00	36.9
子供用 シュラフ	0	45	0.00	34.3
子供用 シュラフ 冬	0	4	0.00	23.5
子供用 寝袋	0	71	0.00	34.6
子供用シュラフ	0	44	0.00	34.7
子供用シュラフ 冬	0	5	0.00	32.4
子供用寝袋	0	60	0.00	37.1
子供用寝袋 おすすめ	0	1	0.00	18.0
安いのは？	0	1	0.00	2.0
家族 テント おすすめ	0	1	0.00	61.0
宿泊キャンプ	0	1	0.00	2.0
寝心地は	0	1	0.00	4.0
寝袋 2026	0	48	0.00	9.2
寝袋 おすすめ	0	3	0.00	15.7
寝袋 インナー	0	2	0.00	25.5
寝袋 キッズ	0	50	0.00	35.5
寝袋 キャンプ 夏	0	1	0.00	23.0
寝袋 コールマン おすすめ	0	1	0.00	45.0
寝袋 サイズ	0	9	0.00	60.4
寝袋 サイズ 900 1400 違い	0	4	0.00	38.5
寝袋 レンタル	0	1	0.00	3.0
寝袋 レンタル 汚い	0	5	0.00	5.6
寝袋 夏 おすすめ	0	1	0.00	31.0
寝袋 夏用 2000円以下	0	2	0.00	19.0
寝袋 大きさ	0	20	0.00	55.3
寝袋 子供	0	63	0.00	37.3
寝袋 子供用	0	61	0.00	31.8
寝袋 快適	0	9	0.00	27.3
寝袋 快適温度	0	62	0.00	18.4
寝袋 春	0	24	0.00	39.5
寝袋 暑い	0	33	0.00	40.4
寝袋 暖かさ	0	34	0.00	19.4
寝袋 最低 使用 温度	0	34	0.00	24.1
寝袋 最低使用温度	0	38	0.00	24.9
寝袋 比較	0	2	0.00	5.0
寝袋 温度	0	32	0.00	40.6
寝袋 温度 選び方	0	1	0.00	25.0
寝袋 湯たんぽ	0	29	0.00	21.8
寝袋 選び方	0	36	0.00	33.8
寝袋 重さ	0	27	0.00	44.6
寝袋の選び方	0	1	0.00	29.0
寝袋インナー	0	1	0.00	24.0
寝袋サイズ	0	7	0.00	58.7
寝袋選び方	0	1	0.00	28.0
山頂アタック用の小さめのザックのおすすめを教えて。	0	1	0.00	49.0
幼児 寝袋	0	60	0.00	29.8
徒歩キャンプ テント	0	1	0.00	27.0
徒歩キャンプいずみ グッズ	0	1	0.00	8.0
快適温度 シュラフ	0	40	0.00	30.9
料理 用 バーナー カインズ	0	1	0.00	4.0
料理用バーナー 違い	0	2	0.00	10.5
新 富士 バーナー soto 違い	0	16	0.00	10.3
新 富士 バーナー パワートーチ	0	1	0.00	2.0
新富士 soto 違い	0	16	0.00	6.4
新富士バーナー	0	4	0.00	4.0
新富士バーナー soto	0	1	0.00	2.0
新富士バーナー soto 違い	0	38	0.00	6.0
新富士バーナー株式会社	0	1	0.00	2.0
日帰り登山 30l	0	2	0.00	10.5
日帰り登山ザック 30l	0	2	0.00	17.0
最新の超軽量一人用テントの技術スペック	0	24	0.00	18.9
最軽量 テント 一人用	0	44	0.00	36.3
最軽量テント 一人用	0	38	0.00	36.3
最軽量テント一人用	0	38	0.00	37.4
東京クラフト インフレーターマット	0	1	0.00	4.0
洗える寝袋 おすすめ	0	4	0.00	6.3
涼しい テント	0	1	0.00	11.0
涼しいテント ファミリー	0	17	0.00	9.8
湯たんぽ キャンプ	0	3	0.00	43.3
湯たんぽ キャンプ おすすめ	0	1	0.00	75.0
湯たんぽ 最強	0	1	0.00	38.0
濡れないリュック	0	1	0.00	14.0
火おこし バーナー おすすめ	0	3	0.00	8.7
火吹き棒 おすすめ	0	4	0.00	15.3
火消し袋 おすすめ	0	3	0.00	10.7
火起こし バーナー おすすめ	0	5	0.00	18.6
炙り バーナー おすすめ	0	1	0.00	32.0
炙り器	0	1	0.00	3.0
無重力 チェア コールマン	0	7	0.00	9.7
燻製器 選び方	0	1	0.00	79.0
登山 1泊2日 ザック 重さ	0	2	0.00	11.0
登山 ul ランタン	0	2	0.00	17.0
登山 オスプレイ	0	1	0.00	3.0
