priority	keyword	slug_案	category	search_intent	buyer_persona	notes	status	source	added_date
A	スノーピークのテント	snowpeak-tent	tent	ブランド型	中〜上級・高価格帯・ブランド指名	アメニティドーム/ランドブリーズ/ヴォールト等でブランド軸5選可。ブランド占有ルール緩和対象	done	knowledge	2026-07-21	drafted 2026-07-22
A	モンベルのシュラフ	montbell-sleeping-bag	sleeping-bag	ブランド型	初〜中級・中価格帯・登山/キャンプ	バロウバッグ/ダウンハガー/アルパインを季節別に5選	done	knowledge	2026-07-21	Amazonデータで4選作成(dpタグ付き)。楽天供給薄のためAmazon源
A	焚き火テーブル	takibi-table	chair-table	購入型	初〜中級・中価格帯・焚き火横の耐熱天板	ユニフレーム/コールマン/キャプスタ/ネイチャーハイク。耐熱・高さで比較	done	knowledge	2026-07-21	drafted 2026-07-23
A	スノーピークの焚き火台	snowpeak-bonfire	bonfire	ブランド型	中〜上級・高価格帯・ブランド指名	焚火台M/L/SR＋ベースプレート等。ブランド軸で占有緩和可	done	knowledge	2026-07-21	drafted 2026-07-23
A	ノースフェイスのリュック	northface-backpack	backpack	ブランド型	初〜中級・中価格帯・タウン兼用	ボレアリス/ヒューズボックス/テルス/ビッグショット	done	knowledge	2026-07-21	drafted 2026-07-24
A	ワンタッチタープ	one-touch-tarp	tent	購入型	初心者・中価格帯・設営簡単/イベント兼用	FIELDOOR/クイックキャンプ/タンスのゲン。サイズ・耐水圧で比較	done	knowledge	2026-07-21	drafted 2026-07-24
B	ユニフレームのファイアグリル	uniflame-fire-grill	bonfire	ブランド型	初〜中級・中価格帯・BBQ/焚き火兼用	ファイアグリル/ラージ/ヘビーロストル等の関連構成	done	knowledge	2026-07-21	drafted 2026-07-27(楽天API実データ5構成:本体/solo/セット/ロストル/収納ケース)
B	オイルランタン	oil-lantern	lighting	比較型	中級・中価格帯・雰囲気重視	フュアーハンド/デイツ/キャプスタ。燃料・光量で比較	done	knowledge	2026-07-21	drafted 2026-07-27(楽天API実データ5ブランド:VASTLAND/フュアーハンド/ThousWinds/DIETZ/キャプスタ)
B	小型ポータブル電源	compact-portable-power	power	比較型	初心者・中価格帯・ソロ/軽量重視	Jackery240/EcoFlow RIVER/Anker521等300Wh級で比較	done	knowledge	2026-07-21	drafted 2026-07-28(楽天API実データ5選:Jackery240New/AnkerC300/BLUETTI_EB3A/AORA30V2/Jackery100Plus。EcoFlow新品供給薄で除外。ソロ小型300Wh級)
B	キャンプ用コーヒードリッパー	camp-coffee-dripper	cookware	購入型	初〜中級・低〜中価格帯・現地コーヒー	折りたたみ/ステンレス/セット。携帯性で比較	done	knowledge	drafted 2026-07-29(楽天API実データ5選)
B	モーラナイフ	moraknife	cookware	ブランド型	初〜中級・低価格帯・ブッシュクラフト入門	Companion/Basic/Bushcraft/Eldris。刃長・用途で比較（法令FAQ必須）	done	knowledge	drafted 2026-07-29(楽天API実データ5選)
B	ワークマンのキャンプ防寒着	workman-camp-wear	clothing	ブランド型	初〜中級・低価格帯・コスパ防寒	ウェア類はブランド指定KWのみ可。楽天供給/サイズ分散は要確認 ／2026-07-30 skip:ワークマンは自社チャネル専売で楽天/Amazonに実物供給なし(検索結果は他社汎用防寒着のみ)。5選不成立	skip	knowledge	2026-07-21
A	スクリーンタープ	screen-tarp	tent	購入型	初〜中級・中価格帯・夏の防虫リビング	コールマン/ロゴスneos/クイックキャンプ/DOD/キャプスタでメッシュ壁5選可。旬=盛夏の虫・暑さ対策需要ピーク。既存タープ9記事と用途別で非カニバリ	done	product-scan	2026-07-27	drafted 2026-07-27
A	ウォータージャグ	water-jug	cookware	比較型	初〜中級・中価格帯・夏の水分補給/保冷	スタンレー/イグルー/コールマン/DOD/キャプスタで保冷ジャグ5選可。旬=盛夏の給水需要ピーク。クーラー系と非カニバリの新規テーマ	done	product-scan	2026-07-27	drafted 2026-07-27
B	焚き火グローブ	fireproof-gloves	bonfire	購入型	初〜中級・低〜中価格帯・焚き火/薪の火傷防止	グリップスワニー/キャプスタ/ロゴス/ユニフレーム/DODで革・耐熱5選可。旬=秋焚き火シーズン立ち上がり。防寒グローブ(clothing)と用途別で非カニバリ	done	product-scan	2026-07-27	drafted 2026-07-27
B	保冷剤（キャンプ）	cooler-ice-pack	cookware	比較型	初〜中級・低価格帯・クーラー保冷力の底上げ	ロゴス氷点下パック/倍速凍結/キャプスタ/ダイワ/ネイチャーハイクで5選可。旬=盛夏。低単価だが検索需要大。ふるさと納税混入は要確認	done	product-scan	2026-07-27	drafted 2026-07-27
B	キャンプ用手斧	hand-axe	bonfire	比較型	中級・中価格帯・薪割り/ブッシュクラフト	ハスクバーナ/ハルタホース/フィスカース/千吉/エストウィングで5選可。旬=秋の薪割り需要立ち上がり。刃物のため法令FAQ必須	done	product-scan	2026-07-27	drafted 2026-07-27
C	薪ストーブ（テント内）	tent-wood-stove	bonfire	比較型	中〜上級・高価格帯・冬幕内暖房	Winnerwell/G-Stove/ホンマ製作所/テンマクデザイン/CAMPING MOONで5選可。旬=秋冬前倒し準備。煙突・一酸化炭素の安全FAQ必須。価格/供給は要確認 ／2026-07-30作成(楽天供給の実態=ホンマ製作所が寡占→ブランド占有緩和適用で時計型/クッキング5選・8980-17800円。Winnerwellは価格帯乖離で除外・記事内で言及)	done	product-scan	2026-07-27
A	インフィニティチェア	infinity-chair	chair-table	比較型	中級・中価格帯・リクライニング/くつろぎ重視	GSC実データ:「インフィニティチェア 比較」16imp/掲載順位5.8・「インフィニティチェア」9imp/6.7・「コールマン インフィニティチェア」等の指名クエリ多数。専用記事なしで既にpage1(順位5-7)だがCTR0%=専用記事化でクリック獲得見込み大。コールマン(定番)/WAQ/DOD/タンスのゲン/ハイランダーで5選可(実在確認済)。既存chair8記事とリクライニング特化で非カニバリ	done	keyword-selection	2026-07-27	drafted 2026-07-28(楽天API実データ5選:コールマン/サイドテーブル付/TIMBER_RIDGE/ヘッドレスト付/Re:Gear。WAQ/DOD等はインフィニティ名称で楽天非ヒットのため定番+無重力系で構成)
B	ペグハンマー	peg-hammer	tent	比較型	初〜中級・中価格帯・設営必需品	スノーピークPRO.C/PRO.S・村の鍛冶屋エリッゼ・キャプスタ・コールマンで5選可(hinata等で17本比較の実在確認済)。既存forged-peg(鍛造ペグ=打たれる杭)とは商材別(打つ道具)で非カニバリ ／2026-07-30作成(楽天API実データ5選:エリッゼ/スノーピークPRO.S/REIDEN/Freell/軽量360g・価格1680-6600円)	done	keyword-selection	2026-07-27
B	囲炉裏テーブル	irori-table	chair-table	購入型	中級・中価格帯・焚き火を囲む4分割テーブル	コールマン/ロゴス/DOD/キャプスタ/FIELDOORで焚き火囲みテーブル5選想定。既存takibi-table(焚き火サイド卓)・group-camp-tableと形状別で非カニバリ。楽天供給は記事化前に要確認 ／2026-07-30 skip:楽天供給薄(レビュー15件以上の本体が5点そろわず、温度計/木灰/コーナー天板等が混在)。再挑戦時は要商材再定義	skip	keyword-selection	2026-07-27
B	手ぶらキャンプ	tebura-camp	tent	情報型	初心者・体験志向・道具ゼロ	ASP=hinataレンタル(提携済8%)/variant=rental。手ぶらで始める体験角度。camp-gear-rental(レンタル総論)と検索意図を分ける／done:2026-07-31	done	asp	2026-07-29
B	ファミリーキャンプ道具レンタル	family-gear-rental	tent	比較型	ファミリー・年数回・大物負担軽減	ASP=hinataレンタル(提携済8%)/variant=rental。家族向けセット角度。対象読者で非カニバリ ｜2026-08-05公開(hinataレンタル/variant=rental。camp-gear-rentalと家族軸で差別化)	done	asp	2026-07-29
B	キャンプ用品ふるさと納税	camp-furusato	cookware	情報型	中級・返礼品でギア入手・節税	ASP=楽天ふるさと納税(即利用可・楽天アフィリrafcid)/variant=furusato。さとふる(A8)は審査中。返礼品総論・秋冬需要	pending	asp	2026-07-29
B	焚き火台ふるさと納税	bonfire-furusato	bonfire	購入型	中級・返礼品・焚き火台	ASP=楽天ふるさと納税/variant=furusato。スノーピ/キャプスタ等の焚き火台返礼品 / 作成2026-08-06	done	asp	2026-07-29
C	アソビュー体験予約	asoview-experience	chair-table	情報型	ファミリー・レジャー予約	ASP=アソビュー(審査中→承認後に着手・link未発行は作らない)/variant=leisure。category要検討	pending	asp	2026-07-29
A	登山道具レンタル	yamadougu-rental	tent	比較型	登山・富士登山・トレッキング初心者	ASP=やまどうぐレンタル屋(提携済5%)/variant=rental。登山道具レンタル総論。camp(hinata)と別領域で非カニバリ。EPC88.81の実績案件 ／2026-07-30作成(やまどうぐレンタル屋・variant=rental)	done	asp	2026-07-29
A	テントふるさと納税	tent-furusato	tent	購入型	中級・返礼品でテント入手・秋冬前倒し	ASP=楽天ふるさと納税(即利用可)/variant=furusato。スノーピーク/コールマン/DOD等のテント返礼品。具体自治体・寄付額は創作せず楽天ふるさと納税のテント検索へ誘導／done:2026-07-31	done	asp	2026-07-29
A	クーラーボックスふるさと納税	cooler-furusato	cookware	購入型	中級・返礼品・保冷	ASP=楽天ふるさと納税/variant=furusato。ダイワ/シマノ/YETI級の高額クーラーは控除メリット大。楽天ふるさと納税のクーラー検索へ	done	asp	2026-07-29	drafted 2026-07-31(楽天ふるさと納税variant=furusato・サービス構造+CalloutCtaMdx1本。既存power-furusato/tent-furusatoと対象カテゴリ別で非カニバリ。断熱方式/容量/控除上限の制度説明+楽天ふるさと納税クーラー検索へ誘導・具体自治体/寄付額は創作せず)
A	チェアテーブルふるさと納税	chair-table-furusato	chair-table	購入型	中級・返礼品・リビング	ASP=楽天ふるさと納税/variant=furusato。ヘリノックス級/キャプスタ等のアウトドアチェア・テーブル返礼品。楽天ふるさと納税の該当検索へ ／drafted 2026-08-03(楽天ふるさと納税variant=furusato・サービス構造+CalloutCtaMdx1本。既存cooler/power/tent-furusatoとカテゴリ別で非カニバリ。控除の仕組み/寄付上限/ワンストップ特例の制度説明+楽天ふるさと納税アウトドアチェア検索へ誘導・具体自治体/寄付額は創作せず)	done	asp	2026-07-29
A	ポータブル電源ふるさと納税	power-furusato	power	購入型	中級〜上級・高額返礼品・控除大	ASP=楽天ふるさと納税/variant=furusato。高額=控除枠を活かせる目玉。Jackery/EcoFlow/BLUETTIの返礼品。BLUETTI(A8)物販とも補完／done:2026-07-31	done	asp	2026-07-29
A	ふるさと納税キャンプ用品いつ限度額	furusato-camp-guide	tent	情報型	初心者・制度理解・限度額シミュ	ASP=楽天ふるさと納税/variant=furusato。情報型ピラー(制度・時期・限度額・ワンストップ)。カテゴリ別返礼品記事への内部リンクハブ。camp-furusato(返礼品総論)と役割を分け非カニバリ｜2026-08-04公開ドラフト作成	done	asp	2026-07-29
A	キャンプこたつ	camp-kotatsu	chair-table	購入型	中級・中価格帯・秋冬の暖房卓/お座敷	ラッコ確認2026-07-31:サジェスト109件と需要大。ブランド指名(ニトリ/コールマン/スノーピーク/DOD/ロゴス/アルペン)＋おすすめ/セット/ソロ/折りたたみ、秋冬需要、熱源/天板/布団/ポータブル電源の関連商材cross-sell。DIY(作り方/自作)は109件中で希薄。electric-blanket-camp・焚き火テーブルと別商材で非カニバリ。power記事へ内部リンク。楽天供給要確認	skip	product-scan	2026-07-31	2026-07-31 skip:楽天供給off-intent。『キャンプこたつ』は室内こたつ布団/パネルヒーター/座椅子が大半で、キャンプ専用こたつ本体の実績品が5点そろわず用途一貫性を満たせない。再挑戦時はDOD等ブランド軸+Amazon源で商材再定義が必要
A	グランドシート	ground-sheet	tent	比較型	初〜中級・低〜中価格帯・テント底面保護/結露対策	ラッコ確認2026-07-31:サジェスト42件。購入軸(おすすめ/選び方/コールマン/軽量/耐水圧/大型)あり。ただし代用/いらない/100均/ブルーシートの代替意図も多い→必要性→選び方→おすすめ構成でCVR確保。テント各記事は付属言及のみで専用比較なし=非カニバリ。テント流入から高アタッチ横展開。コールマン/DOD/ロゴス/FIELDOOR/ネイチャーハイクで5選想定	done	product-scan	2026-07-31	drafted 2026-07-31(楽天供給off-intent〔ワンタッチテント/レジャーシート混在・footprint実績薄〕のためAmazon源で作成。GEERTOP防水8000mm¥2999〔6311件〕/TRIWONDER¥1680〔2705〕/ZEN Camps帆布¥5485/GOGlamping420D¥1504/Clostnature多サイズ¥1899。source=amazon+ASIN。実勢1504-5485円)
B	ポータブルクーラー	portable-cooler-aircon	power	比較型	中〜上級・高価格帯・車中泊/猛暑の冷房	ラッコ確認2026-07-31:サジェスト10件と少ないがDIY/代替ノイズ皆無・ブランド指名(アイリスオーヤマ/ニトリ/シロカ/コロナ)＋おすすめ/ランキングの純粋購入意図。高単価=1CV収益大。camp-fan-summer(扇風機)と別商材(冷媒式冷房)で非カニバリ。楽天供給薄の可能性=記事化前に要確認、不足時Amazon源も検討	done	product-scan	2026-07-31	drafted 2026-07-31(楽天API実データ5選:アイリスオーヤマ¥29800/タンスのゲン¥29999/EENOUR¥69990/THREEUP¥25800/QUADS¥24800。コンプレッサー式スポットクーラーで統一・実勢24800-69990円・比較型。冷風扇は除外。ポータブル電源併用前提でpower記事へ内部リンク)
A	石油ストーブ（キャンプ用）	camp-oil-stove	bonfire	比較型	中〜上級・中〜高価格帯・冬キャンプ暖房	楽天供給実確認2026-07-31:rev15件≥30と潤沢(ALPACA¥29920/494件・対流型¥8800/180件等)。対流式/小型石油ストーブ本体で5選可。KW=「石油ストーブ キャンプ」。要フィルタ:ストーブファン/一酸化炭素チェッカー等アクセサリ除外。tent-wood-stove(薪ストーブ)と燃料別商材で非カニバリ。一酸化炭素の安全FAQ必須。冬前需要 ／drafted 2026-08-03(楽天API実データ5選:ALPACA_TS-77NC¥29920/494件・トヨトミ_レインボーRL-2524¥32800/14件・トヨトミKS-67H¥30580/64件・コロナSZ-F32A¥34800/42件・対流型小型R.R.N¥8800/180件。全対流式・電源不要・価格8800-34800円で比率3.95x。一酸化炭素/就寝時消火の安全FAQ必須を反映)	done	product-scan	2026-07-31
B	火消し壺・火消し袋	fire-extinguish-pot	bonfire	購入型	初〜中級・低価格帯・焚き火の後始末/安全	楽天供給実確認2026-07-31:rev15件28(ZEN Camps火消し袋473件/秒速消火壺465件/FIELDOOR152件/グリーンライフ118件)。壺型と袋型が混在するが同用途。fire-tongs(火ばさみ)と別商材で非カニバリ。秋焚き火シーズンの後始末・安全需要｜2026-08-04公開ドラフト作成	done	product-scan	2026-07-31
B	アウトドアブランケット（キャンプ毛布）	outdoor-blanket	sleeping-bag	比較型	初〜中級・低〜中価格帯・防寒/車中泊	楽天供給実確認2026-07-31:rev15件≥30(ホットマン2731件等)。KW=「アウトドア ブランケット」推奨(「キャンプ 毛布」はAPIヒット薄)。防災アルミシートは除外しフリース/ボア毛布で5選。寝袋各記事と別商材(掛ける/羽織る)で非カニバリ。冬防寒需要 ｜2026-08-05:楽天供給off-intent(巻きスカート/電気毛布/防災アルミが上位を占有しフリース/ボア毛布の本体が5点そろわず)。再挑戦時はAmazon源(Rumpl/Coleman/Naturehike/OneTigris等)を検討	skip	product-scan	2026-07-31
B	フィールドラック（アウトドアラック）	field-rack	chair-table	比較型	初〜中級・中価格帯・サイト収納/簡易調理台	楽天供給実確認2026-07-31:rev15件≥30(HIBARI1267件/日本ブランド累計48万個959件等)。KW=「フィールドラック アウトドア」(「キャンプ ラック」はティッシュケース等off-intent)。HIBARI/DOD/ユニフレーム/クイックキャンプ/FIELDOORで5選。テーブル各記事と別商材(棚)で非カニバリ ｜2026-08-05公開(楽天API実5選:HIBARI/ChillCamping/ユニフレーム/キャンピングムーン/PYKES PEAK)	done	product-scan	2026-07-31
C	カセットガスストーブ（アウトドア暖房）	cassette-gas-heater	bonfire	比較型	初〜中級・中価格帯・手軽な暖房	楽天供給実確認2026-07-31:rev15件9とやや薄(イワタニ デカ暖3¥21700/141件・風暖¥13080/123件等)。イワタニ寡占→ブランド占有緩和で本体5選を検討も供給薄のため記事化前に再確認。ガス缶/アクセサリ除外。石油ストーブ(対流式・常設大火力)と暖房でカニバリ注意→角度=手軽/携帯/CB缶で差別化。冬前	pending	product-scan	2026-07-31
A	アウトドアワゴン	outdoor-wagon	chair-table	比較型	初〜中級・中価格帯・大荷物の運搬/積載	旬=秋キャンプ本格化で運搬需要大。コールマン/DOD/クイックキャンプ/FIELDOOR/WAQ/Naturehikeで大型5選可。高CVR定番かつ既存slugになし。ワゴンtype/耐荷重/タイヤで比較 ／drafted 2026-08-03(楽天API実データ5選:コールマン2000034673¥13429/402件・WAQ106L耐荷150kg¥11800/1511件・ライシンEシリーズ最大230L¥13800/2049件・FIELDOOR¥8910/928件・タンスのゲンRENEWノーパンク¥7999/782件。耐荷重/容量/タイヤ/収納で比較・7999-13800円)	done	product-scan	2026-08-03
A	火吹き棒	fire-blower	bonfire	比較型	初〜中級・低〜中価格帯・焚き火の火力調整	旬=秋焚き火シーズン立ち上がりで需要ピーク。hinata17選/my-bestランキング等で需要確認。スノーピーク(逆止弁)/ロゴス(伸縮)/キャプスタ/ThousWinds/CAPTAINSTAGで伸縮・分割type比較。fire-tongs/hand-axeと別商材で非カニバリ｜2026-08-04公開ドラフト作成	done	product-scan	2026-08-03
B	湯たんぽ（キャンプ）	hot-water-bottle	sleeping-bag	比較型	初〜中級・低価格帯・冬の就寝時暖房	旬=冬前の防寒準備。マルカ(直火)/クロシオ/ロゴス/山善/フラップで直火・充電type比較。夜通し使える安全な暖房。outdoor-blanket(掛物)と別商材で非カニバリ。低単価だが検索需要大 ｜2026-08-05公開(outdoor-blanket繰上げ代替。楽天API実5選:マルカ2.5/3.5・Hagoogi・mottole・スリーププラス。お湯/直火＋充電式)	done	product-scan	2026-08-03
B	アウトドア収納ボックス（トランクカーゴ）	gear-storage-box	chair-table	比較型	初〜中級・低〜中価格帯・ギア収納/積載/簡易テーブル	評価:リス トランクカーゴ/アイリスOD BOX/DOD/無印/トラスコで頑丈コンテナ5選可。旬=秋キャンプ本格化。off-intent(家庭内収納)混入に注意しキャンプ用途で選定。記事化前に楽天供給要確認 / 作成2026-08-06	done	product-scan	2026-08-03
B	火起こし器（チャコールスターター）	charcoal-starter	bonfire	比較型	初〜中級・低〜中価格帯・炭/薪の着火時短	旬=秋のBBQ/焚き火。キャプスタ/ロゴス/尾上製作所/ユニフレーム/BUNDOKで煙突type5選可。camp-bbq-grill/焚き火台と着火道具として別商材で非カニバリ。折畳/円柱でサイズ比較 / 作成2026-08-06	done	product-scan	2026-08-03
C	ログキャリー・薪バッグ	log-carrier	bonfire	購入型	初〜中級・低価格帯・薪の運搬/保管	旬=秋冬の薪需要。DOD/キャプスタ/テンマクデザイン/北欧系帆布で5選想定。fire-extinguish-pot同様の焚き火周辺アクセ。ニッチのため記事化前に楽天供給(レビュー数)要確認	pending	product-scan	2026-08-03
B	オスプレー 普段使いリュック	osprey-daily-backpack	backpack	ブランド型	初〜中級・中価格帯・通勤通学/タウン兼用	GSC実データ(28日):「オスプレー リュック 普段使い」42imp/掲載順位8.6・クリック0=page1到達もCTR0%。既存osprey-backpack(キャンプ/登山軸4選)が普段使い意図に非対応で取りこぼし。「オスプレイ デイパック」6/9.0・「オスプレー 日帰りザック」3/9.0・「オスプレイ ストラトス」「オスプレー タロンプロ」等の指名デイパック多数。Daylite/Talon/Arcane/Comet/Stratosデイ等のタウン向けで5選(ブランド軸で占有緩和可)。既存osprey-backpackと普段使い/タウン意図で差別化・内部リンク	pending	keyword-selection	2026-08-03
C	トーチバーナー（ガストーチ）	torch-burner	cookware	比較型	初〜中級・低価格帯・炙り調理/着火	GSC実データ(28日):「マイクロトーチ おすすめ」掲載順位20・「イワタニ トーチ バーナー 違い」17.5。炙り調理・着火用ガストーチは既存の調理コンロ系(soto-burner/iwatani-stove/camp-burner-beginner)と別商材で非カニバリ。SOTO(マイクロトーチ/フィールドチャッカー)/新富士(パワートーチ)/イワタニ(ジュニアバーナー)の寡占→ブランド占有緩和可。低需要・楽天供給は記事化前に要確認	pending	keyword-selection	2026-08-03
