slug,current_title_len,new_title,new_title_len,new_meta,new_meta_len
anker-power,56,"Ankerポータブル電源おすすめ5選【2026】容量別比較",29,"リン酸鉄で長寿命10年のAnkerポータブル電源を容量別に厳選。実勢9.9万〜17万円の5モデルをC800からF1200まで出力で比較し、車中泊・防災に合う一台がわかります。",87
barebones-light,42,"ベアボーンズのランタンおすすめ4選【2026】エジソン比較",29,"おしゃれなアンティーク調LEDで人気のベアボーンズのランタンを厳選。実勢3,300〜8,800円のエジソン・ビーコンなど4モデルを比較し、雰囲気づくりに合う一台がわかります。",87
backpack-large,34,"大容量リュックおすすめ5選【2026】60L前後で選ぶ",27,"荷物をまとめて運べる大容量リュックを容量別に厳選。tousen 65LやHAWK GEAR 80Lなど実勢3,680〜8,082円の5製品を背負い心地で比較。防災にも合う一本です。",90
bluetti-power,51,"BLUETTIポータブル電源おすすめ5選【2026】容量別比較",31,"リン酸鉄で長寿命のBLUETTIポータブル電源を容量別に厳選。AC70・AC180・AORAなど実勢3.2万〜13.9万円の5モデルを比較し、車中泊・防災に合う一台がわかります。",89
bonfire-stand-beginner,29,"焚き火台初心者おすすめ5選【2026】選び方も解説",25,"はじめての焚き火台を、サイズ・素材・収納性・価格で失敗なく選べる初心者向けガイド。アイリスオーヤマの折りたたみグリルなどおすすめ5選を価格帯別に比較し、最初の一台がわかります。",88
camp-backpack-beginner,37,"キャンプ用バックパックおすすめ5選【2026】容量・背負い比較",31,"容量・防水・背負いやすさで失敗しないキャンプ用バックパックを厳選。40〜80Lの大容量防水タイプからタクティカル系まで5製品を比較。ソロからツーリング向けまでわかります。",85
bonfire-stand-solo,31,"ソロ焚き火台おすすめ5選【2026】軽量コンパクト",25,"ソロやバイクツーリングに最適な軽量コンパクトな焚き火台を厳選。楽天1位のTokyoCampやチタン製OneTigrisなど5製品を重量・収納で比較し、持ち運べる相棒がわかります。",89
camp-backpack-capacity-guide,36,"キャンプリュックの容量目安【2026】装備から逆算",25,"キャンプ用リュックの容量は装備から逆算するのが正解。早見表で必要容量に即答でき、3シーズンのソロは実用40〜50Lが目安。冬は+10〜15Lまで初心者向けにわかります。",84
camp-chair-highback,36,"ハイバックチェアおすすめ5選【2026】くつろぎ重視",26,"頭までしっかり預けられるハイバックチェアを座り心地で厳選。ポンコタンの超軽量やモダンデコ、OneTigrisなど5製品を比較し、極上のくつろぎ時間がわかります。",80
camp-chair-lightweight,44,"軽量キャンプチェアおすすめ5選【2026】ソロに最適",26,"重量・耐荷重・座り心地・収納で選ぶ軽量キャンプチェアを厳選。ポンコタンの超軽量やMoon Lenceの907g極軽など5製品を比較。徒歩・バイクキャンプ向けの一脚がわかります。",88
camp-cooker-beginner,40,"キャンプ用クッカー初心者おすすめ5選【2026】選び方も解説",30,"素材・容量・スタッキング・価格で選ぶ初心者向けキャンプ用クッカーを厳選。スノーピークの永久保証アルミやTITAN MANIAのチタン製など5製品を比較し、ソロ〜3人向けがわかります。",90
camp-cooler-box-beginner,42,"キャンプ用クーラーボックスおすすめ5選【2026】保冷力比較",30,"保冷力・容量・重量・コスパで失敗しないキャンプ用クーラーボックスを厳選。アイリスオーヤマの真空断熱HUGELやロゴスの氷点下クーラーなど5製品を比較。日帰り〜泊まり向けがわかります。",90
camp-bbq-grill,35,"キャンプ用BBQグリルおすすめ5選【2026】人数別に解説",29,"ソロから大人数まで人数別に選ぶキャンプ用BBQグリル・焚き火台を厳選。Gaobabuや尾上製作所、スノーピークなど5製品を比較し、人数に合う最適な一台と使い方がわかります。",85
camp-burner-beginner,33,"キャンプ用バーナー初心者おすすめ5選【2026】予算別に比較",30,"火力・重量・燃料・点火方式で選ぶ初心者向けキャンプ用バーナーを厳選。イワタニCB-JCBやSOTOアミカス・ST-310など人気5製品を予算別に比較し、はじめての一台がわかります。",89
camp-fan-summer,33,"夏キャンプの暑さ対策【2026】充電式扇風機おすすめ",26,"テント内の熱気と寝苦しさを解決する充電式扇風機の選び方を解説。バッテリー容量・DCモーター・首振りで比較し、5,280円〜の人気モデルを用途別に紹介。夏の暑さ対策がわかります。",88
camp-cooler-box-overall,33,"クーラーボックスおすすめ5選【2026】保冷力で選ぶ",26,"保冷力重視でキャンプ用クーラーボックスを厳選。アイリスオーヤマHUGEL真空断熱シリーズやLOGOSハイパー氷点下クーラーMなど5選を容量・用途別に比較し、最適な一台がわかります。",89
camp-cooler-soft,34,"ソフトクーラーボックスおすすめ5選【2026】軽量重視",27,"軽くて持ち運びやすいソフトクーラーボックスを容量別に厳選。WAQ 42Lの大容量から9Lの超軽量ミニまで5製品を断熱構造・保冷力で比較。ソロのピクニック〜ファミリー向けがわかります。",90
bonfire-sheet,30,"焚き火シートおすすめ5選【2026】地面を守る防火シート",28,"焚き火で地面を焦がさない焚き火シートを厳選。ZEN Campsや山麓工房など実勢840〜3,980円の5枚を素材・サイズ・耐熱性で比較。芝生サイトのマナーを守れます。",83
camp-rainwear,41,"キャンプ用レインウェアおすすめ5選【2026】梅雨〜夏",27,"耐水圧・透湿性・形状・携帯性で選ぶキャンプ用レインウェアを厳選。上下セット3,500円からミズノ ベルグテックEX 15,840円まで5製品を比較し、梅雨〜夏に活躍します。",86
camp-portable-power-beginner,40,"キャンプ用ポータブル電源おすすめ5選【2026】容量比較",28,"容量・最大出力・充電速度・重量で選ぶキャンプ用ポータブル電源を厳選。RIVER 2やDELTA 3など256〜1000Whの5製品を比較。車中泊・防災向けがわかります。",84
camp-sleeping-bag-temperature-guide,33,"キャンプシュラフ温度の選び方【2026】季節別ガイド",26,"キャンプ用シュラフの温度表記の読み方と季節別の適正温度をやさしく解説。EN13537規格の快適温度・限界温度の意味から、春夏秋冬に合うシュラフ選びまで初心者向けにわかります。",87
camp-skillet,35,"スキレットおすすめ5選【2026】キャンプ料理が映える鉄鍋",29,"アツアツのまま食卓に出せるスキレット（鉄フライパン）を厳選。シーズニング不要のキャプテンスタッグやBarebonesなど実勢1,788〜3,399円の5台をサイズ・素材で比較。",88
camp-sleeping-mat,32,"キャンプ用マットおすすめ5選【2026】快眠の選び方",26,"厚さ・R値・収納サイズ・価格で選ぶキャンプ用マットを厳選。Bears Rockの5cm自動膨張式やR値8.93の高断熱8cmなど5製品を比較。季節や寝姿勢に合う一枚がわかります。",89
camp-headlight-beginner,41,"キャンプ用ヘッドライトおすすめ5選【2026】明るさ比較",28,"明るさ・防水等級・電源方式・重量で選ぶキャンプ用ヘッドライトを厳選。32gの乾電池式SC-200Bやセンサー点灯のSR-01Lなど5製品を比較し、初めての一本がわかります。",85
camp-hammock,32,"自立式ハンモックおすすめ5選【2026】スタンド付き",26,"木がなくても使える自立式ハンモックを厳選。a.depecheの3way5点セットやGroovyなど実勢8,000〜20,790円の5製品を比較。室内も屋外も手軽にくつろげます。",88
camp-pillow,29,"キャンプ枕おすすめ5選【2026】携帯性・寝心地で選ぶ",27,"キャンプの快眠を支える枕を厳選。Kom&Komのカバー付きエアピローやWAQの自動膨張式など実勢1,700〜3,980円の5製品を寝心地で比較し、テント泊の寝心地が変わります。",88
camp-grill-plate,32,"キャンプ用グリルプレートおすすめ5選【2026】焚き火の相棒",30,"サイズ・素材・互換性・重量で選ぶキャンプ用グリルプレートを厳選。ZEOORのスタンドやキャプテンスタッグのラウンドプレートなど人気5製品を比較し、焚き火調理を格上げできます。",87
camp-lantern-led,40,"キャンプ用LEDランタンおすすめ5選【2026】明るさ比較",29,"明るさ・電源方式・防水性・デザインで選ぶキャンプ用LEDランタンを厳選。Soomloom Helio5000や1,000lmのラドウェザーなど5製品を比較し、サイト照明に最適です。",90
camp-knife-beginner,33,"キャンプ用ナイフ初心者おすすめ5選【2026】選び方も解説",29,"刃の素材・刃長・収納方式・安全性で選ぶ初心者向けキャンプ用ナイフを厳選。フルタングのベルモントBMやキャプテンスタッグの折込包丁など5製品を比較し、料理向けの一本がわかります。",87
camp-kettle-recommend,35,"アウトドアケトルおすすめ5選【2026】直火対応・容量",27,"湯沸かしに欠かせないアウトドアケトルを厳選。キャンピングムーンのアルミ直火モデルやVASTLAND 1.3Lなど実勢1,600〜4,500円の5製品を容量・素材で比較します。",87
